
Loading design for application trce from file zen68060firmware_impl1.ncd.
Design name: ZenMainLogic
NCD version: 3.3
Vendor:      LATTICE
Device:      LCMXO2-7000HC
Package:     TQFP144
Performance: 6
Loading device for application trce from file 'xo2c7000.nph' in environment: C:/lscc/diamond/3.14/ispfpga.
Package Status:                     Final          Version 1.39.
Performance Hardware Data Status:   Final          Version 36.4.
Setup and Hold Report

--------------------------------------------------------------------------------
Lattice TRACE Report - Setup, Version Diamond (64-bit) 3.14.0.75.2
Sat Oct 03 20:12:54 2026

Copyright (c) 1991-1994 by NeoCAD Inc. All rights reserved.
Copyright (c) 1995 AT&T Corp.   All rights reserved.
Copyright (c) 1995-2001 Lucent Technologies Inc.  All rights reserved.
Copyright (c) 2001 Agere Systems   All rights reserved.
Copyright (c) 2002-2024 Lattice Semiconductor Corporation,  All rights reserved.

Report Information
------------------
Command line:    trce -v 10 -gt -sethld -sp 6 -sphld m -o Zen68060Firmware_impl1.twr -gui -msgset C:/lscc/diamond/3.14/bin/nt64/Zen68060Firmware/promote.xml Zen68060Firmware_impl1.ncd Zen68060Firmware_impl1.prf 
Design file:     zen68060firmware_impl1.ncd
Preference file: zen68060firmware_impl1.prf
Device,speed:    LCMXO2-7000HC,6
Report level:    verbose report, limited to 10 items per preference
--------------------------------------------------------------------------------

BLOCK ASYNCPATHS
BLOCK RESETPATHS
--------------------------------------------------------------------------------


Derating parameters
-------------------
VCCIO Voltage:
                   3.300 V (Bank 0, defined by PAR)
                   3.300 V (Bank 1, defined by PAR)
                   3.300 V (Bank 2)
                   3.300 V (Bank 3, defined by PAR)
                   3.300 V (Bank 4)
                   3.300 V (Bank 5)
                   2.500 V (Bank 6)
                   2.500 V (Bank 7)



================================================================================
Preference: FREQUENCY NET "CLK_c" 50.000000 MHz ;
            14 items scored, 7 timing errors detected.
--------------------------------------------------------------------------------


Error: The following path exceeds requirements by 3.253ns (weighted slack = -13.012ns)

 Logical Details:  Cell type  Pin type       Cell/ASIC name  (clock net +/-)

   Source:         FF         Q              u_RAM_Line_CS_TA/u_SR_LINE_RAMS_CS/shift_reg_i15  (from CLKOS2 +)
   Destination:    FF         Data in        u_RAM_Line_CS_TA/loadCS_27  (to CLK_c +)

   Delay:               2.697ns  (43.9% logic, 56.1% route), 3 logic levels.

 Constraint Details:

      2.697ns physical path delay u_RAM_Line_CS_TA/u_SR_LINE_RAMS_CS/SLICE_71 to SLICE_47 exceeds
      5.000ns delay constraint less
      6.068ns skew and
     -0.770ns feedback compensation and
      0.258ns M_SET requirement (totaling -0.556ns) by 3.253ns

 Physical Path Details:

      Data path u_RAM_Line_CS_TA/u_SR_LINE_RAMS_CS/SLICE_71 to SLICE_47:

   Name    Fanout   Delay (ns)          Site               Resource
REG_DEL     ---     0.367     R2C17D.CLK to      R2C17D.Q1 u_RAM_Line_CS_TA/u_SR_LINE_RAMS_CS/SLICE_71 (from CLKOS2)
ROUTE         2     0.493      R2C17D.Q1 to      R2C16B.D0 RAM_LINE_CS_END
CTOF_DEL    ---     0.408      R2C16B.D0 to      R2C16B.F0 SLICE_17
ROUTE         2     0.250      R2C16B.F0 to      R2C16C.D0 n588
CTOF_DEL    ---     0.408      R2C16C.D0 to      R2C16C.F0 SLICE_6
ROUTE         2     0.771      R2C16C.F0 to      R2C15B.M1 loadCS_N_81 (to CLK_c)
                  --------
                    2.697   (43.9% logic, 56.1% route), 3 logic levels.

 Clock Skew Details: 

      Source Clock Path CLK to u_RAM_Line_CS_TA/u_SR_LINE_RAMS_CS/SLICE_71:

   Name    Fanout   Delay (ns)          Site               Resource
PADI_DEL    ---     1.077         92.PAD to       92.PADDI CLK
ROUTE         7     2.140       92.PADDI to      RPLL.CLKI CLK_c
CLKI2OS2_D  ---     4.375      RPLL.CLKI to    RPLL.CLKOS2 u_ZenPLL/PLLInst_0
ROUTE        32     1.560    RPLL.CLKOS2 to     R2C17D.CLK CLKOS2
                  --------
                    9.152   (59.6% logic, 40.4% route), 2 logic levels.

      Source Clock f/b:

   Name    Fanout   Delay (ns)          Site               Resource
CLKFB2OP_D  ---     0.000     RPLL.CLKFB to     RPLL.CLKOP u_ZenPLL/PLLInst_0
ROUTE         1     0.770     RPLL.CLKOP to     RPLL.CLKFB u_ZenPLL/CLKOP
                  --------
                    0.770   (0.0% logic, 100.0% route), 1 logic levels.

      Destination Clock Path CLK to SLICE_47:

   Name    Fanout   Delay (ns)          Site               Resource
PADI_DEL    ---     1.077         92.PAD to       92.PADDI CLK
ROUTE         7     2.007       92.PADDI to     R2C15B.CLK CLK_c
                  --------
                    3.084   (34.9% logic, 65.1% route), 1 logic levels.


Error: The following path exceeds requirements by 2.672ns (weighted slack = -10.688ns)

 Logical Details:  Cell type  Pin type       Cell/ASIC name  (clock net +/-)

   Source:         FF         Q              u_ROM_CS_TA/u_SR_ROMS_CS/shift_reg_i10  (from CLKOS2 +)
   Destination:    FF         Data in        u_ROM_CS_TA/loadCS_27  (to CLK_c +)

   Delay:               2.116ns  (36.6% logic, 63.4% route), 2 logic levels.

 Constraint Details:

      2.116ns physical path delay u_ROM_CS_TA/u_SR_ROMS_CS/SLICE_56 to SLICE_5 exceeds
      5.000ns delay constraint less
      6.068ns skew and
     -0.770ns feedback compensation and
      0.258ns M_SET requirement (totaling -0.556ns) by 2.672ns

 Physical Path Details:

      Data path u_ROM_CS_TA/u_SR_ROMS_CS/SLICE_56 to SLICE_5:

   Name    Fanout   Delay (ns)          Site               Resource
REG_DEL     ---     0.367     R3C12D.CLK to      R3C12D.Q1 u_ROM_CS_TA/u_SR_ROMS_CS/SLICE_56 (from CLKOS2)
ROUTE         5     0.896      R3C12D.Q1 to      R2C15B.D0 ROM_CS_END
CTOF_DEL    ---     0.408      R2C15B.D0 to      R2C15B.F0 SLICE_47
ROUTE         2     0.445      R2C15B.F0 to      R2C15D.M1 loadCS_N_149 (to CLK_c)
                  --------
                    2.116   (36.6% logic, 63.4% route), 2 logic levels.

 Clock Skew Details: 

      Source Clock Path CLK to u_ROM_CS_TA/u_SR_ROMS_CS/SLICE_56:

   Name    Fanout   Delay (ns)          Site               Resource
PADI_DEL    ---     1.077         92.PAD to       92.PADDI CLK
ROUTE         7     2.140       92.PADDI to      RPLL.CLKI CLK_c
CLKI2OS2_D  ---     4.375      RPLL.CLKI to    RPLL.CLKOS2 u_ZenPLL/PLLInst_0
ROUTE        32     1.560    RPLL.CLKOS2 to     R3C12D.CLK CLKOS2
                  --------
                    9.152   (59.6% logic, 40.4% route), 2 logic levels.

      Source Clock f/b:

   Name    Fanout   Delay (ns)          Site               Resource
CLKFB2OP_D  ---     0.000     RPLL.CLKFB to     RPLL.CLKOP u_ZenPLL/PLLInst_0
ROUTE         1     0.770     RPLL.CLKOP to     RPLL.CLKFB u_ZenPLL/CLKOP
                  --------
                    0.770   (0.0% logic, 100.0% route), 1 logic levels.

      Destination Clock Path CLK to SLICE_5:

   Name    Fanout   Delay (ns)          Site               Resource
PADI_DEL    ---     1.077         92.PAD to       92.PADDI CLK
ROUTE         7     2.007       92.PADDI to     R2C15D.CLK CLK_c
                  --------
                    3.084   (34.9% logic, 65.1% route), 1 logic levels.


Error: The following path exceeds requirements by 2.365ns (weighted slack = -9.460ns)

 Logical Details:  Cell type  Pin type       Cell/ASIC name  (clock net +/-)

   Source:         FF         Q              u_RAM_Line_CS_TA/u_SR_LINE_RAMS_CS/shift_reg_i15  (from CLKOS2 +)
   Destination:    FF         Data in        u_RAM_Line_CS_TA/int_RAM_LINE_CS_N_29  (to CLK_c +)

   Delay:               1.934ns  (61.2% logic, 38.8% route), 3 logic levels.

 Constraint Details:

      1.934ns physical path delay u_RAM_Line_CS_TA/u_SR_LINE_RAMS_CS/SLICE_71 to SLICE_6 exceeds
      5.000ns delay constraint less
      6.068ns skew and
     -0.770ns feedback compensation and
      0.133ns DIN_SET requirement (totaling -0.431ns) by 2.365ns

 Physical Path Details:

      Data path u_RAM_Line_CS_TA/u_SR_LINE_RAMS_CS/SLICE_71 to SLICE_6:

   Name    Fanout   Delay (ns)          Site               Resource
REG_DEL     ---     0.367     R2C17D.CLK to      R2C17D.Q1 u_RAM_Line_CS_TA/u_SR_LINE_RAMS_CS/SLICE_71 (from CLKOS2)
ROUTE         2     0.493      R2C17D.Q1 to      R2C16B.D0 RAM_LINE_CS_END
CTOF_DEL    ---     0.408      R2C16B.D0 to      R2C16B.F0 SLICE_17
ROUTE         2     0.250      R2C16B.F0 to      R2C16C.D0 n588
CTOF_DEL    ---     0.408      R2C16C.D0 to      R2C16C.F0 SLICE_6
ROUTE         2     0.008      R2C16C.F0 to     R2C16C.DI0 loadCS_N_81 (to CLK_c)
                  --------
                    1.934   (61.2% logic, 38.8% route), 3 logic levels.

 Clock Skew Details: 

      Source Clock Path CLK to u_RAM_Line_CS_TA/u_SR_LINE_RAMS_CS/SLICE_71:

   Name    Fanout   Delay (ns)          Site               Resource
PADI_DEL    ---     1.077         92.PAD to       92.PADDI CLK
ROUTE         7     2.140       92.PADDI to      RPLL.CLKI CLK_c
CLKI2OS2_D  ---     4.375      RPLL.CLKI to    RPLL.CLKOS2 u_ZenPLL/PLLInst_0
ROUTE        32     1.560    RPLL.CLKOS2 to     R2C17D.CLK CLKOS2
                  --------
                    9.152   (59.6% logic, 40.4% route), 2 logic levels.

      Source Clock f/b:

   Name    Fanout   Delay (ns)          Site               Resource
CLKFB2OP_D  ---     0.000     RPLL.CLKFB to     RPLL.CLKOP u_ZenPLL/PLLInst_0
ROUTE         1     0.770     RPLL.CLKOP to     RPLL.CLKFB u_ZenPLL/CLKOP
                  --------
                    0.770   (0.0% logic, 100.0% route), 1 logic levels.

      Destination Clock Path CLK to SLICE_6:

   Name    Fanout   Delay (ns)          Site               Resource
PADI_DEL    ---     1.077         92.PAD to       92.PADDI CLK
ROUTE         7     2.007       92.PADDI to     R2C16C.CLK CLK_c
                  --------
                    3.084   (34.9% logic, 65.1% route), 1 logic levels.


Error: The following path exceeds requirements by 2.110ns (weighted slack = -8.440ns)

 Logical Details:  Cell type  Pin type       Cell/ASIC name  (clock net +/-)

   Source:         FF         Q              u_ROM_CS_TA/u_SR_ROMS_CS/shift_reg_i10  (from CLKOS2 +)
   Destination:    FF         Data in        u_ROM_CS_TA/int_ROM_CS_N_29  (to CLK_c +)

   Delay:               1.679ns  (46.2% logic, 53.8% route), 2 logic levels.

 Constraint Details:

      1.679ns physical path delay u_ROM_CS_TA/u_SR_ROMS_CS/SLICE_56 to SLICE_47 exceeds
      5.000ns delay constraint less
      6.068ns skew and
     -0.770ns feedback compensation and
      0.133ns DIN_SET requirement (totaling -0.431ns) by 2.110ns

 Physical Path Details:

      Data path u_ROM_CS_TA/u_SR_ROMS_CS/SLICE_56 to SLICE_47:

   Name    Fanout   Delay (ns)          Site               Resource
REG_DEL     ---     0.367     R3C12D.CLK to      R3C12D.Q1 u_ROM_CS_TA/u_SR_ROMS_CS/SLICE_56 (from CLKOS2)
ROUTE         5     0.896      R3C12D.Q1 to      R2C15B.D0 ROM_CS_END
CTOF_DEL    ---     0.408      R2C15B.D0 to      R2C15B.F0 SLICE_47
ROUTE         2     0.008      R2C15B.F0 to     R2C15B.DI0 loadCS_N_149 (to CLK_c)
                  --------
                    1.679   (46.2% logic, 53.8% route), 2 logic levels.

 Clock Skew Details: 

      Source Clock Path CLK to u_ROM_CS_TA/u_SR_ROMS_CS/SLICE_56:

   Name    Fanout   Delay (ns)          Site               Resource
PADI_DEL    ---     1.077         92.PAD to       92.PADDI CLK
ROUTE         7     2.140       92.PADDI to      RPLL.CLKI CLK_c
CLKI2OS2_D  ---     4.375      RPLL.CLKI to    RPLL.CLKOS2 u_ZenPLL/PLLInst_0
ROUTE        32     1.560    RPLL.CLKOS2 to     R3C12D.CLK CLKOS2
                  --------
                    9.152   (59.6% logic, 40.4% route), 2 logic levels.

      Source Clock f/b:

   Name    Fanout   Delay (ns)          Site               Resource
CLKFB2OP_D  ---     0.000     RPLL.CLKFB to     RPLL.CLKOP u_ZenPLL/PLLInst_0
ROUTE         1     0.770     RPLL.CLKOP to     RPLL.CLKFB u_ZenPLL/CLKOP
                  --------
                    0.770   (0.0% logic, 100.0% route), 1 logic levels.

      Destination Clock Path CLK to SLICE_47:

   Name    Fanout   Delay (ns)          Site               Resource
PADI_DEL    ---     1.077         92.PAD to       92.PADDI CLK
ROUTE         7     2.007       92.PADDI to     R2C15B.CLK CLK_c
                  --------
                    3.084   (34.9% logic, 65.1% route), 1 logic levels.


Error: The following path exceeds requirements by 1.969ns (weighted slack = -7.876ns)

 Logical Details:  Cell type  Pin type       Cell/ASIC name  (clock net +/-)

   Source:         FF         Q              u_ROM_CS_TA/u_SR_ROMS_CS/shift_reg_i10  (from CLKOS2 +)
   Destination:    FF         Data in        u_ROM_CS_TA/state_26  (to CLK_c +)

   Delay:               1.538ns  (50.4% logic, 49.6% route), 2 logic levels.

 Constraint Details:

      1.538ns physical path delay u_ROM_CS_TA/u_SR_ROMS_CS/SLICE_56 to SLICE_18 exceeds
      5.000ns delay constraint less
      6.068ns skew and
     -0.770ns feedback compensation and
      0.133ns DIN_SET requirement (totaling -0.431ns) by 1.969ns

 Physical Path Details:

      Data path u_ROM_CS_TA/u_SR_ROMS_CS/SLICE_56 to SLICE_18:

   Name    Fanout   Delay (ns)          Site               Resource
REG_DEL     ---     0.367     R3C12D.CLK to      R3C12D.Q1 u_ROM_CS_TA/u_SR_ROMS_CS/SLICE_56 (from CLKOS2)
ROUTE         5     0.763      R3C12D.Q1 to      R3C15B.D0 ROM_CS_END
CTOF_DEL    ---     0.408      R3C15B.D0 to      R3C15B.F0 SLICE_18
ROUTE         1     0.000      R3C15B.F0 to     R3C15B.DI0 state_N_142 (to CLK_c)
                  --------
                    1.538   (50.4% logic, 49.6% route), 2 logic levels.

 Clock Skew Details: 

      Source Clock Path CLK to u_ROM_CS_TA/u_SR_ROMS_CS/SLICE_56:

   Name    Fanout   Delay (ns)          Site               Resource
PADI_DEL    ---     1.077         92.PAD to       92.PADDI CLK
ROUTE         7     2.140       92.PADDI to      RPLL.CLKI CLK_c
CLKI2OS2_D  ---     4.375      RPLL.CLKI to    RPLL.CLKOS2 u_ZenPLL/PLLInst_0
ROUTE        32     1.560    RPLL.CLKOS2 to     R3C12D.CLK CLKOS2
                  --------
                    9.152   (59.6% logic, 40.4% route), 2 logic levels.

      Source Clock f/b:

   Name    Fanout   Delay (ns)          Site               Resource
CLKFB2OP_D  ---     0.000     RPLL.CLKFB to     RPLL.CLKOP u_ZenPLL/PLLInst_0
ROUTE         1     0.770     RPLL.CLKOP to     RPLL.CLKFB u_ZenPLL/CLKOP
                  --------
                    0.770   (0.0% logic, 100.0% route), 1 logic levels.

      Destination Clock Path CLK to SLICE_18:

   Name    Fanout   Delay (ns)          Site               Resource
PADI_DEL    ---     1.077         92.PAD to       92.PADDI CLK
ROUTE         7     2.007       92.PADDI to     R3C15B.CLK CLK_c
                  --------
                    3.084   (34.9% logic, 65.1% route), 1 logic levels.


Error: The following path exceeds requirements by 1.969ns (weighted slack = -7.876ns)

 Logical Details:  Cell type  Pin type       Cell/ASIC name  (clock net +/-)

   Source:         FF         Q              u_ROM_CS_TA/u_SR_ROMS_CS/shift_reg_i10  (from CLKOS2 +)
   Destination:    FF         Data in        u_ROM_CS_TA/loadTA_28  (to CLK_c +)

   Delay:               1.538ns  (50.4% logic, 49.6% route), 2 logic levels.

 Constraint Details:

      1.538ns physical path delay u_ROM_CS_TA/u_SR_ROMS_CS/SLICE_56 to SLICE_49 exceeds
      5.000ns delay constraint less
      6.068ns skew and
     -0.770ns feedback compensation and
      0.133ns DIN_SET requirement (totaling -0.431ns) by 1.969ns

 Physical Path Details:

      Data path u_ROM_CS_TA/u_SR_ROMS_CS/SLICE_56 to SLICE_49:

   Name    Fanout   Delay (ns)          Site               Resource
REG_DEL     ---     0.367     R3C12D.CLK to      R3C12D.Q1 u_ROM_CS_TA/u_SR_ROMS_CS/SLICE_56 (from CLKOS2)
ROUTE         5     0.763      R3C12D.Q1 to      R3C15D.D0 ROM_CS_END
CTOF_DEL    ---     0.408      R3C15D.D0 to      R3C15D.F0 SLICE_49
ROUTE         1     0.000      R3C15D.F0 to     R3C15D.DI0 loadTA_N_146 (to CLK_c)
                  --------
                    1.538   (50.4% logic, 49.6% route), 2 logic levels.

 Clock Skew Details: 

      Source Clock Path CLK to u_ROM_CS_TA/u_SR_ROMS_CS/SLICE_56:

   Name    Fanout   Delay (ns)          Site               Resource
PADI_DEL    ---     1.077         92.PAD to       92.PADDI CLK
ROUTE         7     2.140       92.PADDI to      RPLL.CLKI CLK_c
CLKI2OS2_D  ---     4.375      RPLL.CLKI to    RPLL.CLKOS2 u_ZenPLL/PLLInst_0
ROUTE        32     1.560    RPLL.CLKOS2 to     R3C12D.CLK CLKOS2
                  --------
                    9.152   (59.6% logic, 40.4% route), 2 logic levels.

      Source Clock f/b:

   Name    Fanout   Delay (ns)          Site               Resource
CLKFB2OP_D  ---     0.000     RPLL.CLKFB to     RPLL.CLKOP u_ZenPLL/PLLInst_0
ROUTE         1     0.770     RPLL.CLKOP to     RPLL.CLKFB u_ZenPLL/CLKOP
                  --------
                    0.770   (0.0% logic, 100.0% route), 1 logic levels.

      Destination Clock Path CLK to SLICE_49:

   Name    Fanout   Delay (ns)          Site               Resource
PADI_DEL    ---     1.077         92.PAD to       92.PADDI CLK
ROUTE         7     2.007       92.PADDI to     R3C15D.CLK CLK_c
                  --------
                    3.084   (34.9% logic, 65.1% route), 1 logic levels.


Error: The following path exceeds requirements by 1.707ns (weighted slack = -6.828ns)

 Logical Details:  Cell type  Pin type       Cell/ASIC name  (clock net +/-)

   Source:         FF         Q              u_RAM_Line_CS_TA/u_SR_LINE_RAMS_CS/shift_reg_i15  (from CLKOS2 +)
   Destination:    FF         Data in        u_RAM_Line_CS_TA/state_26  (to CLK_c +)

   Delay:               1.276ns  (60.7% logic, 39.3% route), 2 logic levels.

 Constraint Details:

      1.276ns physical path delay u_RAM_Line_CS_TA/u_SR_LINE_RAMS_CS/SLICE_71 to SLICE_17 exceeds
      5.000ns delay constraint less
      6.068ns skew and
     -0.770ns feedback compensation and
      0.133ns DIN_SET requirement (totaling -0.431ns) by 1.707ns

 Physical Path Details:

      Data path u_RAM_Line_CS_TA/u_SR_LINE_RAMS_CS/SLICE_71 to SLICE_17:

   Name    Fanout   Delay (ns)          Site               Resource
REG_DEL     ---     0.367     R2C17D.CLK to      R2C17D.Q1 u_RAM_Line_CS_TA/u_SR_LINE_RAMS_CS/SLICE_71 (from CLKOS2)
ROUTE         2     0.493      R2C17D.Q1 to      R2C16B.D0 RAM_LINE_CS_END
CTOF_DEL    ---     0.408      R2C16B.D0 to      R2C16B.F0 SLICE_17
ROUTE         2     0.008      R2C16B.F0 to     R2C16B.DI0 n588 (to CLK_c)
                  --------
                    1.276   (60.7% logic, 39.3% route), 2 logic levels.

 Clock Skew Details: 

      Source Clock Path CLK to u_RAM_Line_CS_TA/u_SR_LINE_RAMS_CS/SLICE_71:

   Name    Fanout   Delay (ns)          Site               Resource
PADI_DEL    ---     1.077         92.PAD to       92.PADDI CLK
ROUTE         7     2.140       92.PADDI to      RPLL.CLKI CLK_c
CLKI2OS2_D  ---     4.375      RPLL.CLKI to    RPLL.CLKOS2 u_ZenPLL/PLLInst_0
ROUTE        32     1.560    RPLL.CLKOS2 to     R2C17D.CLK CLKOS2
                  --------
                    9.152   (59.6% logic, 40.4% route), 2 logic levels.

      Source Clock f/b:

   Name    Fanout   Delay (ns)          Site               Resource
CLKFB2OP_D  ---     0.000     RPLL.CLKFB to     RPLL.CLKOP u_ZenPLL/PLLInst_0
ROUTE         1     0.770     RPLL.CLKOP to     RPLL.CLKFB u_ZenPLL/CLKOP
                  --------
                    0.770   (0.0% logic, 100.0% route), 1 logic levels.

      Destination Clock Path CLK to SLICE_17:

   Name    Fanout   Delay (ns)          Site               Resource
PADI_DEL    ---     1.077         92.PAD to       92.PADDI CLK
ROUTE         7     2.007       92.PADDI to     R2C16B.CLK CLK_c
                  --------
                    3.084   (34.9% logic, 65.1% route), 1 logic levels.


Passed: The following path meets requirements by 17.016ns

 Logical Details:  Cell type  Pin type       Cell/ASIC name  (clock net +/-)

   Source:         FF         Q              u_RAM_Line_CS_TA/state_26  (from CLK_c +)
   Destination:    FF         Data in        u_RAM_Line_CS_TA/loadCS_27  (to CLK_c +)

   Delay:               2.726ns  (43.4% logic, 56.6% route), 3 logic levels.

 Constraint Details:

      2.726ns physical path delay SLICE_17 to SLICE_47 meets
     20.000ns delay constraint less
      0.000ns skew and
      0.258ns M_SET requirement (totaling 19.742ns) by 17.016ns

 Physical Path Details:

      Data path SLICE_17 to SLICE_47:

   Name    Fanout   Delay (ns)          Site               Resource
REG_DEL     ---     0.367     R2C16B.CLK to      R2C16B.Q0 SLICE_17 (from CLK_c)
ROUTE         1     0.522      R2C16B.Q0 to      R2C16B.A0 state
CTOF_DEL    ---     0.408      R2C16B.A0 to      R2C16B.F0 SLICE_17
ROUTE         2     0.250      R2C16B.F0 to      R2C16C.D0 n588
CTOF_DEL    ---     0.408      R2C16C.D0 to      R2C16C.F0 SLICE_6
ROUTE         2     0.771      R2C16C.F0 to      R2C15B.M1 loadCS_N_81 (to CLK_c)
                  --------
                    2.726   (43.4% logic, 56.6% route), 3 logic levels.

 Clock Skew Details: 

      Source Clock Path CLK to SLICE_17:

   Name    Fanout   Delay (ns)          Site               Resource
ROUTE         7     2.007       92.PADDI to     R2C16B.CLK CLK_c
                  --------
                    2.007   (0.0% logic, 100.0% route), 0 logic levels.

      Destination Clock Path CLK to SLICE_47:

   Name    Fanout   Delay (ns)          Site               Resource
ROUTE         7     2.007       92.PADDI to     R2C15B.CLK CLK_c
                  --------
                    2.007   (0.0% logic, 100.0% route), 0 logic levels.


Passed: The following path meets requirements by 17.728ns

 Logical Details:  Cell type  Pin type       Cell/ASIC name  (clock net +/-)

   Source:         FF         Q              u_ROM_CS_TA/state_26  (from CLK_c +)
   Destination:    FF         Data in        u_ROM_CS_TA/loadCS_27  (to CLK_c +)

   Delay:               2.014ns  (38.5% logic, 61.5% route), 2 logic levels.

 Constraint Details:

      2.014ns physical path delay SLICE_18 to SLICE_5 meets
     20.000ns delay constraint less
      0.000ns skew and
      0.258ns M_SET requirement (totaling 19.742ns) by 17.728ns

 Physical Path Details:

      Data path SLICE_18 to SLICE_5:

   Name    Fanout   Delay (ns)          Site               Resource
REG_DEL     ---     0.367     R3C15B.CLK to      R3C15B.Q0 SLICE_18 (from CLK_c)
ROUTE         3     0.794      R3C15B.Q0 to      R2C15B.B0 state_adj_158
CTOF_DEL    ---     0.408      R2C15B.B0 to      R2C15B.F0 SLICE_47
ROUTE         2     0.445      R2C15B.F0 to      R2C15D.M1 loadCS_N_149 (to CLK_c)
                  --------
                    2.014   (38.5% logic, 61.5% route), 2 logic levels.

 Clock Skew Details: 

      Source Clock Path CLK to SLICE_18:

   Name    Fanout   Delay (ns)          Site               Resource
ROUTE         7     2.007       92.PADDI to     R3C15B.CLK CLK_c
                  --------
                    2.007   (0.0% logic, 100.0% route), 0 logic levels.

      Destination Clock Path CLK to SLICE_5:

   Name    Fanout   Delay (ns)          Site               Resource
ROUTE         7     2.007       92.PADDI to     R2C15D.CLK CLK_c
                  --------
                    2.007   (0.0% logic, 100.0% route), 0 logic levels.


Passed: The following path meets requirements by 17.904ns

 Logical Details:  Cell type  Pin type       Cell/ASIC name  (clock net +/-)

   Source:         FF         Q              u_RAM_Line_CS_TA/state_26  (from CLK_c +)
   Destination:    FF         Data in        u_RAM_Line_CS_TA/int_RAM_LINE_CS_N_29  (to CLK_c +)

   Delay:               1.963ns  (60.3% logic, 39.7% route), 3 logic levels.

 Constraint Details:

      1.963ns physical path delay SLICE_17 to SLICE_6 meets
     20.000ns delay constraint less
      0.000ns skew and
      0.133ns DIN_SET requirement (totaling 19.867ns) by 17.904ns

 Physical Path Details:

      Data path SLICE_17 to SLICE_6:

   Name    Fanout   Delay (ns)          Site               Resource
REG_DEL     ---     0.367     R2C16B.CLK to      R2C16B.Q0 SLICE_17 (from CLK_c)
ROUTE         1     0.522      R2C16B.Q0 to      R2C16B.A0 state
CTOF_DEL    ---     0.408      R2C16B.A0 to      R2C16B.F0 SLICE_17
ROUTE         2     0.250      R2C16B.F0 to      R2C16C.D0 n588
CTOF_DEL    ---     0.408      R2C16C.D0 to      R2C16C.F0 SLICE_6
ROUTE         2     0.008      R2C16C.F0 to     R2C16C.DI0 loadCS_N_81 (to CLK_c)
                  --------
                    1.963   (60.3% logic, 39.7% route), 3 logic levels.

 Clock Skew Details: 

      Source Clock Path CLK to SLICE_17:

   Name    Fanout   Delay (ns)          Site               Resource
ROUTE         7     2.007       92.PADDI to     R2C16B.CLK CLK_c
                  --------
                    2.007   (0.0% logic, 100.0% route), 0 logic levels.

      Destination Clock Path CLK to SLICE_6:

   Name    Fanout   Delay (ns)          Site               Resource
ROUTE         7     2.007       92.PADDI to     R2C16C.CLK CLK_c
                  --------
                    2.007   (0.0% logic, 100.0% route), 0 logic levels.

Warning:  30.292MHz is the maximum frequency for this preference.


================================================================================
Preference: FREQUENCY NET "CLKOS2" 200.000000 MHz ;
            92 items scored, 0 timing errors detected.
--------------------------------------------------------------------------------


Passed: The following path meets requirements by 0.872ns (weighted slack = 1.744ns)

 Logical Details:  Cell type  Pin type       Cell/ASIC name  (clock net +/-)

   Source:         FF         Q              u_RAM_Line_CS_TA/u_SR_LINE_TA/load_half_13  (from CLKOS2 -)
   Destination:    FF         Data in        u_RAM_Line_CS_TA/u_SR_LINE_TA/load_registered_14  (to CLKOS2 +)

   Delay:               1.370ns  (26.8% logic, 73.2% route), 1 logic levels.

 Constraint Details:

      1.370ns physical path delay u_RAM_Line_CS_TA/SLICE_37 to SLICE_52 meets
      2.500ns delay constraint less
      0.000ns skew and
      0.258ns M_SET requirement (totaling 2.242ns) by 0.872ns

 Physical Path Details:

      Data path u_RAM_Line_CS_TA/SLICE_37 to SLICE_52:

   Name    Fanout   Delay (ns)          Site               Resource
REG_DEL     ---     0.367     R2C17C.CLK to      R2C17C.Q0 u_RAM_Line_CS_TA/SLICE_37 (from CLKOS2)
ROUTE         1     1.003      R2C17C.Q0 to      R3C16C.M1 u_RAM_Line_CS_TA/u_SR_LINE_TA/load_half (to CLKOS2)
                  --------
                    1.370   (26.8% logic, 73.2% route), 1 logic levels.

 Clock Skew Details: 

      Source Clock Path u_ZenPLL/PLLInst_0 to u_RAM_Line_CS_TA/SLICE_37:

   Name    Fanout   Delay (ns)          Site               Resource
ROUTE        32     1.560    RPLL.CLKOS2 to     R2C17C.CLK CLKOS2
                  --------
                    1.560   (0.0% logic, 100.0% route), 0 logic levels.

      Destination Clock Path u_ZenPLL/PLLInst_0 to SLICE_52:

   Name    Fanout   Delay (ns)          Site               Resource
ROUTE        32     1.560    RPLL.CLKOS2 to     R3C16C.CLK CLKOS2
                  --------
                    1.560   (0.0% logic, 100.0% route), 0 logic levels.


Passed: The following path meets requirements by 1.112ns (weighted slack = 2.224ns)

 Logical Details:  Cell type  Pin type       Cell/ASIC name  (clock net +/-)

   Source:         FF         Q              u_ROM_CS_TA/u_SR_TA/load_half_13  (from CLKOS2 -)
   Destination:    FF         Data in        u_ROM_CS_TA/u_SR_TA/load_registered_14  (to CLKOS2 +)

   Delay:               1.130ns  (32.5% logic, 67.5% route), 1 logic levels.

 Constraint Details:

      1.130ns physical path delay u_ROM_CS_TA/SLICE_59 to u_ROM_CS_TA/u_SR_TA/SLICE_61 meets
      2.500ns delay constraint less
      0.000ns skew and
      0.258ns M_SET requirement (totaling 2.242ns) by 1.112ns

 Physical Path Details:

      Data path u_ROM_CS_TA/SLICE_59 to u_ROM_CS_TA/u_SR_TA/SLICE_61:

   Name    Fanout   Delay (ns)          Site               Resource
REG_DEL     ---     0.367     R3C12A.CLK to      R3C12A.Q0 u_ROM_CS_TA/SLICE_59 (from CLKOS2)
ROUTE         1     0.763      R3C12A.Q0 to      R3C11D.M1 u_ROM_CS_TA/u_SR_TA/load_half (to CLKOS2)
                  --------
                    1.130   (32.5% logic, 67.5% route), 1 logic levels.

 Clock Skew Details: 

      Source Clock Path u_ZenPLL/PLLInst_0 to u_ROM_CS_TA/SLICE_59:

   Name    Fanout   Delay (ns)          Site               Resource
ROUTE        32     1.560    RPLL.CLKOS2 to     R3C12A.CLK CLKOS2
                  --------
                    1.560   (0.0% logic, 100.0% route), 0 logic levels.

      Destination Clock Path u_ZenPLL/PLLInst_0 to u_ROM_CS_TA/u_SR_TA/SLICE_61:

   Name    Fanout   Delay (ns)          Site               Resource
ROUTE        32     1.560    RPLL.CLKOS2 to     R3C11D.CLK CLKOS2
                  --------
                    1.560   (0.0% logic, 100.0% route), 0 logic levels.


Passed: The following path meets requirements by 2.283ns

 Logical Details:  Cell type  Pin type       Cell/ASIC name  (clock net +/-)

   Source:         FF         Q              u_RAM_Line_CS_TA/u_SR_LINE_RAMS_CS/load_registered_14  (from CLKOS2 +)
   Destination:    FF         Data in        u_RAM_Line_CS_TA/u_SR_LINE_RAMS_CS/shift_reg_i9  (to CLKOS2 +)

   Delay:               2.584ns  (30.0% logic, 70.0% route), 2 logic levels.

 Constraint Details:

      2.584ns physical path delay SLICE_8 to SLICE_11 meets
      5.000ns delay constraint less
      0.000ns skew and
      0.133ns DIN_SET requirement (totaling 4.867ns) by 2.283ns

 Physical Path Details:

      Data path SLICE_8 to SLICE_11:

   Name    Fanout   Delay (ns)          Site               Resource
REG_DEL     ---     0.367     R2C17B.CLK to      R2C17B.Q1 SLICE_8 (from CLKOS2)
ROUTE        14     1.809      R2C17B.Q1 to      R2C19D.B1 shift_reg_15_N_100_0
CTOF_DEL    ---     0.408      R2C19D.B1 to      R2C19D.F1 SLICE_11
ROUTE         1     0.000      R2C19D.F1 to     R2C19D.DI1 shift_reg_15_N_100_9 (to CLKOS2)
                  --------
                    2.584   (30.0% logic, 70.0% route), 2 logic levels.

 Clock Skew Details: 

      Source Clock Path u_ZenPLL/PLLInst_0 to SLICE_8:

   Name    Fanout   Delay (ns)          Site               Resource
ROUTE        32     1.560    RPLL.CLKOS2 to     R2C17B.CLK CLKOS2
                  --------
                    1.560   (0.0% logic, 100.0% route), 0 logic levels.

      Destination Clock Path u_ZenPLL/PLLInst_0 to SLICE_11:

   Name    Fanout   Delay (ns)          Site               Resource
ROUTE        32     1.560    RPLL.CLKOS2 to     R2C19D.CLK CLKOS2
                  --------
                    1.560   (0.0% logic, 100.0% route), 0 logic levels.


Passed: The following path meets requirements by 2.283ns

 Logical Details:  Cell type  Pin type       Cell/ASIC name  (clock net +/-)

   Source:         FF         Q              u_RAM_Line_CS_TA/u_SR_LINE_RAMS_CS/load_registered_14  (from CLKOS2 +)
   Destination:    FF         Data in        u_RAM_Line_CS_TA/u_SR_LINE_RAMS_CS/shift_reg_i8  (to CLKOS2 +)

   Delay:               2.584ns  (30.0% logic, 70.0% route), 2 logic levels.

 Constraint Details:

      2.584ns physical path delay SLICE_8 to SLICE_11 meets
      5.000ns delay constraint less
      0.000ns skew and
      0.133ns DIN_SET requirement (totaling 4.867ns) by 2.283ns

 Physical Path Details:

      Data path SLICE_8 to SLICE_11:

   Name    Fanout   Delay (ns)          Site               Resource
REG_DEL     ---     0.367     R2C17B.CLK to      R2C17B.Q1 SLICE_8 (from CLKOS2)
ROUTE        14     1.809      R2C17B.Q1 to      R2C19D.B0 shift_reg_15_N_100_0
CTOF_DEL    ---     0.408      R2C19D.B0 to      R2C19D.F0 SLICE_11
ROUTE         1     0.000      R2C19D.F0 to     R2C19D.DI0 shift_reg_15_N_100_8 (to CLKOS2)
                  --------
                    2.584   (30.0% logic, 70.0% route), 2 logic levels.

 Clock Skew Details: 

      Source Clock Path u_ZenPLL/PLLInst_0 to SLICE_8:

   Name    Fanout   Delay (ns)          Site               Resource
ROUTE        32     1.560    RPLL.CLKOS2 to     R2C17B.CLK CLKOS2
                  --------
                    1.560   (0.0% logic, 100.0% route), 0 logic levels.

      Destination Clock Path u_ZenPLL/PLLInst_0 to SLICE_11:

   Name    Fanout   Delay (ns)          Site               Resource
ROUTE        32     1.560    RPLL.CLKOS2 to     R2C19D.CLK CLKOS2
                  --------
                    1.560   (0.0% logic, 100.0% route), 0 logic levels.


Passed: The following path meets requirements by 2.283ns

 Logical Details:  Cell type  Pin type       Cell/ASIC name  (clock net +/-)

   Source:         FF         Q              u_RAM_Line_CS_TA/u_SR_LINE_RAMS_CS/load_registered_14  (from CLKOS2 +)
   Destination:    FF         Data in        u_RAM_Line_CS_TA/u_SR_LINE_RAMS_CS/shift_reg_i6  (to CLKOS2 +)

   Delay:               2.584ns  (30.0% logic, 70.0% route), 2 logic levels.

 Constraint Details:

      2.584ns physical path delay SLICE_8 to SLICE_35 meets
      5.000ns delay constraint less
      0.000ns skew and
      0.133ns DIN_SET requirement (totaling 4.867ns) by 2.283ns

 Physical Path Details:

      Data path SLICE_8 to SLICE_35:

   Name    Fanout   Delay (ns)          Site               Resource
REG_DEL     ---     0.367     R2C17B.CLK to      R2C17B.Q1 SLICE_8 (from CLKOS2)
ROUTE        14     1.809      R2C17B.Q1 to      R2C19B.B1 shift_reg_15_N_100_0
CTOF_DEL    ---     0.408      R2C19B.B1 to      R2C19B.F1 SLICE_35
ROUTE         1     0.000      R2C19B.F1 to     R2C19B.DI1 shift_reg_15_N_100_6 (to CLKOS2)
                  --------
                    2.584   (30.0% logic, 70.0% route), 2 logic levels.

 Clock Skew Details: 

      Source Clock Path u_ZenPLL/PLLInst_0 to SLICE_8:

   Name    Fanout   Delay (ns)          Site               Resource
ROUTE        32     1.560    RPLL.CLKOS2 to     R2C17B.CLK CLKOS2
                  --------
                    1.560   (0.0% logic, 100.0% route), 0 logic levels.

      Destination Clock Path u_ZenPLL/PLLInst_0 to SLICE_35:

   Name    Fanout   Delay (ns)          Site               Resource
ROUTE        32     1.560    RPLL.CLKOS2 to     R2C19B.CLK CLKOS2
                  --------
                    1.560   (0.0% logic, 100.0% route), 0 logic levels.


Passed: The following path meets requirements by 2.283ns

 Logical Details:  Cell type  Pin type       Cell/ASIC name  (clock net +/-)

   Source:         FF         Q              u_RAM_Line_CS_TA/u_SR_LINE_RAMS_CS/load_registered_14  (from CLKOS2 +)
   Destination:    FF         Data in        u_RAM_Line_CS_TA/u_SR_LINE_RAMS_CS/shift_reg_i2  (to CLKOS2 +)

   Delay:               2.584ns  (30.0% logic, 70.0% route), 2 logic levels.

 Constraint Details:

      2.584ns physical path delay SLICE_8 to SLICE_35 meets
      5.000ns delay constraint less
      0.000ns skew and
      0.133ns DIN_SET requirement (totaling 4.867ns) by 2.283ns

 Physical Path Details:

      Data path SLICE_8 to SLICE_35:

   Name    Fanout   Delay (ns)          Site               Resource
REG_DEL     ---     0.367     R2C17B.CLK to      R2C17B.Q1 SLICE_8 (from CLKOS2)
ROUTE        14     1.809      R2C17B.Q1 to      R2C19B.B0 shift_reg_15_N_100_0
CTOF_DEL    ---     0.408      R2C19B.B0 to      R2C19B.F0 SLICE_35
ROUTE         1     0.000      R2C19B.F0 to     R2C19B.DI0 shift_reg_15_N_100_2 (to CLKOS2)
                  --------
                    2.584   (30.0% logic, 70.0% route), 2 logic levels.

 Clock Skew Details: 

      Source Clock Path u_ZenPLL/PLLInst_0 to SLICE_8:

   Name    Fanout   Delay (ns)          Site               Resource
ROUTE        32     1.560    RPLL.CLKOS2 to     R2C17B.CLK CLKOS2
                  --------
                    1.560   (0.0% logic, 100.0% route), 0 logic levels.

      Destination Clock Path u_ZenPLL/PLLInst_0 to SLICE_35:

   Name    Fanout   Delay (ns)          Site               Resource
ROUTE        32     1.560    RPLL.CLKOS2 to     R2C19B.CLK CLKOS2
                  --------
                    1.560   (0.0% logic, 100.0% route), 0 logic levels.


Passed: The following path meets requirements by 2.581ns

 Logical Details:  Cell type  Pin type       Cell/ASIC name  (clock net +/-)

   Source:         FF         Q              u_RAM_Line_CS_TA/u_SR_LINE_RAMS_CS/load_registered_14  (from CLKOS2 +)
   Destination:    FF         Data in        u_RAM_Line_CS_TA/u_SR_LINE_RAMS_CS/shift_reg_i7  (to CLKOS2 +)

   Delay:               2.196ns  (16.7% logic, 83.3% route), 1 logic levels.

 Constraint Details:

      2.196ns physical path delay SLICE_8 to u_RAM_Line_CS_TA/u_SR_LINE_RAMS_CS/SLICE_10 meets
      5.000ns delay constraint less
      0.000ns skew and
      0.223ns LSR_SET requirement (totaling 4.777ns) by 2.581ns

 Physical Path Details:

      Data path SLICE_8 to u_RAM_Line_CS_TA/u_SR_LINE_RAMS_CS/SLICE_10:

   Name    Fanout   Delay (ns)          Site               Resource
REG_DEL     ---     0.367     R2C17B.CLK to      R2C17B.Q1 SLICE_8 (from CLKOS2)
ROUTE        14     1.829      R2C17B.Q1 to     R2C19C.LSR shift_reg_15_N_100_0 (to CLKOS2)
                  --------
                    2.196   (16.7% logic, 83.3% route), 1 logic levels.

 Clock Skew Details: 

      Source Clock Path u_ZenPLL/PLLInst_0 to SLICE_8:

   Name    Fanout   Delay (ns)          Site               Resource
ROUTE        32     1.560    RPLL.CLKOS2 to     R2C17B.CLK CLKOS2
                  --------
                    1.560   (0.0% logic, 100.0% route), 0 logic levels.

      Destination Clock Path u_ZenPLL/PLLInst_0 to u_RAM_Line_CS_TA/u_SR_LINE_RAMS_CS/SLICE_10:

   Name    Fanout   Delay (ns)          Site               Resource
ROUTE        32     1.560    RPLL.CLKOS2 to     R2C19C.CLK CLKOS2
                  --------
                    1.560   (0.0% logic, 100.0% route), 0 logic levels.


Passed: The following path meets requirements by 2.670ns

 Logical Details:  Cell type  Pin type       Cell/ASIC name  (clock net +/-)

   Source:         FF         Q              u_RAM_Line_CS_TA/u_SR_LINE_RAMS_CS/load_registered_14  (from CLKOS2 +)
   Destination:    FF         Data in        u_RAM_Line_CS_TA/u_SR_LINE_RAMS_CS/shift_reg_i13  (to CLKOS2 +)

   Delay:               2.197ns  (35.3% logic, 64.7% route), 2 logic levels.

 Constraint Details:

      2.197ns physical path delay SLICE_8 to SLICE_13 meets
      5.000ns delay constraint less
      0.000ns skew and
      0.133ns DIN_SET requirement (totaling 4.867ns) by 2.670ns

 Physical Path Details:

      Data path SLICE_8 to SLICE_13:

   Name    Fanout   Delay (ns)          Site               Resource
REG_DEL     ---     0.367     R2C17B.CLK to      R2C17B.Q1 SLICE_8 (from CLKOS2)
ROUTE        14     1.422      R2C17B.Q1 to      R2C18D.A1 shift_reg_15_N_100_0
CTOF_DEL    ---     0.408      R2C18D.A1 to      R2C18D.F1 SLICE_13
ROUTE         1     0.000      R2C18D.F1 to     R2C18D.DI1 shift_reg_15_N_100_13 (to CLKOS2)
                  --------
                    2.197   (35.3% logic, 64.7% route), 2 logic levels.

 Clock Skew Details: 

      Source Clock Path u_ZenPLL/PLLInst_0 to SLICE_8:

   Name    Fanout   Delay (ns)          Site               Resource
ROUTE        32     1.560    RPLL.CLKOS2 to     R2C17B.CLK CLKOS2
                  --------
                    1.560   (0.0% logic, 100.0% route), 0 logic levels.

      Destination Clock Path u_ZenPLL/PLLInst_0 to SLICE_13:

   Name    Fanout   Delay (ns)          Site               Resource
ROUTE        32     1.560    RPLL.CLKOS2 to     R2C18D.CLK CLKOS2
                  --------
                    1.560   (0.0% logic, 100.0% route), 0 logic levels.


Passed: The following path meets requirements by 2.670ns

 Logical Details:  Cell type  Pin type       Cell/ASIC name  (clock net +/-)

   Source:         FF         Q              u_RAM_Line_CS_TA/u_SR_LINE_RAMS_CS/load_registered_14  (from CLKOS2 +)
   Destination:    FF         Data in        u_RAM_Line_CS_TA/u_SR_LINE_RAMS_CS/shift_reg_i12  (to CLKOS2 +)

   Delay:               2.197ns  (35.3% logic, 64.7% route), 2 logic levels.

 Constraint Details:

      2.197ns physical path delay SLICE_8 to SLICE_13 meets
      5.000ns delay constraint less
      0.000ns skew and
      0.133ns DIN_SET requirement (totaling 4.867ns) by 2.670ns

 Physical Path Details:

      Data path SLICE_8 to SLICE_13:

   Name    Fanout   Delay (ns)          Site               Resource
REG_DEL     ---     0.367     R2C17B.CLK to      R2C17B.Q1 SLICE_8 (from CLKOS2)
ROUTE        14     1.422      R2C17B.Q1 to      R2C18D.A0 shift_reg_15_N_100_0
CTOF_DEL    ---     0.408      R2C18D.A0 to      R2C18D.F0 SLICE_13
ROUTE         1     0.000      R2C18D.F0 to     R2C18D.DI0 shift_reg_15_N_100_12 (to CLKOS2)
                  --------
                    2.197   (35.3% logic, 64.7% route), 2 logic levels.

 Clock Skew Details: 

      Source Clock Path u_ZenPLL/PLLInst_0 to SLICE_8:

   Name    Fanout   Delay (ns)          Site               Resource
ROUTE        32     1.560    RPLL.CLKOS2 to     R2C17B.CLK CLKOS2
                  --------
                    1.560   (0.0% logic, 100.0% route), 0 logic levels.

      Destination Clock Path u_ZenPLL/PLLInst_0 to SLICE_13:

   Name    Fanout   Delay (ns)          Site               Resource
ROUTE        32     1.560    RPLL.CLKOS2 to     R2C18D.CLK CLKOS2
                  --------
                    1.560   (0.0% logic, 100.0% route), 0 logic levels.


Passed: The following path meets requirements by 2.841ns

 Logical Details:  Cell type  Pin type       Cell/ASIC name  (clock net +/-)

   Source:         FF         Q              u_RAM_Line_CS_TA/u_SR_LINE_RAMS_CS/load_registered_14  (from CLKOS2 +)
   Destination:    FF         Data in        u_RAM_Line_CS_TA/u_SR_LINE_RAMS_CS/shift_reg_i5  (to CLKOS2 +)

   Delay:               2.026ns  (38.3% logic, 61.7% route), 2 logic levels.

 Constraint Details:

      2.026ns physical path delay SLICE_8 to SLICE_15 meets
      5.000ns delay constraint less
      0.000ns skew and
      0.133ns DIN_SET requirement (totaling 4.867ns) by 2.841ns

 Physical Path Details:

      Data path SLICE_8 to SLICE_15:

   Name    Fanout   Delay (ns)          Site               Resource
REG_DEL     ---     0.367     R2C17B.CLK to      R2C17B.Q1 SLICE_8 (from CLKOS2)
ROUTE        14     1.251      R2C17B.Q1 to      R2C18B.C0 shift_reg_15_N_100_0
CTOF_DEL    ---     0.408      R2C18B.C0 to      R2C18B.F0 SLICE_15
ROUTE         1     0.000      R2C18B.F0 to     R2C18B.DI0 shift_reg_15_N_100_5 (to CLKOS2)
                  --------
                    2.026   (38.3% logic, 61.7% route), 2 logic levels.

 Clock Skew Details: 

      Source Clock Path u_ZenPLL/PLLInst_0 to SLICE_8:

   Name    Fanout   Delay (ns)          Site               Resource
ROUTE        32     1.560    RPLL.CLKOS2 to     R2C17B.CLK CLKOS2
                  --------
                    1.560   (0.0% logic, 100.0% route), 0 logic levels.

      Destination Clock Path u_ZenPLL/PLLInst_0 to SLICE_15:

   Name    Fanout   Delay (ns)          Site               Resource
ROUTE        32     1.560    RPLL.CLKOS2 to     R2C18B.CLK CLKOS2
                  --------
                    1.560   (0.0% logic, 100.0% route), 0 logic levels.

Report:  307.125MHz is the maximum frequency for this preference.


================================================================================
Preference: FREQUENCY NET "CLKOS" 200.000000 MHz ;
            28 items scored, 0 timing errors detected.
--------------------------------------------------------------------------------


Passed: The following path meets requirements by 0.530ns (weighted slack = 1.060ns)

 Logical Details:  Cell type  Pin type       Cell/ASIC name  (clock net +/-)

   Source:         FF         Q              u_RAM_CS_TA/u_SR_TA/load_half_13  (from CLKOS -)
   Destination:    FF         Data in        u_RAM_CS_TA/u_SR_TA/load_registered_14  (to CLKOS +)

   Delay:               1.712ns  (21.4% logic, 78.6% route), 1 logic levels.

 Constraint Details:

      1.712ns physical path delay SLICE_70 to u_RAM_CS_TA/SLICE_31 meets
      2.500ns delay constraint less
      0.000ns skew and
      0.258ns M_SET requirement (totaling 2.242ns) by 0.530ns

 Physical Path Details:

      Data path SLICE_70 to u_RAM_CS_TA/SLICE_31:

   Name    Fanout   Delay (ns)          Site               Resource
REG_DEL     ---     0.367     R3C15A.CLK to      R3C15A.Q1 SLICE_70 (from CLKOS)
ROUTE         1     1.345      R3C15A.Q1 to      R3C16B.M0 u_RAM_CS_TA/u_SR_TA/load_half (to CLKOS)
                  --------
                    1.712   (21.4% logic, 78.6% route), 1 logic levels.

 Clock Skew Details: 

      Source Clock Path u_ZenPLL/PLLInst_0 to SLICE_70:

   Name    Fanout   Delay (ns)          Site               Resource
ROUTE        11     1.560     RPLL.CLKOS to     R3C15A.CLK CLKOS
                  --------
                    1.560   (0.0% logic, 100.0% route), 0 logic levels.

      Destination Clock Path u_ZenPLL/PLLInst_0 to u_RAM_CS_TA/SLICE_31:

   Name    Fanout   Delay (ns)          Site               Resource
ROUTE        11     1.560     RPLL.CLKOS to     R3C16B.CLK CLKOS
                  --------
                    1.560   (0.0% logic, 100.0% route), 0 logic levels.


Passed: The following path meets requirements by 2.656ns

 Logical Details:  Cell type  Pin type       Cell/ASIC name  (clock net +/-)

   Source:         FF         Q              u_RAM_CS_TA/u_SR_RAMS_CS/load_registered_14  (from CLKOS +)
   Destination:    FF         Data in        u_RAM_CS_TA/u_SR_RAMS_CS/shift_reg_i0  (to CLKOS +)

   Delay:               2.086ns  (17.6% logic, 82.4% route), 1 logic levels.

 Constraint Details:

      2.086ns physical path delay SLICE_25 to u_RAM_CS_TA/SLICE_31 meets
      5.000ns delay constraint less
      0.000ns skew and
      0.258ns M_SET requirement (totaling 4.742ns) by 2.656ns

 Physical Path Details:

      Data path SLICE_25 to u_RAM_CS_TA/SLICE_31:

   Name    Fanout   Delay (ns)          Site               Resource
REG_DEL     ---     0.367     R3C15C.CLK to      R3C15C.Q1 SLICE_25 (from CLKOS)
ROUTE         5     1.719      R3C15C.Q1 to      R3C16B.M1 shift_reg_7_N_41_0 (to CLKOS)
                  --------
                    2.086   (17.6% logic, 82.4% route), 1 logic levels.

 Clock Skew Details: 

      Source Clock Path u_ZenPLL/PLLInst_0 to SLICE_25:

   Name    Fanout   Delay (ns)          Site               Resource
ROUTE        11     1.560     RPLL.CLKOS to     R3C15C.CLK CLKOS
                  --------
                    1.560   (0.0% logic, 100.0% route), 0 logic levels.

      Destination Clock Path u_ZenPLL/PLLInst_0 to u_RAM_CS_TA/SLICE_31:

   Name    Fanout   Delay (ns)          Site               Resource
ROUTE        11     1.560     RPLL.CLKOS to     R3C16B.CLK CLKOS
                  --------
                    1.560   (0.0% logic, 100.0% route), 0 logic levels.


Passed: The following path meets requirements by 1.438ns (weighted slack = 2.876ns)

 Logical Details:  Cell type  Pin type       Cell/ASIC name  (clock net +/-)

   Source:         FF         Q              u_RAM_CS_TA/u_SR_RAMS_CS/load_half_13  (from CLKOS -)
   Destination:    FF         Data in        u_RAM_CS_TA/u_SR_RAMS_CS/load_registered_14  (to CLKOS +)

   Delay:               0.804ns  (45.6% logic, 54.4% route), 1 logic levels.

 Constraint Details:

      0.804ns physical path delay SLICE_70 to SLICE_25 meets
      2.500ns delay constraint less
      0.000ns skew and
      0.258ns M_SET requirement (totaling 2.242ns) by 1.438ns

 Physical Path Details:

      Data path SLICE_70 to SLICE_25:

   Name    Fanout   Delay (ns)          Site               Resource
REG_DEL     ---     0.367     R3C15A.CLK to      R3C15A.Q0 SLICE_70 (from CLKOS)
ROUTE         1     0.437      R3C15A.Q0 to      R3C15C.M1 u_RAM_CS_TA/u_SR_RAMS_CS/load_half (to CLKOS)
                  --------
                    0.804   (45.6% logic, 54.4% route), 1 logic levels.

 Clock Skew Details: 

      Source Clock Path u_ZenPLL/PLLInst_0 to SLICE_70:

   Name    Fanout   Delay (ns)          Site               Resource
ROUTE        11     1.560     RPLL.CLKOS to     R3C15A.CLK CLKOS
                  --------
                    1.560   (0.0% logic, 100.0% route), 0 logic levels.

      Destination Clock Path u_ZenPLL/PLLInst_0 to SLICE_25:

   Name    Fanout   Delay (ns)          Site               Resource
ROUTE        11     1.560     RPLL.CLKOS to     R3C15C.CLK CLKOS
                  --------
                    1.560   (0.0% logic, 100.0% route), 0 logic levels.


Passed: The following path meets requirements by 2.935ns

 Logical Details:  Cell type  Pin type       Cell/ASIC name  (clock net +/-)

   Source:         FF         Q              u_RAM_CS_TA/u_SR_RAMS_CS/load_registered_14  (from CLKOS +)
   Destination:    FF         Data in        u_RAM_CS_TA/u_SR_RAMS_CS/shift_reg_i4  (to CLKOS +)
                   FF                        u_RAM_CS_TA/u_SR_RAMS_CS/shift_reg_i3

   Delay:               1.842ns  (19.9% logic, 80.1% route), 1 logic levels.

 Constraint Details:

      1.842ns physical path delay SLICE_25 to SLICE_67 meets
      5.000ns delay constraint less
      0.000ns skew and
      0.223ns LSR_SET requirement (totaling 4.777ns) by 2.935ns

 Physical Path Details:

      Data path SLICE_25 to SLICE_67:

   Name    Fanout   Delay (ns)          Site               Resource
REG_DEL     ---     0.367     R3C15C.CLK to      R3C15C.Q1 SLICE_25 (from CLKOS)
ROUTE         5     1.475      R3C15C.Q1 to     R3C16A.LSR shift_reg_7_N_41_0 (to CLKOS)
                  --------
                    1.842   (19.9% logic, 80.1% route), 1 logic levels.

 Clock Skew Details: 

      Source Clock Path u_ZenPLL/PLLInst_0 to SLICE_25:

   Name    Fanout   Delay (ns)          Site               Resource
ROUTE        11     1.560     RPLL.CLKOS to     R3C15C.CLK CLKOS
                  --------
                    1.560   (0.0% logic, 100.0% route), 0 logic levels.

      Destination Clock Path u_ZenPLL/PLLInst_0 to SLICE_67:

   Name    Fanout   Delay (ns)          Site               Resource
ROUTE        11     1.560     RPLL.CLKOS to     R3C16A.CLK CLKOS
                  --------
                    1.560   (0.0% logic, 100.0% route), 0 logic levels.


Passed: The following path meets requirements by 3.283ns

 Logical Details:  Cell type  Pin type       Cell/ASIC name  (clock net +/-)

   Source:         FF         Q              u_RAM_CS_TA/u_SR_RAMS_CS/load_registered_14  (from CLKOS +)
   Destination:    FF         Data in        u_RAM_CS_TA/u_SR_RAMS_CS/shift_reg_i7  (to CLKOS +)
                   FF                        u_RAM_CS_TA/u_SR_RAMS_CS/shift_reg_i5

   Delay:               1.494ns  (24.6% logic, 75.4% route), 1 logic levels.

 Constraint Details:

      1.494ns physical path delay SLICE_25 to SLICE_68 meets
      5.000ns delay constraint less
      0.000ns skew and
      0.223ns LSR_SET requirement (totaling 4.777ns) by 3.283ns

 Physical Path Details:

      Data path SLICE_25 to SLICE_68:

   Name    Fanout   Delay (ns)          Site               Resource
REG_DEL     ---     0.367     R3C15C.CLK to      R3C15C.Q1 SLICE_25 (from CLKOS)
ROUTE         5     1.127      R3C15C.Q1 to     R2C15A.LSR shift_reg_7_N_41_0 (to CLKOS)
                  --------
                    1.494   (24.6% logic, 75.4% route), 1 logic levels.

 Clock Skew Details: 

      Source Clock Path u_ZenPLL/PLLInst_0 to SLICE_25:

   Name    Fanout   Delay (ns)          Site               Resource
ROUTE        11     1.560     RPLL.CLKOS to     R3C15C.CLK CLKOS
                  --------
                    1.560   (0.0% logic, 100.0% route), 0 logic levels.

      Destination Clock Path u_ZenPLL/PLLInst_0 to SLICE_68:

   Name    Fanout   Delay (ns)          Site               Resource
ROUTE        11     1.560     RPLL.CLKOS to     R2C15A.CLK CLKOS
                  --------
                    1.560   (0.0% logic, 100.0% route), 0 logic levels.


Passed: The following path meets requirements by 3.289ns

 Logical Details:  Cell type  Pin type       Cell/ASIC name  (clock net +/-)

   Source:         FF         Q              u_RAM_CS_TA/u_SR_TA/load_registered_14  (from CLKOS +)
   Destination:    FF         Data in        u_RAM_CS_TA/u_SR_TA/shift_reg_i2  (to CLKOS +)
                   FF                        u_RAM_CS_TA/u_SR_TA/shift_reg_i1

   Delay:               1.488ns  (24.7% logic, 75.3% route), 1 logic levels.

 Constraint Details:

      1.488ns physical path delay u_RAM_CS_TA/SLICE_31 to SLICE_69 meets
      5.000ns delay constraint less
      0.000ns skew and
      0.223ns LSR_SET requirement (totaling 4.777ns) by 3.289ns

 Physical Path Details:

      Data path u_RAM_CS_TA/SLICE_31 to SLICE_69:

   Name    Fanout   Delay (ns)          Site               Resource
REG_DEL     ---     0.367     R3C16B.CLK to      R3C16B.Q0 u_RAM_CS_TA/SLICE_31 (from CLKOS)
ROUTE         5     1.121      R3C16B.Q0 to     R2C16A.LSR u_RAM_CS_TA/u_SR_TA/shift_reg_7_N_41_0 (to CLKOS)
                  --------
                    1.488   (24.7% logic, 75.3% route), 1 logic levels.

 Clock Skew Details: 

      Source Clock Path u_ZenPLL/PLLInst_0 to u_RAM_CS_TA/SLICE_31:

   Name    Fanout   Delay (ns)          Site               Resource
ROUTE        11     1.560     RPLL.CLKOS to     R3C16B.CLK CLKOS
                  --------
                    1.560   (0.0% logic, 100.0% route), 0 logic levels.

      Destination Clock Path u_ZenPLL/PLLInst_0 to SLICE_69:

   Name    Fanout   Delay (ns)          Site               Resource
ROUTE        11     1.560     RPLL.CLKOS to     R2C16A.CLK CLKOS
                  --------
                    1.560   (0.0% logic, 100.0% route), 0 logic levels.


Passed: The following path meets requirements by 3.296ns

 Logical Details:  Cell type  Pin type       Cell/ASIC name  (clock net +/-)

   Source:         FF         Q              u_RAM_CS_TA/u_SR_RAMS_CS/shift_reg_i6  (from CLKOS +)
   Destination:    FF         Data in        u_RAM_CS_TA/u_SR_RAMS_CS/shift_reg_i7  (to CLKOS +)

   Delay:               1.446ns  (25.4% logic, 74.6% route), 1 logic levels.

 Constraint Details:

      1.446ns physical path delay SLICE_25 to SLICE_68 meets
      5.000ns delay constraint less
      0.000ns skew and
      0.258ns M_SET requirement (totaling 4.742ns) by 3.296ns

 Physical Path Details:

      Data path SLICE_25 to SLICE_68:

   Name    Fanout   Delay (ns)          Site               Resource
REG_DEL     ---     0.367     R3C15C.CLK to      R3C15C.Q0 SLICE_25 (from CLKOS)
ROUTE         1     1.079      R3C15C.Q0 to      R2C15A.M1 u_RAM_CS_TA/u_SR_RAMS_CS/shift_reg_6 (to CLKOS)
                  --------
                    1.446   (25.4% logic, 74.6% route), 1 logic levels.

 Clock Skew Details: 

      Source Clock Path u_ZenPLL/PLLInst_0 to SLICE_25:

   Name    Fanout   Delay (ns)          Site               Resource
ROUTE        11     1.560     RPLL.CLKOS to     R3C15C.CLK CLKOS
                  --------
                    1.560   (0.0% logic, 100.0% route), 0 logic levels.

      Destination Clock Path u_ZenPLL/PLLInst_0 to SLICE_68:

   Name    Fanout   Delay (ns)          Site               Resource
ROUTE        11     1.560     RPLL.CLKOS to     R2C15A.CLK CLKOS
                  --------
                    1.560   (0.0% logic, 100.0% route), 0 logic levels.


Passed: The following path meets requirements by 3.311ns

 Logical Details:  Cell type  Pin type       Cell/ASIC name  (clock net +/-)

   Source:         FF         Q              u_RAM_CS_TA/u_SR_RAMS_CS/shift_reg_i5  (from CLKOS +)
   Destination:    FF         Data in        u_RAM_CS_TA/u_SR_RAMS_CS/shift_reg_i6  (to CLKOS +)

   Delay:               1.556ns  (49.8% logic, 50.2% route), 2 logic levels.

 Constraint Details:

      1.556ns physical path delay SLICE_68 to SLICE_25 meets
      5.000ns delay constraint less
      0.000ns skew and
      0.133ns DIN_SET requirement (totaling 4.867ns) by 3.311ns

 Physical Path Details:

      Data path SLICE_68 to SLICE_25:

   Name    Fanout   Delay (ns)          Site               Resource
REG_DEL     ---     0.367     R2C15A.CLK to      R2C15A.Q0 SLICE_68 (from CLKOS)
ROUTE         1     0.781      R2C15A.Q0 to      R3C15C.A0 shift_reg_5
CTOF_DEL    ---     0.408      R3C15C.A0 to      R3C15C.F0 SLICE_25
ROUTE         1     0.000      R3C15C.F0 to     R3C15C.DI0 shift_reg_7_N_41_6 (to CLKOS)
                  --------
                    1.556   (49.8% logic, 50.2% route), 2 logic levels.

 Clock Skew Details: 

      Source Clock Path u_ZenPLL/PLLInst_0 to SLICE_68:

   Name    Fanout   Delay (ns)          Site               Resource
ROUTE        11     1.560     RPLL.CLKOS to     R2C15A.CLK CLKOS
                  --------
                    1.560   (0.0% logic, 100.0% route), 0 logic levels.

      Destination Clock Path u_ZenPLL/PLLInst_0 to SLICE_25:

   Name    Fanout   Delay (ns)          Site               Resource
ROUTE        11     1.560     RPLL.CLKOS to     R3C15C.CLK CLKOS
                  --------
                    1.560   (0.0% logic, 100.0% route), 0 logic levels.


Passed: The following path meets requirements by 3.325ns

 Logical Details:  Cell type  Pin type       Cell/ASIC name  (clock net +/-)

   Source:         FF         Q              u_RAM_CS_TA/u_SR_RAMS_CS/load_registered_14  (from CLKOS +)
   Destination:    FF         Data in        u_RAM_CS_TA/u_SR_RAMS_CS/shift_reg_i2  (to CLKOS +)
                   FF                        u_RAM_CS_TA/u_SR_RAMS_CS/shift_reg_i1

   Delay:               1.452ns  (25.3% logic, 74.7% route), 1 logic levels.

 Constraint Details:

      1.452ns physical path delay SLICE_25 to SLICE_66 meets
      5.000ns delay constraint less
      0.000ns skew and
      0.223ns LSR_SET requirement (totaling 4.777ns) by 3.325ns

 Physical Path Details:

      Data path SLICE_25 to SLICE_66:

   Name    Fanout   Delay (ns)          Site               Resource
REG_DEL     ---     0.367     R3C15C.CLK to      R3C15C.Q1 SLICE_25 (from CLKOS)
ROUTE         5     1.085      R3C15C.Q1 to     R2C16D.LSR shift_reg_7_N_41_0 (to CLKOS)
                  --------
                    1.452   (25.3% logic, 74.7% route), 1 logic levels.

 Clock Skew Details: 

      Source Clock Path u_ZenPLL/PLLInst_0 to SLICE_25:

   Name    Fanout   Delay (ns)          Site               Resource
ROUTE        11     1.560     RPLL.CLKOS to     R3C15C.CLK CLKOS
                  --------
                    1.560   (0.0% logic, 100.0% route), 0 logic levels.

      Destination Clock Path u_ZenPLL/PLLInst_0 to SLICE_66:

   Name    Fanout   Delay (ns)          Site               Resource
ROUTE        11     1.560     RPLL.CLKOS to     R2C16D.CLK CLKOS
                  --------
                    1.560   (0.0% logic, 100.0% route), 0 logic levels.


Passed: The following path meets requirements by 3.352ns

 Logical Details:  Cell type  Pin type       Cell/ASIC name  (clock net +/-)

   Source:         FF         Q              u_RAM_CS_TA/u_SR_TA/load_registered_14  (from CLKOS +)
   Destination:    FF         Data in        u_RAM_CS_TA/u_SR_TA/shift_reg_i0  (to CLKOS +)

   Delay:               1.390ns  (26.4% logic, 73.6% route), 1 logic levels.

 Constraint Details:

      1.390ns physical path delay u_RAM_CS_TA/SLICE_31 to u_RAM_CS_TA/u_SR_TA/SLICE_78 meets
      5.000ns delay constraint less
      0.000ns skew and
      0.258ns M_SET requirement (totaling 4.742ns) by 3.352ns

 Physical Path Details:

      Data path u_RAM_CS_TA/SLICE_31 to u_RAM_CS_TA/u_SR_TA/SLICE_78:

   Name    Fanout   Delay (ns)          Site               Resource
REG_DEL     ---     0.367     R3C16B.CLK to      R3C16B.Q0 u_RAM_CS_TA/SLICE_31 (from CLKOS)
ROUTE         5     1.023      R3C16B.Q0 to      R2C17A.M0 u_RAM_CS_TA/u_SR_TA/shift_reg_7_N_41_0 (to CLKOS)
                  --------
                    1.390   (26.4% logic, 73.6% route), 1 logic levels.

 Clock Skew Details: 

      Source Clock Path u_ZenPLL/PLLInst_0 to u_RAM_CS_TA/SLICE_31:

   Name    Fanout   Delay (ns)          Site               Resource
ROUTE        11     1.560     RPLL.CLKOS to     R3C16B.CLK CLKOS
                  --------
                    1.560   (0.0% logic, 100.0% route), 0 logic levels.

      Destination Clock Path u_ZenPLL/PLLInst_0 to u_RAM_CS_TA/u_SR_TA/SLICE_78:

   Name    Fanout   Delay (ns)          Site               Resource
ROUTE        11     1.560     RPLL.CLKOS to     R2C17A.CLK CLKOS
                  --------
                    1.560   (0.0% logic, 100.0% route), 0 logic levels.

Report:  253.807MHz is the maximum frequency for this preference.


================================================================================
Preference: FREQUENCY NET "u_ZenPLL/CLKOP" 50.000000 MHz ;
            0 items scored, 0 timing errors detected.
--------------------------------------------------------------------------------


================================================================================
Preference: CLOCK_TO_OUT PORT "RAM_CS_N" 6.000000 ns CLKPORT "CLK" ;
            4 items scored, 4 timing errors detected.
--------------------------------------------------------------------------------


Error:  The following path exceeds requirements by 7.265ns

 Logical Details:  Cell type  Pin type       Cell/ASIC name  (clock net +/-)

   Source:         FF         Q              u_RAM_Line_CS_TA/u_SR_LINE_RAMS_CS/shift_reg_i15  (from CLKOS2 +)
   Destination:    Port       Pad            RAM_CS_N

   Data Path Delay:     4.883ns  (61.6% logic, 38.4% route), 3 logic levels.

   Clock Path Delay:    9.152ns  (59.6% logic, 40.4% route), 2 logic levels.

 Constraint Details:
      9.152ns delay CLK to u_RAM_Line_CS_TA/u_SR_LINE_RAMS_CS/SLICE_71 less
      0.770ns feedback compensation and
      4.883ns delay u_RAM_Line_CS_TA/u_SR_LINE_RAMS_CS/SLICE_71 to RAM_CS_N (totaling 13.265ns) exceeds
      6.000ns offset CLK to RAM_CS_N by 7.265ns

 Physical Path Details:

      Clock path CLK to u_RAM_Line_CS_TA/u_SR_LINE_RAMS_CS/SLICE_71:

   Name    Fanout   Delay (ns)          Site               Resource
PADI_DEL    ---     1.077         92.PAD to       92.PADDI CLK
ROUTE         7     2.140       92.PADDI to      RPLL.CLKI CLK_c
CLKI2OS2_D  ---     4.375      RPLL.CLKI to    RPLL.CLKOS2 u_ZenPLL/PLLInst_0
ROUTE        32     1.560    RPLL.CLKOS2 to     R2C17D.CLK CLKOS2
                  --------
                    9.152   (59.6% logic, 40.4% route), 2 logic levels.

      Feedback path:

   Name    Fanout   Delay (ns)          Site               Resource
CLKFB2OP_D  ---     0.000     RPLL.CLKFB to     RPLL.CLKOP u_ZenPLL/PLLInst_0
ROUTE         1     0.770     RPLL.CLKOP to     RPLL.CLKFB u_ZenPLL/CLKOP
                  --------
                    0.770   (0.0% logic, 100.0% route), 1 logic levels.

      Data path u_RAM_Line_CS_TA/u_SR_LINE_RAMS_CS/SLICE_71 to RAM_CS_N:

   Name    Fanout   Delay (ns)          Site               Resource
REG_DEL     ---     0.367     R2C17D.CLK to      R2C17D.Q1 u_RAM_Line_CS_TA/u_SR_LINE_RAMS_CS/SLICE_71 (from CLKOS2)
ROUTE         2     0.797      R2C17D.Q1 to      R2C16A.B0 RAM_LINE_CS_END
CTOF_DEL    ---     0.408      R2C16A.B0 to      R2C16A.F0 SLICE_69
ROUTE         2     1.080      R2C16A.F0 to      127.PADDO RAM_CS_N_c
DOPAD_DEL   ---     2.231      127.PADDO to        127.PAD RAM_CS_N
                  --------
                    4.883   (61.6% logic, 38.4% route), 3 logic levels.


Error:  The following path exceeds requirements by 4.556ns

 Logical Details:  Cell type  Pin type       Cell/ASIC name  (clock net +/-)

   Source:         FF         Q              u_RAM_CS_TA/u_SR_RAMS_CS/shift_reg_i7  (from CLKOS +)
   Destination:    Port       Pad            RAM_CS_N

   Data Path Delay:     4.674ns  (64.3% logic, 35.7% route), 3 logic levels.

   Clock Path Delay:    6.652ns  (44.4% logic, 55.6% route), 2 logic levels.

 Constraint Details:
      6.652ns delay CLK to SLICE_68 less
      0.770ns feedback compensation and
      4.674ns delay SLICE_68 to RAM_CS_N (totaling 10.556ns) exceeds
      6.000ns offset CLK to RAM_CS_N by 4.556ns

 Physical Path Details:

      Clock path CLK to SLICE_68:

   Name    Fanout   Delay (ns)          Site               Resource
PADI_DEL    ---     1.077         92.PAD to       92.PADDI CLK
ROUTE         7     2.140       92.PADDI to      RPLL.CLKI CLK_c
CLKI2OS_DE  ---     1.875      RPLL.CLKI to     RPLL.CLKOS u_ZenPLL/PLLInst_0
ROUTE        11     1.560     RPLL.CLKOS to     R2C15A.CLK CLKOS
                  --------
                    6.652   (44.4% logic, 55.6% route), 2 logic levels.

      Feedback path:

   Name    Fanout   Delay (ns)          Site               Resource
CLKFB2OP_D  ---     0.000     RPLL.CLKFB to     RPLL.CLKOP u_ZenPLL/PLLInst_0
ROUTE         1     0.770     RPLL.CLKOP to     RPLL.CLKFB u_ZenPLL/CLKOP
                  --------
                    0.770   (0.0% logic, 100.0% route), 1 logic levels.

      Data path SLICE_68 to RAM_CS_N:

   Name    Fanout   Delay (ns)          Site               Resource
REG_DEL     ---     0.367     R2C15A.CLK to      R2C15A.Q1 SLICE_68 (from CLKOS)
ROUTE         1     0.588      R2C15A.Q1 to      R2C16A.C0 RAM_CS_END
CTOF_DEL    ---     0.408      R2C16A.C0 to      R2C16A.F0 SLICE_69
ROUTE         2     1.080      R2C16A.F0 to      127.PADDO RAM_CS_N_c
DOPAD_DEL   ---     2.231      127.PADDO to        127.PAD RAM_CS_N
                  --------
                    4.674   (64.3% logic, 35.7% route), 3 logic levels.


Error:  The following path exceeds requirements by 1.937ns

 Logical Details:  Cell type  Pin type       Cell/ASIC name  (clock net +/-)

   Source:         FF         Q              u_RAM_Line_CS_TA/int_RAM_LINE_CS_N_29  (from CLK_c +)
   Destination:    Port       Pad            RAM_CS_N

   Data Path Delay:     4.853ns  (61.9% logic, 38.1% route), 3 logic levels.

   Clock Path Delay:    3.084ns  (34.9% logic, 65.1% route), 1 logic levels.

 Constraint Details:
      3.084ns delay CLK to SLICE_6 and
      4.853ns delay SLICE_6 to RAM_CS_N (totaling 7.937ns) exceeds
      6.000ns offset CLK to RAM_CS_N by 1.937ns

 Physical Path Details:

      Clock path CLK to SLICE_6:

   Name    Fanout   Delay (ns)          Site               Resource
PADI_DEL    ---     1.077         92.PAD to       92.PADDI CLK
ROUTE         7     2.007       92.PADDI to     R2C16C.CLK CLK_c
                  --------
                    3.084   (34.9% logic, 65.1% route), 1 logic levels.

      Data path SLICE_6 to RAM_CS_N:

   Name    Fanout   Delay (ns)          Site               Resource
REG_DEL     ---     0.367     R2C16C.CLK to      R2C16C.Q0 SLICE_6 (from CLK_c)
ROUTE         2     0.767      R2C16C.Q0 to      R2C16A.A0 int_RAM_LINE_CS_N
CTOF_DEL    ---     0.408      R2C16A.A0 to      R2C16A.F0 SLICE_69
ROUTE         2     1.080      R2C16A.F0 to      127.PADDO RAM_CS_N_c
DOPAD_DEL   ---     2.231      127.PADDO to        127.PAD RAM_CS_N
                  --------
                    4.853   (61.9% logic, 38.1% route), 3 logic levels.


Error:  The following path exceeds requirements by 1.677ns

 Logical Details:  Cell type  Pin type       Cell/ASIC name  (clock net +/-)

   Source:         FF         Q              u_RAM_CS_TA/int_RAM_CS_N_17  (from CLK_c +)
   Destination:    Port       Pad            RAM_CS_N

   Data Path Delay:     4.593ns  (65.4% logic, 34.6% route), 3 logic levels.

   Clock Path Delay:    3.084ns  (34.9% logic, 65.1% route), 1 logic levels.

 Constraint Details:
      3.084ns delay CLK to SLICE_5 and
      4.593ns delay SLICE_5 to RAM_CS_N (totaling 7.677ns) exceeds
      6.000ns offset CLK to RAM_CS_N by 1.677ns

 Physical Path Details:

      Clock path CLK to SLICE_5:

   Name    Fanout   Delay (ns)          Site               Resource
PADI_DEL    ---     1.077         92.PAD to       92.PADDI CLK
ROUTE         7     2.007       92.PADDI to     R2C15D.CLK CLK_c
                  --------
                    3.084   (34.9% logic, 65.1% route), 1 logic levels.

      Data path SLICE_5 to RAM_CS_N:

   Name    Fanout   Delay (ns)          Site               Resource
REG_DEL     ---     0.367     R2C15D.CLK to      R2C15D.Q0 SLICE_5 (from CLK_c)
ROUTE         2     0.507      R2C15D.Q0 to      R2C16A.D0 int_RAM_CS_N
CTOF_DEL    ---     0.408      R2C16A.D0 to      R2C16A.F0 SLICE_69
ROUTE         2     1.080      R2C16A.F0 to      127.PADDO RAM_CS_N_c
DOPAD_DEL   ---     2.231      127.PADDO to        127.PAD RAM_CS_N
                  --------
                    4.593   (65.4% logic, 34.6% route), 3 logic levels.

Warning:  13.265ns is the minimum offset for this preference.

Report Summary
--------------
----------------------------------------------------------------------------
Preference                              |   Constraint|       Actual|Levels
----------------------------------------------------------------------------
                                        |             |             |
FREQUENCY NET "CLK_c" 50.000000 MHz ;   |   50.000 MHz|   30.292 MHz|   3 *
                                        |             |             |
FREQUENCY NET "CLKOS2" 200.000000 MHz ; |  200.000 MHz|  307.125 MHz|   1  
                                        |             |             |
FREQUENCY NET "CLKOS" 200.000000 MHz ;  |  200.000 MHz|  253.807 MHz|   1  
                                        |             |             |
FREQUENCY NET "u_ZenPLL/CLKOP"          |             |             |
50.000000 MHz ;                         |            -|            -|   0  
                                        |             |             |
CLOCK_TO_OUT PORT "RAM_CS_N" 6.000000   |             |             |
ns CLKPORT "CLK" ;                      |     6.000 ns|    13.265 ns|   3 *
                                        |             |             |
----------------------------------------------------------------------------


2 preferences(marked by "*" above) not met.

----------------------------------------------------------------------------
Critical Nets                           |   Loads|  Errors| % of total
----------------------------------------------------------------------------
RAM_LINE_CS_END                         |       2|       4|     36.36%
                                        |        |        |
ROM_CS_END                              |       5|       4|     36.36%
                                        |        |        |
RAM_CS_N_c                              |       2|       4|     36.36%
                                        |        |        |
n588                                    |       2|       3|     27.27%
                                        |        |        |
loadCS_N_81                             |       2|       2|     18.18%
                                        |        |        |
loadCS_N_149                            |       2|       2|     18.18%
                                        |        |        |
----------------------------------------------------------------------------


Clock Domains Analysis
------------------------

Found 4 clocks:

Clock Domain: u_ZenPLL/CLKOP   Source: u_ZenPLL/PLLInst_0.CLKOP   Loads: 1
   No transfer within this clock domain is found

Clock Domain: CLK_c   Source: CLK.PAD   Loads: 7
   Covered under: FREQUENCY NET "CLK_c" 50.000000 MHz ;

   Data transfers from:
   Clock Domain: CLKOS2   Source: u_ZenPLL/PLLInst_0.CLKOS2
      Covered under: FREQUENCY NET "CLK_c" 50.000000 MHz ;   Transfers: 2

Clock Domain: CLKOS2   Source: u_ZenPLL/PLLInst_0.CLKOS2   Loads: 32
   Covered under: FREQUENCY NET "CLKOS2" 200.000000 MHz ;

   Data transfers from:
   Clock Domain: CLK_c   Source: CLK.PAD
      Covered under: FREQUENCY NET "CLKOS2" 200.000000 MHz ;   Transfers: 3

Clock Domain: CLKOS   Source: u_ZenPLL/PLLInst_0.CLKOS   Loads: 11
   Covered under: FREQUENCY NET "CLKOS" 200.000000 MHz ;

   Data transfers from:
   Clock Domain: CLK_c   Source: CLK.PAD
      Covered under: FREQUENCY NET "CLKOS" 200.000000 MHz ;   Transfers: 1


Timing summary (Setup):
---------------

Timing errors: 11  Score: 79615
Cumulative negative slack: 79615

Constraints cover 138 paths, 4 nets, and 209 connections (73.59% coverage)

--------------------------------------------------------------------------------
Lattice TRACE Report - Hold, Version Diamond (64-bit) 3.14.0.75.2
Sat Oct 03 20:12:55 2026

Copyright (c) 1991-1994 by NeoCAD Inc. All rights reserved.
Copyright (c) 1995 AT&T Corp.   All rights reserved.
Copyright (c) 1995-2001 Lucent Technologies Inc.  All rights reserved.
Copyright (c) 2001 Agere Systems   All rights reserved.
Copyright (c) 2002-2024 Lattice Semiconductor Corporation,  All rights reserved.

Report Information
------------------
Command line:    trce -v 10 -gt -sethld -sp 6 -sphld m -o Zen68060Firmware_impl1.twr -gui -msgset C:/lscc/diamond/3.14/bin/nt64/Zen68060Firmware/promote.xml Zen68060Firmware_impl1.ncd Zen68060Firmware_impl1.prf 
Design file:     zen68060firmware_impl1.ncd
Preference file: zen68060firmware_impl1.prf
Device,speed:    LCMXO2-7000HC,m
Report level:    verbose report, limited to 10 items per preference
--------------------------------------------------------------------------------

BLOCK ASYNCPATHS
BLOCK RESETPATHS
--------------------------------------------------------------------------------


Derating parameters
-------------------
VCCIO Voltage:
                   3.300 V (Bank 0, defined by PAR)
                   3.300 V (Bank 1, defined by PAR)
                   3.300 V (Bank 2)
                   3.300 V (Bank 3, defined by PAR)
                   3.300 V (Bank 4)
                   3.300 V (Bank 5)
                   2.500 V (Bank 6)
                   2.500 V (Bank 7)



================================================================================
Preference: FREQUENCY NET "CLK_c" 50.000000 MHz ;
            14 items scored, 0 timing errors detected.
--------------------------------------------------------------------------------


Passed: The following path meets requirements by 0.379ns

 Logical Details:  Cell type  Pin type       Cell/ASIC name  (clock net +/-)

   Source:         FF         Q              u_RAM_Line_CS_TA/state_26  (from CLK_c +)
   Destination:    FF         Data in        u_RAM_Line_CS_TA/state_26  (to CLK_c +)

   Delay:               0.366ns  (63.9% logic, 36.1% route), 2 logic levels.

 Constraint Details:

      0.366ns physical path delay SLICE_17 to SLICE_17 meets
     -0.013ns DIN_HLD and
      0.000ns delay constraint less
      0.000ns skew requirement (totaling -0.013ns) by 0.379ns

 Physical Path Details:

      Data path SLICE_17 to SLICE_17:

   Name    Fanout   Delay (ns)          Site               Resource
REG_DEL     ---     0.133     R2C16B.CLK to      R2C16B.Q0 SLICE_17 (from CLK_c)
ROUTE         1     0.130      R2C16B.Q0 to      R2C16B.A0 state
CTOF_DEL    ---     0.101      R2C16B.A0 to      R2C16B.F0 SLICE_17
ROUTE         2     0.002      R2C16B.F0 to     R2C16B.DI0 n588 (to CLK_c)
                  --------
                    0.366   (63.9% logic, 36.1% route), 2 logic levels.

 Clock Skew Details: 

      Source Clock Path CLK to SLICE_17:

   Name    Fanout   Delay (ns)          Site               Resource
ROUTE         7     0.868       92.PADDI to     R2C16B.CLK CLK_c
                  --------
                    0.868   (0.0% logic, 100.0% route), 0 logic levels.

      Destination Clock Path CLK to SLICE_17:

   Name    Fanout   Delay (ns)          Site               Resource
ROUTE         7     0.868       92.PADDI to     R2C16B.CLK CLK_c
                  --------
                    0.868   (0.0% logic, 100.0% route), 0 logic levels.


Passed: The following path meets requirements by 0.380ns

 Logical Details:  Cell type  Pin type       Cell/ASIC name  (clock net +/-)

   Source:         FF         Q              u_ROM_CS_TA/state_26  (from CLK_c +)
   Destination:    FF         Data in        u_ROM_CS_TA/state_26  (to CLK_c +)

   Delay:               0.367ns  (63.8% logic, 36.2% route), 2 logic levels.

 Constraint Details:

      0.367ns physical path delay SLICE_18 to SLICE_18 meets
     -0.013ns DIN_HLD and
      0.000ns delay constraint less
      0.000ns skew requirement (totaling -0.013ns) by 0.380ns

 Physical Path Details:

      Data path SLICE_18 to SLICE_18:

   Name    Fanout   Delay (ns)          Site               Resource
REG_DEL     ---     0.133     R3C15B.CLK to      R3C15B.Q0 SLICE_18 (from CLK_c)
ROUTE         3     0.133      R3C15B.Q0 to      R3C15B.A0 state_adj_158
CTOF_DEL    ---     0.101      R3C15B.A0 to      R3C15B.F0 SLICE_18
ROUTE         1     0.000      R3C15B.F0 to     R3C15B.DI0 state_N_142 (to CLK_c)
                  --------
                    0.367   (63.8% logic, 36.2% route), 2 logic levels.

 Clock Skew Details: 

      Source Clock Path CLK to SLICE_18:

   Name    Fanout   Delay (ns)          Site               Resource
ROUTE         7     0.868       92.PADDI to     R3C15B.CLK CLK_c
                  --------
                    0.868   (0.0% logic, 100.0% route), 0 logic levels.

      Destination Clock Path CLK to SLICE_18:

   Name    Fanout   Delay (ns)          Site               Resource
ROUTE         7     0.868       92.PADDI to     R3C15B.CLK CLK_c
                  --------
                    0.868   (0.0% logic, 100.0% route), 0 logic levels.


Passed: The following path meets requirements by 0.472ns

 Logical Details:  Cell type  Pin type       Cell/ASIC name  (clock net +/-)

   Source:         FF         Q              u_ROM_CS_TA/state_26  (from CLK_c +)
   Destination:    FF         Data in        u_ROM_CS_TA/loadTA_28  (to CLK_c +)

   Delay:               0.459ns  (51.0% logic, 49.0% route), 2 logic levels.

 Constraint Details:

      0.459ns physical path delay SLICE_18 to SLICE_49 meets
     -0.013ns DIN_HLD and
      0.000ns delay constraint less
      0.000ns skew requirement (totaling -0.013ns) by 0.472ns

 Physical Path Details:

      Data path SLICE_18 to SLICE_49:

   Name    Fanout   Delay (ns)          Site               Resource
REG_DEL     ---     0.133     R3C15B.CLK to      R3C15B.Q0 SLICE_18 (from CLK_c)
ROUTE         3     0.225      R3C15B.Q0 to      R3C15D.B0 state_adj_158
CTOF_DEL    ---     0.101      R3C15D.B0 to      R3C15D.F0 SLICE_49
ROUTE         1     0.000      R3C15D.F0 to     R3C15D.DI0 loadTA_N_146 (to CLK_c)
                  --------
                    0.459   (51.0% logic, 49.0% route), 2 logic levels.

 Clock Skew Details: 

      Source Clock Path CLK to SLICE_18:

   Name    Fanout   Delay (ns)          Site               Resource
ROUTE         7     0.868       92.PADDI to     R3C15B.CLK CLK_c
                  --------
                    0.868   (0.0% logic, 100.0% route), 0 logic levels.

      Destination Clock Path CLK to SLICE_49:

   Name    Fanout   Delay (ns)          Site               Resource
ROUTE         7     0.868       92.PADDI to     R3C15D.CLK CLK_c
                  --------
                    0.868   (0.0% logic, 100.0% route), 0 logic levels.


Passed: The following path meets requirements by 0.475ns

 Logical Details:  Cell type  Pin type       Cell/ASIC name  (clock net +/-)

   Source:         FF         Q              u_ROM_CS_TA/state_26  (from CLK_c +)
   Destination:    FF         Data in        u_ROM_CS_TA/int_ROM_CS_N_29  (to CLK_c +)

   Delay:               0.462ns  (50.6% logic, 49.4% route), 2 logic levels.

 Constraint Details:

      0.462ns physical path delay SLICE_18 to SLICE_47 meets
     -0.013ns DIN_HLD and
      0.000ns delay constraint less
      0.000ns skew requirement (totaling -0.013ns) by 0.475ns

 Physical Path Details:

      Data path SLICE_18 to SLICE_47:

   Name    Fanout   Delay (ns)          Site               Resource
REG_DEL     ---     0.133     R3C15B.CLK to      R3C15B.Q0 SLICE_18 (from CLK_c)
ROUTE         3     0.226      R3C15B.Q0 to      R2C15B.B0 state_adj_158
CTOF_DEL    ---     0.101      R2C15B.B0 to      R2C15B.F0 SLICE_47
ROUTE         2     0.002      R2C15B.F0 to     R2C15B.DI0 loadCS_N_149 (to CLK_c)
                  --------
                    0.462   (50.6% logic, 49.4% route), 2 logic levels.

 Clock Skew Details: 

      Source Clock Path CLK to SLICE_18:

   Name    Fanout   Delay (ns)          Site               Resource
ROUTE         7     0.868       92.PADDI to     R3C15B.CLK CLK_c
                  --------
                    0.868   (0.0% logic, 100.0% route), 0 logic levels.

      Destination Clock Path CLK to SLICE_47:

   Name    Fanout   Delay (ns)          Site               Resource
ROUTE         7     0.868       92.PADDI to     R2C15B.CLK CLK_c
                  --------
                    0.868   (0.0% logic, 100.0% route), 0 logic levels.


Passed: The following path meets requirements by 0.535ns

 Logical Details:  Cell type  Pin type       Cell/ASIC name  (clock net +/-)

   Source:         FF         Q              u_RAM_Line_CS_TA/state_26  (from CLK_c +)
   Destination:    FF         Data in        u_RAM_Line_CS_TA/int_RAM_LINE_CS_N_29  (to CLK_c +)

   Delay:               0.522ns  (64.2% logic, 35.8% route), 3 logic levels.

 Constraint Details:

      0.522ns physical path delay SLICE_17 to SLICE_6 meets
     -0.013ns DIN_HLD and
      0.000ns delay constraint less
      0.000ns skew requirement (totaling -0.013ns) by 0.535ns

 Physical Path Details:

      Data path SLICE_17 to SLICE_6:

   Name    Fanout   Delay (ns)          Site               Resource
REG_DEL     ---     0.133     R2C16B.CLK to      R2C16B.Q0 SLICE_17 (from CLK_c)
ROUTE         1     0.130      R2C16B.Q0 to      R2C16B.A0 state
CTOF_DEL    ---     0.101      R2C16B.A0 to      R2C16B.F0 SLICE_17
ROUTE         2     0.055      R2C16B.F0 to      R2C16C.D0 n588
CTOF_DEL    ---     0.101      R2C16C.D0 to      R2C16C.F0 SLICE_6
ROUTE         2     0.002      R2C16C.F0 to     R2C16C.DI0 loadCS_N_81 (to CLK_c)
                  --------
                    0.522   (64.2% logic, 35.8% route), 3 logic levels.

 Clock Skew Details: 

      Source Clock Path CLK to SLICE_17:

   Name    Fanout   Delay (ns)          Site               Resource
ROUTE         7     0.868       92.PADDI to     R2C16B.CLK CLK_c
                  --------
                    0.868   (0.0% logic, 100.0% route), 0 logic levels.

      Destination Clock Path CLK to SLICE_6:

   Name    Fanout   Delay (ns)          Site               Resource
ROUTE         7     0.868       92.PADDI to     R2C16C.CLK CLK_c
                  --------
                    0.868   (0.0% logic, 100.0% route), 0 logic levels.


Passed: The following path meets requirements by 0.633ns

 Logical Details:  Cell type  Pin type       Cell/ASIC name  (clock net +/-)

   Source:         FF         Q              u_ROM_CS_TA/state_26  (from CLK_c +)
   Destination:    FF         Data in        u_ROM_CS_TA/loadCS_27  (to CLK_c +)

   Delay:               0.614ns  (38.1% logic, 61.9% route), 2 logic levels.

 Constraint Details:

      0.614ns physical path delay SLICE_18 to SLICE_5 meets
     -0.019ns M_HLD and
      0.000ns delay constraint less
      0.000ns skew requirement (totaling -0.019ns) by 0.633ns

 Physical Path Details:

      Data path SLICE_18 to SLICE_5:

   Name    Fanout   Delay (ns)          Site               Resource
REG_DEL     ---     0.133     R3C15B.CLK to      R3C15B.Q0 SLICE_18 (from CLK_c)
ROUTE         3     0.226      R3C15B.Q0 to      R2C15B.B0 state_adj_158
CTOF_DEL    ---     0.101      R2C15B.B0 to      R2C15B.F0 SLICE_47
ROUTE         2     0.154      R2C15B.F0 to      R2C15D.M1 loadCS_N_149 (to CLK_c)
                  --------
                    0.614   (38.1% logic, 61.9% route), 2 logic levels.

 Clock Skew Details: 

      Source Clock Path CLK to SLICE_18:

   Name    Fanout   Delay (ns)          Site               Resource
ROUTE         7     0.868       92.PADDI to     R3C15B.CLK CLK_c
                  --------
                    0.868   (0.0% logic, 100.0% route), 0 logic levels.

      Destination Clock Path CLK to SLICE_5:

   Name    Fanout   Delay (ns)          Site               Resource
ROUTE         7     0.868       92.PADDI to     R2C15D.CLK CLK_c
                  --------
                    0.868   (0.0% logic, 100.0% route), 0 logic levels.


Passed: The following path meets requirements by 0.807ns

 Logical Details:  Cell type  Pin type       Cell/ASIC name  (clock net +/-)

   Source:         FF         Q              u_RAM_Line_CS_TA/state_26  (from CLK_c +)
   Destination:    FF         Data in        u_RAM_Line_CS_TA/loadCS_27  (to CLK_c +)

   Delay:               0.788ns  (42.5% logic, 57.5% route), 3 logic levels.

 Constraint Details:

      0.788ns physical path delay SLICE_17 to SLICE_47 meets
     -0.019ns M_HLD and
      0.000ns delay constraint less
      0.000ns skew requirement (totaling -0.019ns) by 0.807ns

 Physical Path Details:

      Data path SLICE_17 to SLICE_47:

   Name    Fanout   Delay (ns)          Site               Resource
REG_DEL     ---     0.133     R2C16B.CLK to      R2C16B.Q0 SLICE_17 (from CLK_c)
ROUTE         1     0.130      R2C16B.Q0 to      R2C16B.A0 state
CTOF_DEL    ---     0.101      R2C16B.A0 to      R2C16B.F0 SLICE_17
ROUTE         2     0.055      R2C16B.F0 to      R2C16C.D0 n588
CTOF_DEL    ---     0.101      R2C16C.D0 to      R2C16C.F0 SLICE_6
ROUTE         2     0.268      R2C16C.F0 to      R2C15B.M1 loadCS_N_81 (to CLK_c)
                  --------
                    0.788   (42.5% logic, 57.5% route), 3 logic levels.

 Clock Skew Details: 

      Source Clock Path CLK to SLICE_17:

   Name    Fanout   Delay (ns)          Site               Resource
ROUTE         7     0.868       92.PADDI to     R2C16B.CLK CLK_c
                  --------
                    0.868   (0.0% logic, 100.0% route), 0 logic levels.

      Destination Clock Path CLK to SLICE_47:

   Name    Fanout   Delay (ns)          Site               Resource
ROUTE         7     0.868       92.PADDI to     R2C15B.CLK CLK_c
                  --------
                    0.868   (0.0% logic, 100.0% route), 0 logic levels.


Passed: The following path meets requirements by 5.206ns

 Logical Details:  Cell type  Pin type       Cell/ASIC name  (clock net +/-)

   Source:         FF         Q              u_RAM_Line_CS_TA/u_SR_LINE_RAMS_CS/shift_reg_i15  (from CLKOS2 +)
   Destination:    FF         Data in        u_RAM_Line_CS_TA/state_26  (to CLK_c +)

   Delay:               0.372ns  (62.9% logic, 37.1% route), 2 logic levels.

 Constraint Details:

      0.372ns physical path delay u_RAM_Line_CS_TA/u_SR_LINE_RAMS_CS/SLICE_71 to SLICE_17 meets
     -0.013ns DIN_HLD and
      0.000ns delay constraint less
      5.136ns skew less
     -0.315ns feedback compensation requirement (totaling -4.834ns) by 5.206ns

 Physical Path Details:

      Data path u_RAM_Line_CS_TA/u_SR_LINE_RAMS_CS/SLICE_71 to SLICE_17:

   Name    Fanout   Delay (ns)          Site               Resource
REG_DEL     ---     0.133     R2C17D.CLK to      R2C17D.Q1 u_RAM_Line_CS_TA/u_SR_LINE_RAMS_CS/SLICE_71 (from CLKOS2)
ROUTE         2     0.136      R2C17D.Q1 to      R2C16B.D0 RAM_LINE_CS_END
CTOF_DEL    ---     0.101      R2C16B.D0 to      R2C16B.F0 SLICE_17
ROUTE         2     0.002      R2C16B.F0 to     R2C16B.DI0 n588 (to CLK_c)
                  --------
                    0.372   (62.9% logic, 37.1% route), 2 logic levels.

 Clock Skew Details: 

      Source Clock Path CLK to u_RAM_Line_CS_TA/u_SR_LINE_RAMS_CS/SLICE_71:

   Name    Fanout   Delay (ns)          Site               Resource
PADI_DEL    ---     0.454         92.PAD to       92.PADDI CLK
ROUTE         7     0.922       92.PADDI to      RPLL.CLKI CLK_c
CLKI2OS2_D  ---     4.375      RPLL.CLKI to    RPLL.CLKOS2 u_ZenPLL/PLLInst_0
ROUTE        32     0.707    RPLL.CLKOS2 to     R2C17D.CLK CLKOS2
                  --------
                    6.458   (74.8% logic, 25.2% route), 2 logic levels.

      Source Clock f/b:

   Name    Fanout   Delay (ns)          Site               Resource
CLKFB2OP_D  ---     0.000     RPLL.CLKFB to     RPLL.CLKOP u_ZenPLL/PLLInst_0
ROUTE         1     0.315     RPLL.CLKOP to     RPLL.CLKFB u_ZenPLL/CLKOP
                  --------
                    0.315   (0.0% logic, 100.0% route), 1 logic levels.

      Destination Clock Path CLK to SLICE_17:

   Name    Fanout   Delay (ns)          Site               Resource
PADI_DEL    ---     0.454         92.PAD to       92.PADDI CLK
ROUTE         7     0.868       92.PADDI to     R2C16B.CLK CLK_c
                  --------
                    1.322   (34.3% logic, 65.7% route), 1 logic levels.


Passed: The following path meets requirements by 5.295ns

 Logical Details:  Cell type  Pin type       Cell/ASIC name  (clock net +/-)

   Source:         FF         Q              u_ROM_CS_TA/u_SR_ROMS_CS/shift_reg_i10  (from CLKOS2 +)
   Destination:    FF         Data in        u_ROM_CS_TA/state_26  (to CLK_c +)

   Delay:               0.461ns  (50.8% logic, 49.2% route), 2 logic levels.

 Constraint Details:

      0.461ns physical path delay u_ROM_CS_TA/u_SR_ROMS_CS/SLICE_56 to SLICE_18 meets
     -0.013ns DIN_HLD and
      0.000ns delay constraint less
      5.136ns skew less
     -0.315ns feedback compensation requirement (totaling -4.834ns) by 5.295ns

 Physical Path Details:

      Data path u_ROM_CS_TA/u_SR_ROMS_CS/SLICE_56 to SLICE_18:

   Name    Fanout   Delay (ns)          Site               Resource
REG_DEL     ---     0.133     R3C12D.CLK to      R3C12D.Q1 u_ROM_CS_TA/u_SR_ROMS_CS/SLICE_56 (from CLKOS2)
ROUTE         5     0.227      R3C12D.Q1 to      R3C15B.D0 ROM_CS_END
CTOF_DEL    ---     0.101      R3C15B.D0 to      R3C15B.F0 SLICE_18
ROUTE         1     0.000      R3C15B.F0 to     R3C15B.DI0 state_N_142 (to CLK_c)
                  --------
                    0.461   (50.8% logic, 49.2% route), 2 logic levels.

 Clock Skew Details: 

      Source Clock Path CLK to u_ROM_CS_TA/u_SR_ROMS_CS/SLICE_56:

   Name    Fanout   Delay (ns)          Site               Resource
PADI_DEL    ---     0.454         92.PAD to       92.PADDI CLK
ROUTE         7     0.922       92.PADDI to      RPLL.CLKI CLK_c
CLKI2OS2_D  ---     4.375      RPLL.CLKI to    RPLL.CLKOS2 u_ZenPLL/PLLInst_0
ROUTE        32     0.707    RPLL.CLKOS2 to     R3C12D.CLK CLKOS2
                  --------
                    6.458   (74.8% logic, 25.2% route), 2 logic levels.

      Source Clock f/b:

   Name    Fanout   Delay (ns)          Site               Resource
CLKFB2OP_D  ---     0.000     RPLL.CLKFB to     RPLL.CLKOP u_ZenPLL/PLLInst_0
ROUTE         1     0.315     RPLL.CLKOP to     RPLL.CLKFB u_ZenPLL/CLKOP
                  --------
                    0.315   (0.0% logic, 100.0% route), 1 logic levels.

      Destination Clock Path CLK to SLICE_18:

   Name    Fanout   Delay (ns)          Site               Resource
PADI_DEL    ---     0.454         92.PAD to       92.PADDI CLK
ROUTE         7     0.868       92.PADDI to     R3C15B.CLK CLK_c
                  --------
                    1.322   (34.3% logic, 65.7% route), 1 logic levels.


Passed: The following path meets requirements by 5.295ns

 Logical Details:  Cell type  Pin type       Cell/ASIC name  (clock net +/-)

   Source:         FF         Q              u_ROM_CS_TA/u_SR_ROMS_CS/shift_reg_i10  (from CLKOS2 +)
   Destination:    FF         Data in        u_ROM_CS_TA/loadTA_28  (to CLK_c +)

   Delay:               0.461ns  (50.8% logic, 49.2% route), 2 logic levels.

 Constraint Details:

      0.461ns physical path delay u_ROM_CS_TA/u_SR_ROMS_CS/SLICE_56 to SLICE_49 meets
     -0.013ns DIN_HLD and
      0.000ns delay constraint less
      5.136ns skew less
     -0.315ns feedback compensation requirement (totaling -4.834ns) by 5.295ns

 Physical Path Details:

      Data path u_ROM_CS_TA/u_SR_ROMS_CS/SLICE_56 to SLICE_49:

   Name    Fanout   Delay (ns)          Site               Resource
REG_DEL     ---     0.133     R3C12D.CLK to      R3C12D.Q1 u_ROM_CS_TA/u_SR_ROMS_CS/SLICE_56 (from CLKOS2)
ROUTE         5     0.227      R3C12D.Q1 to      R3C15D.D0 ROM_CS_END
CTOF_DEL    ---     0.101      R3C15D.D0 to      R3C15D.F0 SLICE_49
ROUTE         1     0.000      R3C15D.F0 to     R3C15D.DI0 loadTA_N_146 (to CLK_c)
                  --------
                    0.461   (50.8% logic, 49.2% route), 2 logic levels.

 Clock Skew Details: 

      Source Clock Path CLK to u_ROM_CS_TA/u_SR_ROMS_CS/SLICE_56:

   Name    Fanout   Delay (ns)          Site               Resource
PADI_DEL    ---     0.454         92.PAD to       92.PADDI CLK
ROUTE         7     0.922       92.PADDI to      RPLL.CLKI CLK_c
CLKI2OS2_D  ---     4.375      RPLL.CLKI to    RPLL.CLKOS2 u_ZenPLL/PLLInst_0
ROUTE        32     0.707    RPLL.CLKOS2 to     R3C12D.CLK CLKOS2
                  --------
                    6.458   (74.8% logic, 25.2% route), 2 logic levels.

      Source Clock f/b:

   Name    Fanout   Delay (ns)          Site               Resource
CLKFB2OP_D  ---     0.000     RPLL.CLKFB to     RPLL.CLKOP u_ZenPLL/PLLInst_0
ROUTE         1     0.315     RPLL.CLKOP to     RPLL.CLKFB u_ZenPLL/CLKOP
                  --------
                    0.315   (0.0% logic, 100.0% route), 1 logic levels.

      Destination Clock Path CLK to SLICE_49:

   Name    Fanout   Delay (ns)          Site               Resource
PADI_DEL    ---     0.454         92.PAD to       92.PADDI CLK
ROUTE         7     0.868       92.PADDI to     R3C15D.CLK CLK_c
                  --------
                    1.322   (34.3% logic, 65.7% route), 1 logic levels.


================================================================================
Preference: FREQUENCY NET "CLKOS2" 200.000000 MHz ;
            92 items scored, 4 timing errors detected.
--------------------------------------------------------------------------------


Error: The following path exceeds requirements by 1.898ns

 Logical Details:  Cell type  Pin type       Cell/ASIC name  (clock net +/-)

   Source:         FF         Q              u_RAM_Line_CS_TA/loadCS_27  (from CLK_c +)
   Destination:    FF         Data in        u_RAM_Line_CS_TA/u_SR_LINE_RAMS_CS/load_half_13  (to CLKOS2 -)

   Delay:               0.404ns  (32.9% logic, 67.1% route), 1 logic levels.

 Constraint Details:

      0.404ns physical path delay SLICE_47 to u_RAM_Line_CS_TA/SLICE_37 exceeds
     -0.019ns M_HLD and
     -2.500ns delay constraint less
     -5.136ns skew less
      0.315ns feedback compensation requirement (totaling 2.302ns) by 1.898ns

 Physical Path Details:

      Data path SLICE_47 to u_RAM_Line_CS_TA/SLICE_37:

   Name    Fanout   Delay (ns)          Site               Resource
REG_DEL     ---     0.133     R2C15B.CLK to      R2C15B.Q1 SLICE_47 (from CLK_c)
ROUTE         2     0.271      R2C15B.Q1 to      R2C17C.M1 u_RAM_Line_CS_TA/loadTA (to CLKOS2)
                  --------
                    0.404   (32.9% logic, 67.1% route), 1 logic levels.

 Clock Skew Details: 

      Source Clock Path CLK to SLICE_47:

   Name    Fanout   Delay (ns)          Site               Resource
PADI_DEL    ---     0.454         92.PAD to       92.PADDI CLK
ROUTE         7     0.868       92.PADDI to     R2C15B.CLK CLK_c
                  --------
                    1.322   (34.3% logic, 65.7% route), 1 logic levels.

      Destination Clock Path CLK to u_RAM_Line_CS_TA/SLICE_37:

   Name    Fanout   Delay (ns)          Site               Resource
PADI_DEL    ---     0.454         92.PAD to       92.PADDI CLK
ROUTE         7     0.922       92.PADDI to      RPLL.CLKI CLK_c
CLKI2OS2_D  ---     4.375      RPLL.CLKI to    RPLL.CLKOS2 u_ZenPLL/PLLInst_0
ROUTE        32     0.707    RPLL.CLKOS2 to     R2C17C.CLK CLKOS2
                  --------
                    6.458   (74.8% logic, 25.2% route), 2 logic levels.

      Destination Clock f/b:

   Name    Fanout   Delay (ns)          Site               Resource
CLKFB2OP_D  ---     0.000     RPLL.CLKFB to     RPLL.CLKOP u_ZenPLL/PLLInst_0
ROUTE         1     0.315     RPLL.CLKOP to     RPLL.CLKFB u_ZenPLL/CLKOP
                  --------
                    0.315   (0.0% logic, 100.0% route), 1 logic levels.


Error: The following path exceeds requirements by 1.898ns

 Logical Details:  Cell type  Pin type       Cell/ASIC name  (clock net +/-)

   Source:         FF         Q              u_RAM_Line_CS_TA/loadCS_27  (from CLK_c +)
   Destination:    FF         Data in        u_RAM_Line_CS_TA/u_SR_LINE_TA/load_half_13  (to CLKOS2 -)

   Delay:               0.404ns  (32.9% logic, 67.1% route), 1 logic levels.

 Constraint Details:

      0.404ns physical path delay SLICE_47 to u_RAM_Line_CS_TA/SLICE_37 exceeds
     -0.019ns M_HLD and
     -2.500ns delay constraint less
     -5.136ns skew less
      0.315ns feedback compensation requirement (totaling 2.302ns) by 1.898ns

 Physical Path Details:

      Data path SLICE_47 to u_RAM_Line_CS_TA/SLICE_37:

   Name    Fanout   Delay (ns)          Site               Resource
REG_DEL     ---     0.133     R2C15B.CLK to      R2C15B.Q1 SLICE_47 (from CLK_c)
ROUTE         2     0.271      R2C15B.Q1 to      R2C17C.M0 u_RAM_Line_CS_TA/loadTA (to CLKOS2)
                  --------
                    0.404   (32.9% logic, 67.1% route), 1 logic levels.

 Clock Skew Details: 

      Source Clock Path CLK to SLICE_47:

   Name    Fanout   Delay (ns)          Site               Resource
PADI_DEL    ---     0.454         92.PAD to       92.PADDI CLK
ROUTE         7     0.868       92.PADDI to     R2C15B.CLK CLK_c
                  --------
                    1.322   (34.3% logic, 65.7% route), 1 logic levels.

      Destination Clock Path CLK to u_RAM_Line_CS_TA/SLICE_37:

   Name    Fanout   Delay (ns)          Site               Resource
PADI_DEL    ---     0.454         92.PAD to       92.PADDI CLK
ROUTE         7     0.922       92.PADDI to      RPLL.CLKI CLK_c
CLKI2OS2_D  ---     4.375      RPLL.CLKI to    RPLL.CLKOS2 u_ZenPLL/PLLInst_0
ROUTE        32     0.707    RPLL.CLKOS2 to     R2C17C.CLK CLKOS2
                  --------
                    6.458   (74.8% logic, 25.2% route), 2 logic levels.

      Destination Clock f/b:

   Name    Fanout   Delay (ns)          Site               Resource
CLKFB2OP_D  ---     0.000     RPLL.CLKFB to     RPLL.CLKOP u_ZenPLL/PLLInst_0
ROUTE         1     0.315     RPLL.CLKOP to     RPLL.CLKFB u_ZenPLL/CLKOP
                  --------
                    0.315   (0.0% logic, 100.0% route), 1 logic levels.


Error: The following path exceeds requirements by 1.820ns

 Logical Details:  Cell type  Pin type       Cell/ASIC name  (clock net +/-)

   Source:         FF         Q              u_ROM_CS_TA/loadTA_28  (from CLK_c +)
   Destination:    FF         Data in        u_ROM_CS_TA/u_SR_TA/load_half_13  (to CLKOS2 -)

   Delay:               0.482ns  (27.6% logic, 72.4% route), 1 logic levels.

 Constraint Details:

      0.482ns physical path delay SLICE_49 to u_ROM_CS_TA/SLICE_59 exceeds
     -0.019ns M_HLD and
     -2.500ns delay constraint less
     -5.136ns skew less
      0.315ns feedback compensation requirement (totaling 2.302ns) by 1.820ns

 Physical Path Details:

      Data path SLICE_49 to u_ROM_CS_TA/SLICE_59:

   Name    Fanout   Delay (ns)          Site               Resource
REG_DEL     ---     0.133     R3C15D.CLK to      R3C15D.Q0 SLICE_49 (from CLK_c)
ROUTE         1     0.349      R3C15D.Q0 to      R3C12A.M0 u_ROM_CS_TA/loadTA (to CLKOS2)
                  --------
                    0.482   (27.6% logic, 72.4% route), 1 logic levels.

 Clock Skew Details: 

      Source Clock Path CLK to SLICE_49:

   Name    Fanout   Delay (ns)          Site               Resource
PADI_DEL    ---     0.454         92.PAD to       92.PADDI CLK
ROUTE         7     0.868       92.PADDI to     R3C15D.CLK CLK_c
                  --------
                    1.322   (34.3% logic, 65.7% route), 1 logic levels.

      Destination Clock Path CLK to u_ROM_CS_TA/SLICE_59:

   Name    Fanout   Delay (ns)          Site               Resource
PADI_DEL    ---     0.454         92.PAD to       92.PADDI CLK
ROUTE         7     0.922       92.PADDI to      RPLL.CLKI CLK_c
CLKI2OS2_D  ---     4.375      RPLL.CLKI to    RPLL.CLKOS2 u_ZenPLL/PLLInst_0
ROUTE        32     0.707    RPLL.CLKOS2 to     R3C12A.CLK CLKOS2
                  --------
                    6.458   (74.8% logic, 25.2% route), 2 logic levels.

      Destination Clock f/b:

   Name    Fanout   Delay (ns)          Site               Resource
CLKFB2OP_D  ---     0.000     RPLL.CLKFB to     RPLL.CLKOP u_ZenPLL/PLLInst_0
ROUTE         1     0.315     RPLL.CLKOP to     RPLL.CLKFB u_ZenPLL/CLKOP
                  --------
                    0.315   (0.0% logic, 100.0% route), 1 logic levels.


Error: The following path exceeds requirements by 1.766ns

 Logical Details:  Cell type  Pin type       Cell/ASIC name  (clock net +/-)

   Source:         FF         Q              u_ROM_CS_TA/loadCS_27  (from CLK_c +)
   Destination:    FF         Data in        u_ROM_CS_TA/u_SR_ROMS_CS/load_half_13  (to CLKOS2 -)

   Delay:               0.536ns  (24.8% logic, 75.2% route), 1 logic levels.

 Constraint Details:

      0.536ns physical path delay SLICE_5 to u_ROM_CS_TA/SLICE_59 exceeds
     -0.019ns M_HLD and
     -2.500ns delay constraint less
     -5.136ns skew less
      0.315ns feedback compensation requirement (totaling 2.302ns) by 1.766ns

 Physical Path Details:

      Data path SLICE_5 to u_ROM_CS_TA/SLICE_59:

   Name    Fanout   Delay (ns)          Site               Resource
REG_DEL     ---     0.133     R2C15D.CLK to      R2C15D.Q1 SLICE_5 (from CLK_c)
ROUTE         1     0.403      R2C15D.Q1 to      R3C12A.M1 u_ROM_CS_TA/loadCS (to CLKOS2)
                  --------
                    0.536   (24.8% logic, 75.2% route), 1 logic levels.

 Clock Skew Details: 

      Source Clock Path CLK to SLICE_5:

   Name    Fanout   Delay (ns)          Site               Resource
PADI_DEL    ---     0.454         92.PAD to       92.PADDI CLK
ROUTE         7     0.868       92.PADDI to     R2C15D.CLK CLK_c
                  --------
                    1.322   (34.3% logic, 65.7% route), 1 logic levels.

      Destination Clock Path CLK to u_ROM_CS_TA/SLICE_59:

   Name    Fanout   Delay (ns)          Site               Resource
PADI_DEL    ---     0.454         92.PAD to       92.PADDI CLK
ROUTE         7     0.922       92.PADDI to      RPLL.CLKI CLK_c
CLKI2OS2_D  ---     4.375      RPLL.CLKI to    RPLL.CLKOS2 u_ZenPLL/PLLInst_0
ROUTE        32     0.707    RPLL.CLKOS2 to     R3C12A.CLK CLKOS2
                  --------
                    6.458   (74.8% logic, 25.2% route), 2 logic levels.

      Destination Clock f/b:

   Name    Fanout   Delay (ns)          Site               Resource
CLKFB2OP_D  ---     0.000     RPLL.CLKFB to     RPLL.CLKOP u_ZenPLL/PLLInst_0
ROUTE         1     0.315     RPLL.CLKOP to     RPLL.CLKFB u_ZenPLL/CLKOP
                  --------
                    0.315   (0.0% logic, 100.0% route), 1 logic levels.


Passed: The following path meets requirements by 0.304ns

 Logical Details:  Cell type  Pin type       Cell/ASIC name  (clock net +/-)

   Source:         FF         Q              u_RAM_Line_CS_TA/u_SR_LINE_RAMS_CS/shift_reg_i0  (from CLKOS2 +)
   Destination:    FF         Data in        u_RAM_Line_CS_TA/u_SR_LINE_RAMS_CS/shift_reg_i1  (to CLKOS2 +)

   Delay:               0.285ns  (46.7% logic, 53.3% route), 1 logic levels.

 Constraint Details:

      0.285ns physical path delay SLICE_15 to u_RAM_Line_CS_TA/u_SR_LINE_RAMS_CS/SLICE_12 meets
     -0.019ns M_HLD and
      0.000ns delay constraint less
      0.000ns skew requirement (totaling -0.019ns) by 0.304ns

 Physical Path Details:

      Data path SLICE_15 to u_RAM_Line_CS_TA/u_SR_LINE_RAMS_CS/SLICE_12:

   Name    Fanout   Delay (ns)          Site               Resource
REG_DEL     ---     0.133     R2C18B.CLK to      R2C18B.Q1 SLICE_15 (from CLKOS2)
ROUTE         1     0.152      R2C18B.Q1 to      R2C18C.M1 u_RAM_Line_CS_TA/u_SR_LINE_RAMS_CS/shift_reg_0 (to CLKOS2)
                  --------
                    0.285   (46.7% logic, 53.3% route), 1 logic levels.

 Clock Skew Details: 

      Source Clock Path u_ZenPLL/PLLInst_0 to SLICE_15:

   Name    Fanout   Delay (ns)          Site               Resource
ROUTE        32     0.707    RPLL.CLKOS2 to     R2C18B.CLK CLKOS2
                  --------
                    0.707   (0.0% logic, 100.0% route), 0 logic levels.

      Destination Clock Path u_ZenPLL/PLLInst_0 to u_RAM_Line_CS_TA/u_SR_LINE_RAMS_CS/SLICE_12:

   Name    Fanout   Delay (ns)          Site               Resource
ROUTE        32     0.707    RPLL.CLKOS2 to     R2C18C.CLK CLKOS2
                  --------
                    0.707   (0.0% logic, 100.0% route), 0 logic levels.


Passed: The following path meets requirements by 0.304ns

 Logical Details:  Cell type  Pin type       Cell/ASIC name  (clock net +/-)

   Source:         FF         Q              u_RAM_Line_CS_TA/u_SR_LINE_RAMS_CS/shift_reg_i6  (from CLKOS2 +)
   Destination:    FF         Data in        u_RAM_Line_CS_TA/u_SR_LINE_RAMS_CS/shift_reg_i7  (to CLKOS2 +)

   Delay:               0.285ns  (46.7% logic, 53.3% route), 1 logic levels.

 Constraint Details:

      0.285ns physical path delay SLICE_35 to u_RAM_Line_CS_TA/u_SR_LINE_RAMS_CS/SLICE_10 meets
     -0.019ns M_HLD and
      0.000ns delay constraint less
      0.000ns skew requirement (totaling -0.019ns) by 0.304ns

 Physical Path Details:

      Data path SLICE_35 to u_RAM_Line_CS_TA/u_SR_LINE_RAMS_CS/SLICE_10:

   Name    Fanout   Delay (ns)          Site               Resource
REG_DEL     ---     0.133     R2C19B.CLK to      R2C19B.Q1 SLICE_35 (from CLKOS2)
ROUTE         1     0.152      R2C19B.Q1 to      R2C19C.M0 u_RAM_Line_CS_TA/u_SR_LINE_RAMS_CS/shift_reg_6 (to CLKOS2)
                  --------
                    0.285   (46.7% logic, 53.3% route), 1 logic levels.

 Clock Skew Details: 

      Source Clock Path u_ZenPLL/PLLInst_0 to SLICE_35:

   Name    Fanout   Delay (ns)          Site               Resource
ROUTE        32     0.707    RPLL.CLKOS2 to     R2C19B.CLK CLKOS2
                  --------
                    0.707   (0.0% logic, 100.0% route), 0 logic levels.

      Destination Clock Path u_ZenPLL/PLLInst_0 to u_RAM_Line_CS_TA/u_SR_LINE_RAMS_CS/SLICE_10:

   Name    Fanout   Delay (ns)          Site               Resource
ROUTE        32     0.707    RPLL.CLKOS2 to     R2C19C.CLK CLKOS2
                  --------
                    0.707   (0.0% logic, 100.0% route), 0 logic levels.


Passed: The following path meets requirements by 0.304ns

 Logical Details:  Cell type  Pin type       Cell/ASIC name  (clock net +/-)

   Source:         FF         Q              u_RAM_Line_CS_TA/u_SR_LINE_RAMS_CS/shift_reg_i10  (from CLKOS2 +)
   Destination:    FF         Data in        u_RAM_Line_CS_TA/u_SR_LINE_RAMS_CS/shift_reg_i11  (to CLKOS2 +)

   Delay:               0.285ns  (46.7% logic, 53.3% route), 1 logic levels.

 Constraint Details:

      0.285ns physical path delay SLICE_36 to u_RAM_Line_CS_TA/u_SR_LINE_RAMS_CS/SLICE_12 meets
     -0.019ns M_HLD and
      0.000ns delay constraint less
      0.000ns skew requirement (totaling -0.019ns) by 0.304ns

 Physical Path Details:

      Data path SLICE_36 to u_RAM_Line_CS_TA/u_SR_LINE_RAMS_CS/SLICE_12:

   Name    Fanout   Delay (ns)          Site               Resource
REG_DEL     ---     0.133     R2C18A.CLK to      R2C18A.Q0 SLICE_36 (from CLKOS2)
ROUTE         1     0.152      R2C18A.Q0 to      R2C18C.M0 u_RAM_Line_CS_TA/u_SR_LINE_RAMS_CS/shift_reg_10 (to CLKOS2)
                  --------
                    0.285   (46.7% logic, 53.3% route), 1 logic levels.

 Clock Skew Details: 

      Source Clock Path u_ZenPLL/PLLInst_0 to SLICE_36:

   Name    Fanout   Delay (ns)          Site               Resource
ROUTE        32     0.707    RPLL.CLKOS2 to     R2C18A.CLK CLKOS2
                  --------
                    0.707   (0.0% logic, 100.0% route), 0 logic levels.

      Destination Clock Path u_ZenPLL/PLLInst_0 to u_RAM_Line_CS_TA/u_SR_LINE_RAMS_CS/SLICE_12:

   Name    Fanout   Delay (ns)          Site               Resource
ROUTE        32     0.707    RPLL.CLKOS2 to     R2C18C.CLK CLKOS2
                  --------
                    0.707   (0.0% logic, 100.0% route), 0 logic levels.


Passed: The following path meets requirements by 0.304ns

 Logical Details:  Cell type  Pin type       Cell/ASIC name  (clock net +/-)

   Source:         FF         Q              u_ROM_CS_TA/u_SR_TA/shift_reg_i8  (from CLKOS2 +)
   Destination:    FF         Data in        u_ROM_CS_TA/u_SR_TA/shift_reg_i9  (to CLKOS2 +)

   Delay:               0.285ns  (46.7% logic, 53.3% route), 1 logic levels.

 Constraint Details:

      0.285ns physical path delay SLICE_65 to SLICE_65 meets
     -0.019ns M_HLD and
      0.000ns delay constraint less
      0.000ns skew requirement (totaling -0.019ns) by 0.304ns

 Physical Path Details:

      Data path SLICE_65 to SLICE_65:

   Name    Fanout   Delay (ns)          Site               Resource
REG_DEL     ---     0.133     R2C15C.CLK to      R2C15C.Q0 SLICE_65 (from CLKOS2)
ROUTE         1     0.152      R2C15C.Q0 to      R2C15C.M1 u_ROM_CS_TA/u_SR_TA/shift_reg_13 (to CLKOS2)
                  --------
                    0.285   (46.7% logic, 53.3% route), 1 logic levels.

 Clock Skew Details: 

      Source Clock Path u_ZenPLL/PLLInst_0 to SLICE_65:

   Name    Fanout   Delay (ns)          Site               Resource
ROUTE        32     0.707    RPLL.CLKOS2 to     R2C15C.CLK CLKOS2
                  --------
                    0.707   (0.0% logic, 100.0% route), 0 logic levels.

      Destination Clock Path u_ZenPLL/PLLInst_0 to SLICE_65:

   Name    Fanout   Delay (ns)          Site               Resource
ROUTE        32     0.707    RPLL.CLKOS2 to     R2C15C.CLK CLKOS2
                  --------
                    0.707   (0.0% logic, 100.0% route), 0 logic levels.


Passed: The following path meets requirements by 0.304ns

 Logical Details:  Cell type  Pin type       Cell/ASIC name  (clock net +/-)

   Source:         FF         Q              u_RAM_Line_CS_TA/u_SR_LINE_TA/shift_reg_i7  (from CLKOS2 +)
   Destination:    FF         Data in        u_RAM_Line_CS_TA/u_SR_LINE_TA/shift_reg_i8  (to CLKOS2 +)

   Delay:               0.285ns  (46.7% logic, 53.3% route), 1 logic levels.

 Constraint Details:

      0.285ns physical path delay u_RAM_Line_CS_TA/u_SR_LINE_TA/SLICE_83 to u_RAM_Line_CS_TA/u_SR_LINE_TA/SLICE_83 meets
     -0.019ns M_HLD and
      0.000ns delay constraint less
      0.000ns skew requirement (totaling -0.019ns) by 0.304ns

 Physical Path Details:

      Data path u_RAM_Line_CS_TA/u_SR_LINE_TA/SLICE_83 to u_RAM_Line_CS_TA/u_SR_LINE_TA/SLICE_83:

   Name    Fanout   Delay (ns)          Site               Resource
REG_DEL     ---     0.133     R3C19A.CLK to      R3C19A.Q1 u_RAM_Line_CS_TA/u_SR_LINE_TA/SLICE_83 (from CLKOS2)
ROUTE         1     0.152      R3C19A.Q1 to      R3C19A.M0 u_RAM_Line_CS_TA/u_SR_LINE_TA/shift_reg_7 (to CLKOS2)
                  --------
                    0.285   (46.7% logic, 53.3% route), 1 logic levels.

 Clock Skew Details: 

      Source Clock Path u_ZenPLL/PLLInst_0 to u_RAM_Line_CS_TA/u_SR_LINE_TA/SLICE_83:

   Name    Fanout   Delay (ns)          Site               Resource
ROUTE        32     0.707    RPLL.CLKOS2 to     R3C19A.CLK CLKOS2
                  --------
                    0.707   (0.0% logic, 100.0% route), 0 logic levels.

      Destination Clock Path u_ZenPLL/PLLInst_0 to u_RAM_Line_CS_TA/u_SR_LINE_TA/SLICE_83:

   Name    Fanout   Delay (ns)          Site               Resource
ROUTE        32     0.707    RPLL.CLKOS2 to     R3C19A.CLK CLKOS2
                  --------
                    0.707   (0.0% logic, 100.0% route), 0 logic levels.


Passed: The following path meets requirements by 0.304ns

 Logical Details:  Cell type  Pin type       Cell/ASIC name  (clock net +/-)

   Source:         FF         Q              u_ROM_CS_TA/u_SR_ROMS_CS/shift_reg_i7  (from CLKOS2 +)
   Destination:    FF         Data in        u_ROM_CS_TA/u_SR_ROMS_CS/shift_reg_i8  (to CLKOS2 +)

   Delay:               0.285ns  (46.7% logic, 53.3% route), 1 logic levels.

 Constraint Details:

      0.285ns physical path delay u_ROM_CS_TA/u_SR_ROMS_CS/SLICE_57 to u_ROM_CS_TA/u_SR_ROMS_CS/SLICE_58 meets
     -0.019ns M_HLD and
      0.000ns delay constraint less
      0.000ns skew requirement (totaling -0.019ns) by 0.304ns

 Physical Path Details:

      Data path u_ROM_CS_TA/u_SR_ROMS_CS/SLICE_57 to u_ROM_CS_TA/u_SR_ROMS_CS/SLICE_58:

   Name    Fanout   Delay (ns)          Site               Resource
REG_DEL     ---     0.133     R3C11B.CLK to      R3C11B.Q0 u_ROM_CS_TA/u_SR_ROMS_CS/SLICE_57 (from CLKOS2)
ROUTE         1     0.152      R3C11B.Q0 to      R3C11C.M1 u_ROM_CS_TA/u_SR_ROMS_CS/shift_reg_12 (to CLKOS2)
                  --------
                    0.285   (46.7% logic, 53.3% route), 1 logic levels.

 Clock Skew Details: 

      Source Clock Path u_ZenPLL/PLLInst_0 to u_ROM_CS_TA/u_SR_ROMS_CS/SLICE_57:

   Name    Fanout   Delay (ns)          Site               Resource
ROUTE        32     0.707    RPLL.CLKOS2 to     R3C11B.CLK CLKOS2
                  --------
                    0.707   (0.0% logic, 100.0% route), 0 logic levels.

      Destination Clock Path u_ZenPLL/PLLInst_0 to u_ROM_CS_TA/u_SR_ROMS_CS/SLICE_58:

   Name    Fanout   Delay (ns)          Site               Resource
ROUTE        32     0.707    RPLL.CLKOS2 to     R3C11C.CLK CLKOS2
                  --------
                    0.707   (0.0% logic, 100.0% route), 0 logic levels.


================================================================================
Preference: FREQUENCY NET "CLKOS" 200.000000 MHz ;
            28 items scored, 0 timing errors detected.
--------------------------------------------------------------------------------


Passed: The following path meets requirements by 0.304ns

 Logical Details:  Cell type  Pin type       Cell/ASIC name  (clock net +/-)

   Source:         FF         Q              u_RAM_CS_TA/u_SR_RAMS_CS/shift_reg_i1  (from CLKOS +)
   Destination:    FF         Data in        u_RAM_CS_TA/u_SR_RAMS_CS/shift_reg_i2  (to CLKOS +)

   Delay:               0.285ns  (46.7% logic, 53.3% route), 1 logic levels.

 Constraint Details:

      0.285ns physical path delay SLICE_66 to SLICE_66 meets
     -0.019ns M_HLD and
      0.000ns delay constraint less
      0.000ns skew requirement (totaling -0.019ns) by 0.304ns

 Physical Path Details:

      Data path SLICE_66 to SLICE_66:

   Name    Fanout   Delay (ns)          Site               Resource
REG_DEL     ---     0.133     R2C16D.CLK to      R2C16D.Q0 SLICE_66 (from CLKOS)
ROUTE         1     0.152      R2C16D.Q0 to      R2C16D.M1 u_RAM_CS_TA/u_SR_RAMS_CS/shift_reg_1 (to CLKOS)
                  --------
                    0.285   (46.7% logic, 53.3% route), 1 logic levels.

 Clock Skew Details: 

      Source Clock Path u_ZenPLL/PLLInst_0 to SLICE_66:

   Name    Fanout   Delay (ns)          Site               Resource
ROUTE        11     0.707     RPLL.CLKOS to     R2C16D.CLK CLKOS
                  --------
                    0.707   (0.0% logic, 100.0% route), 0 logic levels.

      Destination Clock Path u_ZenPLL/PLLInst_0 to SLICE_66:

   Name    Fanout   Delay (ns)          Site               Resource
ROUTE        11     0.707     RPLL.CLKOS to     R2C16D.CLK CLKOS
                  --------
                    0.707   (0.0% logic, 100.0% route), 0 logic levels.


Passed: The following path meets requirements by 0.304ns

 Logical Details:  Cell type  Pin type       Cell/ASIC name  (clock net +/-)

   Source:         FF         Q              u_RAM_CS_TA/u_SR_RAMS_CS/shift_reg_i3  (from CLKOS +)
   Destination:    FF         Data in        u_RAM_CS_TA/u_SR_RAMS_CS/shift_reg_i4  (to CLKOS +)

   Delay:               0.285ns  (46.7% logic, 53.3% route), 1 logic levels.

 Constraint Details:

      0.285ns physical path delay SLICE_67 to SLICE_67 meets
     -0.019ns M_HLD and
      0.000ns delay constraint less
      0.000ns skew requirement (totaling -0.019ns) by 0.304ns

 Physical Path Details:

      Data path SLICE_67 to SLICE_67:

   Name    Fanout   Delay (ns)          Site               Resource
REG_DEL     ---     0.133     R3C16A.CLK to      R3C16A.Q0 SLICE_67 (from CLKOS)
ROUTE         1     0.152      R3C16A.Q0 to      R3C16A.M1 u_RAM_CS_TA/u_SR_RAMS_CS/shift_reg_3 (to CLKOS)
                  --------
                    0.285   (46.7% logic, 53.3% route), 1 logic levels.

 Clock Skew Details: 

      Source Clock Path u_ZenPLL/PLLInst_0 to SLICE_67:

   Name    Fanout   Delay (ns)          Site               Resource
ROUTE        11     0.707     RPLL.CLKOS to     R3C16A.CLK CLKOS
                  --------
                    0.707   (0.0% logic, 100.0% route), 0 logic levels.

      Destination Clock Path u_ZenPLL/PLLInst_0 to SLICE_67:

   Name    Fanout   Delay (ns)          Site               Resource
ROUTE        11     0.707     RPLL.CLKOS to     R3C16A.CLK CLKOS
                  --------
                    0.707   (0.0% logic, 100.0% route), 0 logic levels.


Passed: The following path meets requirements by 0.304ns

 Logical Details:  Cell type  Pin type       Cell/ASIC name  (clock net +/-)

   Source:         FF         Q              u_RAM_CS_TA/u_SR_TA/shift_reg_i1  (from CLKOS +)
   Destination:    FF         Data in        u_RAM_CS_TA/u_SR_TA/shift_reg_i2  (to CLKOS +)

   Delay:               0.285ns  (46.7% logic, 53.3% route), 1 logic levels.

 Constraint Details:

      0.285ns physical path delay SLICE_69 to SLICE_69 meets
     -0.019ns M_HLD and
      0.000ns delay constraint less
      0.000ns skew requirement (totaling -0.019ns) by 0.304ns

 Physical Path Details:

      Data path SLICE_69 to SLICE_69:

   Name    Fanout   Delay (ns)          Site               Resource
REG_DEL     ---     0.133     R2C16A.CLK to      R2C16A.Q0 SLICE_69 (from CLKOS)
ROUTE         1     0.152      R2C16A.Q0 to      R2C16A.M1 u_RAM_CS_TA/u_SR_TA/shift_reg_1 (to CLKOS)
                  --------
                    0.285   (46.7% logic, 53.3% route), 1 logic levels.

 Clock Skew Details: 

      Source Clock Path u_ZenPLL/PLLInst_0 to SLICE_69:

   Name    Fanout   Delay (ns)          Site               Resource
ROUTE        11     0.707     RPLL.CLKOS to     R2C16A.CLK CLKOS
                  --------
                    0.707   (0.0% logic, 100.0% route), 0 logic levels.

      Destination Clock Path u_ZenPLL/PLLInst_0 to SLICE_69:

   Name    Fanout   Delay (ns)          Site               Resource
ROUTE        11     0.707     RPLL.CLKOS to     R2C16A.CLK CLKOS
                  --------
                    0.707   (0.0% logic, 100.0% route), 0 logic levels.


Passed: The following path meets requirements by 0.304ns

 Logical Details:  Cell type  Pin type       Cell/ASIC name  (clock net +/-)

   Source:         FF         Q              u_RAM_CS_TA/u_SR_TA/shift_reg_i5  (from CLKOS +)
   Destination:    FF         Data in        u_RAM_CS_TA/u_SR_TA/shift_reg_i6  (to CLKOS +)

   Delay:               0.285ns  (46.7% logic, 53.3% route), 1 logic levels.

 Constraint Details:

      0.285ns physical path delay u_RAM_CS_TA/u_SR_TA/SLICE_77 to u_RAM_CS_TA/u_SR_TA/SLICE_77 meets
     -0.019ns M_HLD and
      0.000ns delay constraint less
      0.000ns skew requirement (totaling -0.019ns) by 0.304ns

 Physical Path Details:

      Data path u_RAM_CS_TA/u_SR_TA/SLICE_77 to u_RAM_CS_TA/u_SR_TA/SLICE_77:

   Name    Fanout   Delay (ns)          Site               Resource
REG_DEL     ---     0.133     R3C17A.CLK to      R3C17A.Q1 u_RAM_CS_TA/u_SR_TA/SLICE_77 (from CLKOS)
ROUTE         1     0.152      R3C17A.Q1 to      R3C17A.M0 u_RAM_CS_TA/u_SR_TA/shift_reg_5 (to CLKOS)
                  --------
                    0.285   (46.7% logic, 53.3% route), 1 logic levels.

 Clock Skew Details: 

      Source Clock Path u_ZenPLL/PLLInst_0 to u_RAM_CS_TA/u_SR_TA/SLICE_77:

   Name    Fanout   Delay (ns)          Site               Resource
ROUTE        11     0.707     RPLL.CLKOS to     R3C17A.CLK CLKOS
                  --------
                    0.707   (0.0% logic, 100.0% route), 0 logic levels.

      Destination Clock Path u_ZenPLL/PLLInst_0 to u_RAM_CS_TA/u_SR_TA/SLICE_77:

   Name    Fanout   Delay (ns)          Site               Resource
ROUTE        11     0.707     RPLL.CLKOS to     R3C17A.CLK CLKOS
                  --------
                    0.707   (0.0% logic, 100.0% route), 0 logic levels.


Passed: The following path meets requirements by 0.304ns

 Logical Details:  Cell type  Pin type       Cell/ASIC name  (clock net +/-)

   Source:         FF         Q              u_RAM_CS_TA/u_SR_TA/shift_reg_i4  (from CLKOS +)
   Destination:    FF         Data in        u_RAM_CS_TA/u_SR_TA/shift_reg_i5  (to CLKOS +)

   Delay:               0.285ns  (46.7% logic, 53.3% route), 1 logic levels.

 Constraint Details:

      0.285ns physical path delay u_RAM_CS_TA/u_SR_TA/SLICE_76 to u_RAM_CS_TA/u_SR_TA/SLICE_77 meets
     -0.019ns M_HLD and
      0.000ns delay constraint less
      0.000ns skew requirement (totaling -0.019ns) by 0.304ns

 Physical Path Details:

      Data path u_RAM_CS_TA/u_SR_TA/SLICE_76 to u_RAM_CS_TA/u_SR_TA/SLICE_77:

   Name    Fanout   Delay (ns)          Site               Resource
REG_DEL     ---     0.133     R3C17D.CLK to      R3C17D.Q0 u_RAM_CS_TA/u_SR_TA/SLICE_76 (from CLKOS)
ROUTE         1     0.152      R3C17D.Q0 to      R3C17A.M1 u_RAM_CS_TA/u_SR_TA/shift_reg_4 (to CLKOS)
                  --------
                    0.285   (46.7% logic, 53.3% route), 1 logic levels.

 Clock Skew Details: 

      Source Clock Path u_ZenPLL/PLLInst_0 to u_RAM_CS_TA/u_SR_TA/SLICE_76:

   Name    Fanout   Delay (ns)          Site               Resource
ROUTE        11     0.707     RPLL.CLKOS to     R3C17D.CLK CLKOS
                  --------
                    0.707   (0.0% logic, 100.0% route), 0 logic levels.

      Destination Clock Path u_ZenPLL/PLLInst_0 to u_RAM_CS_TA/u_SR_TA/SLICE_77:

   Name    Fanout   Delay (ns)          Site               Resource
ROUTE        11     0.707     RPLL.CLKOS to     R3C17A.CLK CLKOS
                  --------
                    0.707   (0.0% logic, 100.0% route), 0 logic levels.


Passed: The following path meets requirements by 0.304ns

 Logical Details:  Cell type  Pin type       Cell/ASIC name  (clock net +/-)

   Source:         FF         Q              u_RAM_CS_TA/u_SR_TA/shift_reg_i3  (from CLKOS +)
   Destination:    FF         Data in        u_RAM_CS_TA/u_SR_TA/shift_reg_i4  (to CLKOS +)

   Delay:               0.285ns  (46.7% logic, 53.3% route), 1 logic levels.

 Constraint Details:

      0.285ns physical path delay u_RAM_CS_TA/u_SR_TA/SLICE_76 to u_RAM_CS_TA/u_SR_TA/SLICE_76 meets
     -0.019ns M_HLD and
      0.000ns delay constraint less
      0.000ns skew requirement (totaling -0.019ns) by 0.304ns

 Physical Path Details:

      Data path u_RAM_CS_TA/u_SR_TA/SLICE_76 to u_RAM_CS_TA/u_SR_TA/SLICE_76:

   Name    Fanout   Delay (ns)          Site               Resource
REG_DEL     ---     0.133     R3C17D.CLK to      R3C17D.Q1 u_RAM_CS_TA/u_SR_TA/SLICE_76 (from CLKOS)
ROUTE         1     0.152      R3C17D.Q1 to      R3C17D.M0 u_RAM_CS_TA/u_SR_TA/shift_reg_3 (to CLKOS)
                  --------
                    0.285   (46.7% logic, 53.3% route), 1 logic levels.

 Clock Skew Details: 

      Source Clock Path u_ZenPLL/PLLInst_0 to u_RAM_CS_TA/u_SR_TA/SLICE_76:

   Name    Fanout   Delay (ns)          Site               Resource
ROUTE        11     0.707     RPLL.CLKOS to     R3C17D.CLK CLKOS
                  --------
                    0.707   (0.0% logic, 100.0% route), 0 logic levels.

      Destination Clock Path u_ZenPLL/PLLInst_0 to u_RAM_CS_TA/u_SR_TA/SLICE_76:

   Name    Fanout   Delay (ns)          Site               Resource
ROUTE        11     0.707     RPLL.CLKOS to     R3C17D.CLK CLKOS
                  --------
                    0.707   (0.0% logic, 100.0% route), 0 logic levels.


Passed: The following path meets requirements by 0.304ns

 Logical Details:  Cell type  Pin type       Cell/ASIC name  (clock net +/-)

   Source:         FF         Q              u_RAM_CS_TA/u_SR_TA/shift_reg_i6  (from CLKOS +)
   Destination:    FF         Data in        u_RAM_CS_TA/u_SR_TA/shift_reg_i7  (to CLKOS +)

   Delay:               0.285ns  (46.7% logic, 53.3% route), 1 logic levels.

 Constraint Details:

      0.285ns physical path delay u_RAM_CS_TA/u_SR_TA/SLICE_77 to u_RAM_CS_TA/u_SR_TA/SLICE_19 meets
     -0.019ns M_HLD and
      0.000ns delay constraint less
      0.000ns skew requirement (totaling -0.019ns) by 0.304ns

 Physical Path Details:

      Data path u_RAM_CS_TA/u_SR_TA/SLICE_77 to u_RAM_CS_TA/u_SR_TA/SLICE_19:

   Name    Fanout   Delay (ns)          Site               Resource
REG_DEL     ---     0.133     R3C17A.CLK to      R3C17A.Q0 u_RAM_CS_TA/u_SR_TA/SLICE_77 (from CLKOS)
ROUTE         1     0.152      R3C17A.Q0 to      R3C17B.M0 u_RAM_CS_TA/u_SR_TA/shift_reg_6 (to CLKOS)
                  --------
                    0.285   (46.7% logic, 53.3% route), 1 logic levels.

 Clock Skew Details: 

      Source Clock Path u_ZenPLL/PLLInst_0 to u_RAM_CS_TA/u_SR_TA/SLICE_77:

   Name    Fanout   Delay (ns)          Site               Resource
ROUTE        11     0.707     RPLL.CLKOS to     R3C17A.CLK CLKOS
                  --------
                    0.707   (0.0% logic, 100.0% route), 0 logic levels.

      Destination Clock Path u_ZenPLL/PLLInst_0 to u_RAM_CS_TA/u_SR_TA/SLICE_19:

   Name    Fanout   Delay (ns)          Site               Resource
ROUTE        11     0.707     RPLL.CLKOS to     R3C17B.CLK CLKOS
                  --------
                    0.707   (0.0% logic, 100.0% route), 0 logic levels.


Passed: The following path meets requirements by 0.306ns

 Logical Details:  Cell type  Pin type       Cell/ASIC name  (clock net +/-)

   Source:         FF         Q              u_RAM_CS_TA/u_SR_TA/shift_reg_i0  (from CLKOS +)
   Destination:    FF         Data in        u_RAM_CS_TA/u_SR_TA/shift_reg_i1  (to CLKOS +)

   Delay:               0.287ns  (46.3% logic, 53.7% route), 1 logic levels.

 Constraint Details:

      0.287ns physical path delay u_RAM_CS_TA/u_SR_TA/SLICE_78 to SLICE_69 meets
     -0.019ns M_HLD and
      0.000ns delay constraint less
      0.000ns skew requirement (totaling -0.019ns) by 0.306ns

 Physical Path Details:

      Data path u_RAM_CS_TA/u_SR_TA/SLICE_78 to SLICE_69:

   Name    Fanout   Delay (ns)          Site               Resource
REG_DEL     ---     0.133     R2C17A.CLK to      R2C17A.Q0 u_RAM_CS_TA/u_SR_TA/SLICE_78 (from CLKOS)
ROUTE         1     0.154      R2C17A.Q0 to      R2C16A.M0 u_RAM_CS_TA/u_SR_TA/shift_reg_0 (to CLKOS)
                  --------
                    0.287   (46.3% logic, 53.7% route), 1 logic levels.

 Clock Skew Details: 

      Source Clock Path u_ZenPLL/PLLInst_0 to u_RAM_CS_TA/u_SR_TA/SLICE_78:

   Name    Fanout   Delay (ns)          Site               Resource
ROUTE        11     0.707     RPLL.CLKOS to     R2C17A.CLK CLKOS
                  --------
                    0.707   (0.0% logic, 100.0% route), 0 logic levels.

      Destination Clock Path u_ZenPLL/PLLInst_0 to SLICE_69:

   Name    Fanout   Delay (ns)          Site               Resource
ROUTE        11     0.707     RPLL.CLKOS to     R2C16A.CLK CLKOS
                  --------
                    0.707   (0.0% logic, 100.0% route), 0 logic levels.


Passed: The following path meets requirements by 0.382ns

 Logical Details:  Cell type  Pin type       Cell/ASIC name  (clock net +/-)

   Source:         FF         Q              u_RAM_CS_TA/u_SR_RAMS_CS/load_registered_14  (from CLKOS +)
   Destination:    FF         Data in        u_RAM_CS_TA/u_SR_RAMS_CS/shift_reg_i6  (to CLKOS +)

   Delay:               0.369ns  (63.4% logic, 36.6% route), 2 logic levels.

 Constraint Details:

      0.369ns physical path delay SLICE_25 to SLICE_25 meets
     -0.013ns DIN_HLD and
      0.000ns delay constraint less
      0.000ns skew requirement (totaling -0.013ns) by 0.382ns

 Physical Path Details:

      Data path SLICE_25 to SLICE_25:

   Name    Fanout   Delay (ns)          Site               Resource
REG_DEL     ---     0.133     R3C15C.CLK to      R3C15C.Q1 SLICE_25 (from CLKOS)
ROUTE         5     0.135      R3C15C.Q1 to      R3C15C.D0 shift_reg_7_N_41_0
CTOF_DEL    ---     0.101      R3C15C.D0 to      R3C15C.F0 SLICE_25
ROUTE         1     0.000      R3C15C.F0 to     R3C15C.DI0 shift_reg_7_N_41_6 (to CLKOS)
                  --------
                    0.369   (63.4% logic, 36.6% route), 2 logic levels.

 Clock Skew Details: 

      Source Clock Path u_ZenPLL/PLLInst_0 to SLICE_25:

   Name    Fanout   Delay (ns)          Site               Resource
ROUTE        11     0.707     RPLL.CLKOS to     R3C15C.CLK CLKOS
                  --------
                    0.707   (0.0% logic, 100.0% route), 0 logic levels.

      Destination Clock Path u_ZenPLL/PLLInst_0 to SLICE_25:

   Name    Fanout   Delay (ns)          Site               Resource
ROUTE        11     0.707     RPLL.CLKOS to     R3C15C.CLK CLKOS
                  --------
                    0.707   (0.0% logic, 100.0% route), 0 logic levels.


Passed: The following path meets requirements by 0.418ns

 Logical Details:  Cell type  Pin type       Cell/ASIC name  (clock net +/-)

   Source:         FF         Q              u_RAM_CS_TA/u_SR_RAMS_CS/shift_reg_i2  (from CLKOS +)
   Destination:    FF         Data in        u_RAM_CS_TA/u_SR_RAMS_CS/shift_reg_i3  (to CLKOS +)

   Delay:               0.399ns  (33.3% logic, 66.7% route), 1 logic levels.

 Constraint Details:

      0.399ns physical path delay SLICE_66 to SLICE_67 meets
     -0.019ns M_HLD and
      0.000ns delay constraint less
      0.000ns skew requirement (totaling -0.019ns) by 0.418ns

 Physical Path Details:

      Data path SLICE_66 to SLICE_67:

   Name    Fanout   Delay (ns)          Site               Resource
REG_DEL     ---     0.133     R2C16D.CLK to      R2C16D.Q1 SLICE_66 (from CLKOS)
ROUTE         1     0.266      R2C16D.Q1 to      R3C16A.M0 u_RAM_CS_TA/u_SR_RAMS_CS/shift_reg_2 (to CLKOS)
                  --------
                    0.399   (33.3% logic, 66.7% route), 1 logic levels.

 Clock Skew Details: 

      Source Clock Path u_ZenPLL/PLLInst_0 to SLICE_66:

   Name    Fanout   Delay (ns)          Site               Resource
ROUTE        11     0.707     RPLL.CLKOS to     R2C16D.CLK CLKOS
                  --------
                    0.707   (0.0% logic, 100.0% route), 0 logic levels.

      Destination Clock Path u_ZenPLL/PLLInst_0 to SLICE_67:

   Name    Fanout   Delay (ns)          Site               Resource
ROUTE        11     0.707     RPLL.CLKOS to     R3C16A.CLK CLKOS
                  --------
                    0.707   (0.0% logic, 100.0% route), 0 logic levels.


================================================================================
Preference: FREQUENCY NET "u_ZenPLL/CLKOP" 50.000000 MHz ;
            0 items scored, 0 timing errors detected.
--------------------------------------------------------------------------------


================================================================================
Preference: CLOCK_TO_OUT PORT "RAM_CS_N" 6.000000 ns CLKPORT "CLK" ;
            4 items scored, 0 timing errors detected.
--------------------------------------------------------------------------------


Passed:  The following path meets requirements by 2.633ns

 Logical Details:  Cell type  Pin type       Cell/ASIC name  (clock net +/-)

   Source:         FF         Q              u_RAM_CS_TA/int_RAM_CS_N_17  (from CLK_c +)
   Destination:    Port       Pad            RAM_CS_N

   Data Path Delay:     1.422ns  (68.2% logic, 31.8% route), 3 logic levels.

   Clock Path Delay:    1.211ns  (36.3% logic, 63.7% route), 1 logic levels.

 Constraint Details:
      1.211ns delay CLK to SLICE_5 and
      1.422ns delay SLICE_5 to RAM_CS_N (totaling 2.633ns) meets
      0.000ns hold offset CLK to RAM_CS_N by 2.633ns

 Physical Path Details:

      Clock path CLK to SLICE_5:

   Name    Fanout   Delay (ns)          Site               Resource
PADI_DEL    ---     0.439         92.PAD to       92.PADDI CLK
ROUTE         7     0.772       92.PADDI to     R2C15D.CLK CLK_c
                  --------
                    1.211   (36.3% logic, 63.7% route), 1 logic levels.

      Data path SLICE_5 to RAM_CS_N:

   Name    Fanout   Delay (ns)          Site               Resource
REG_DEL     ---     0.133     R2C15D.CLK to      R2C15D.Q0 SLICE_5 (from CLK_c)
ROUTE         2     0.138      R2C15D.Q0 to      R2C16A.D0 int_RAM_CS_N
CTOF_DEL    ---     0.101      R2C16A.D0 to      R2C16A.F0 SLICE_69
ROUTE         2     0.314      R2C16A.F0 to      127.PADDO RAM_CS_N_c
DOPAD_DEL   ---     0.736      127.PADDO to        127.PAD RAM_CS_N
                  --------
                    1.422   (68.2% logic, 31.8% route), 3 logic levels.


Passed:  The following path meets requirements by 2.707ns

 Logical Details:  Cell type  Pin type       Cell/ASIC name  (clock net +/-)

   Source:         FF         Q              u_RAM_Line_CS_TA/int_RAM_LINE_CS_N_29  (from CLK_c +)
   Destination:    Port       Pad            RAM_CS_N

   Data Path Delay:     1.496ns  (64.8% logic, 35.2% route), 3 logic levels.

   Clock Path Delay:    1.211ns  (36.3% logic, 63.7% route), 1 logic levels.

 Constraint Details:
      1.211ns delay CLK to SLICE_6 and
      1.496ns delay SLICE_6 to RAM_CS_N (totaling 2.707ns) meets
      0.000ns hold offset CLK to RAM_CS_N by 2.707ns

 Physical Path Details:

      Clock path CLK to SLICE_6:

   Name    Fanout   Delay (ns)          Site               Resource
PADI_DEL    ---     0.439         92.PAD to       92.PADDI CLK
ROUTE         7     0.772       92.PADDI to     R2C16C.CLK CLK_c
                  --------
                    1.211   (36.3% logic, 63.7% route), 1 logic levels.

      Data path SLICE_6 to RAM_CS_N:

   Name    Fanout   Delay (ns)          Site               Resource
REG_DEL     ---     0.133     R2C16C.CLK to      R2C16C.Q0 SLICE_6 (from CLK_c)
ROUTE         2     0.212      R2C16C.Q0 to      R2C16A.A0 int_RAM_LINE_CS_N
CTOF_DEL    ---     0.101      R2C16A.A0 to      R2C16A.F0 SLICE_69
ROUTE         2     0.314      R2C16A.F0 to      127.PADDO RAM_CS_N_c
DOPAD_DEL   ---     0.736      127.PADDO to        127.PAD RAM_CS_N
                  --------
                    1.496   (64.8% logic, 35.2% route), 3 logic levels.


Passed:  The following path meets requirements by 4.897ns

 Logical Details:  Cell type  Pin type       Cell/ASIC name  (clock net +/-)

   Source:         FF         Q              u_RAM_CS_TA/u_SR_RAMS_CS/shift_reg_i7  (from CLKOS +)
   Destination:    Port       Pad            RAM_CS_N

   Data Path Delay:     1.421ns  (68.3% logic, 31.7% route), 3 logic levels.

   Clock Path Delay:    3.744ns  (61.8% logic, 38.2% route), 2 logic levels.

 Constraint Details:
      3.744ns delay CLK to SLICE_68 less
      0.268ns feedback compensation and
      1.421ns delay SLICE_68 to RAM_CS_N (totaling 4.897ns) meets
      0.000ns hold offset CLK to RAM_CS_N by 4.897ns

 Physical Path Details:

      Clock path CLK to SLICE_68:

   Name    Fanout   Delay (ns)          Site               Resource
PADI_DEL    ---     0.439         92.PAD to       92.PADDI CLK
ROUTE         7     0.818       92.PADDI to      RPLL.CLKI CLK_c
CLKI2OS_DE  ---     1.875      RPLL.CLKI to     RPLL.CLKOS u_ZenPLL/PLLInst_0
ROUTE        11     0.612     RPLL.CLKOS to     R2C15A.CLK CLKOS
                  --------
                    3.744   (61.8% logic, 38.2% route), 2 logic levels.

      Feedback path:

   Name    Fanout   Delay (ns)          Site               Resource
CLKFB2OP_D  ---     0.000     RPLL.CLKFB to     RPLL.CLKOP u_ZenPLL/PLLInst_0
ROUTE         1     0.268     RPLL.CLKOP to     RPLL.CLKFB u_ZenPLL/CLKOP
                  --------
                    0.268   (0.0% logic, 100.0% route), 1 logic levels.

      Data path SLICE_68 to RAM_CS_N:

   Name    Fanout   Delay (ns)          Site               Resource
REG_DEL     ---     0.133     R2C15A.CLK to      R2C15A.Q1 SLICE_68 (from CLKOS)
ROUTE         1     0.137      R2C15A.Q1 to      R2C16A.C0 RAM_CS_END
CTOF_DEL    ---     0.101      R2C16A.C0 to      R2C16A.F0 SLICE_69
ROUTE         2     0.314      R2C16A.F0 to      127.PADDO RAM_CS_N_c
DOPAD_DEL   ---     0.736      127.PADDO to        127.PAD RAM_CS_N
                  --------
                    1.421   (68.3% logic, 31.7% route), 3 logic levels.


Passed:  The following path meets requirements by 7.485ns

 Logical Details:  Cell type  Pin type       Cell/ASIC name  (clock net +/-)

   Source:         FF         Q              u_RAM_Line_CS_TA/u_SR_LINE_RAMS_CS/shift_reg_i15  (from CLKOS2 +)
   Destination:    Port       Pad            RAM_CS_N

   Data Path Delay:     1.509ns  (64.3% logic, 35.7% route), 3 logic levels.

   Clock Path Delay:    6.244ns  (77.1% logic, 22.9% route), 2 logic levels.

 Constraint Details:
      6.244ns delay CLK to u_RAM_Line_CS_TA/u_SR_LINE_RAMS_CS/SLICE_71 less
      0.268ns feedback compensation and
      1.509ns delay u_RAM_Line_CS_TA/u_SR_LINE_RAMS_CS/SLICE_71 to RAM_CS_N (totaling 7.485ns) meets
      0.000ns hold offset CLK to RAM_CS_N by 7.485ns

 Physical Path Details:

      Clock path CLK to u_RAM_Line_CS_TA/u_SR_LINE_RAMS_CS/SLICE_71:

   Name    Fanout   Delay (ns)          Site               Resource
PADI_DEL    ---     0.439         92.PAD to       92.PADDI CLK
ROUTE         7     0.818       92.PADDI to      RPLL.CLKI CLK_c
CLKI2OS2_D  ---     4.375      RPLL.CLKI to    RPLL.CLKOS2 u_ZenPLL/PLLInst_0
ROUTE        32     0.612    RPLL.CLKOS2 to     R2C17D.CLK CLKOS2
                  --------
                    6.244   (77.1% logic, 22.9% route), 2 logic levels.

      Feedback path:

   Name    Fanout   Delay (ns)          Site               Resource
CLKFB2OP_D  ---     0.000     RPLL.CLKFB to     RPLL.CLKOP u_ZenPLL/PLLInst_0
ROUTE         1     0.268     RPLL.CLKOP to     RPLL.CLKFB u_ZenPLL/CLKOP
                  --------
                    0.268   (0.0% logic, 100.0% route), 1 logic levels.

      Data path u_RAM_Line_CS_TA/u_SR_LINE_RAMS_CS/SLICE_71 to RAM_CS_N:

   Name    Fanout   Delay (ns)          Site               Resource
REG_DEL     ---     0.133     R2C17D.CLK to      R2C17D.Q1 u_RAM_Line_CS_TA/u_SR_LINE_RAMS_CS/SLICE_71 (from CLKOS2)
ROUTE         2     0.225      R2C17D.Q1 to      R2C16A.B0 RAM_LINE_CS_END
CTOF_DEL    ---     0.101      R2C16A.B0 to      R2C16A.F0 SLICE_69
ROUTE         2     0.314      R2C16A.F0 to      127.PADDO RAM_CS_N_c
DOPAD_DEL   ---     0.736      127.PADDO to        127.PAD RAM_CS_N
                  --------
                    1.509   (64.3% logic, 35.7% route), 3 logic levels.

Report:    2.633ns is the maximum offset for this preference.

Report Summary
--------------
----------------------------------------------------------------------------
Preference(MIN Delays)                  |   Constraint|       Actual|Levels
----------------------------------------------------------------------------
                                        |             |             |
FREQUENCY NET "CLK_c" 50.000000 MHz ;   |     0.000 ns|     0.379 ns|   2  
                                        |             |             |
FREQUENCY NET "CLKOS2" 200.000000 MHz ; |     0.000 ns|    -1.898 ns|   1 *
                                        |             |             |
FREQUENCY NET "CLKOS" 200.000000 MHz ;  |     0.000 ns|     0.304 ns|   1  
                                        |             |             |
FREQUENCY NET "u_ZenPLL/CLKOP"          |             |             |
50.000000 MHz ;                         |            -|            -|   0  
                                        |             |             |
CLOCK_TO_OUT PORT "RAM_CS_N" 6.000000   |             |             |
ns CLKPORT "CLK" ;                      |     0.000 ns|     2.633 ns|   3  
                                        |             |             |
----------------------------------------------------------------------------


1 preference(marked by "*" above) not met.

----------------------------------------------------------------------------
Critical Nets                           |   Loads|  Errors| % of total
----------------------------------------------------------------------------
u_RAM_Line_CS_TA/loadTA                 |       2|       2|     50.00%
                                        |        |        |
u_ROM_CS_TA/loadTA                      |       1|       1|     25.00%
                                        |        |        |
u_ROM_CS_TA/loadCS                      |       1|       1|     25.00%
                                        |        |        |
----------------------------------------------------------------------------


Clock Domains Analysis
------------------------

Found 4 clocks:

Clock Domain: u_ZenPLL/CLKOP   Source: u_ZenPLL/PLLInst_0.CLKOP   Loads: 1
   No transfer within this clock domain is found

Clock Domain: CLK_c   Source: CLK.PAD   Loads: 7
   Covered under: FREQUENCY NET "CLK_c" 50.000000 MHz ;

   Data transfers from:
   Clock Domain: CLKOS2   Source: u_ZenPLL/PLLInst_0.CLKOS2
      Covered under: FREQUENCY NET "CLK_c" 50.000000 MHz ;   Transfers: 2

Clock Domain: CLKOS2   Source: u_ZenPLL/PLLInst_0.CLKOS2   Loads: 32
   Covered under: FREQUENCY NET "CLKOS2" 200.000000 MHz ;

   Data transfers from:
   Clock Domain: CLK_c   Source: CLK.PAD
      Covered under: FREQUENCY NET "CLKOS2" 200.000000 MHz ;   Transfers: 3

Clock Domain: CLKOS   Source: u_ZenPLL/PLLInst_0.CLKOS   Loads: 11
   Covered under: FREQUENCY NET "CLKOS" 200.000000 MHz ;

   Data transfers from:
   Clock Domain: CLK_c   Source: CLK.PAD
      Covered under: FREQUENCY NET "CLKOS" 200.000000 MHz ;   Transfers: 1


Timing summary (Hold):
---------------

Timing errors: 4  Score: 7382
Cumulative negative slack: 7382

Constraints cover 138 paths, 4 nets, and 209 connections (73.59% coverage)



Timing summary (Setup and Hold):
---------------

Timing errors: 11 (setup), 4 (hold)
Score: 79615 (setup), 7382 (hold)
Cumulative negative slack: 86997 (79615+7382)
--------------------------------------------------------------------------------

--------------------------------------------------------------------------------

