$date
	Wed Sep 16 19:49:12 2026
$end
$version
	Questa Lattice OEM Edition 2024.2
$end
$timescale
	10fs
$end

$scope module mainLogic_tb $end

$scope module dut $end
$var wire 1 ! CLK $end
$var wire 1 " CLKOS $end
$var wire 1 # CLKOS2 $end
$var wire 1 $ A [31] $end
$var wire 1 % A [30] $end
$var wire 1 & A [29] $end
$var wire 1 ' A [28] $end
$var wire 1 ( A [27] $end
$var wire 1 ) A [26] $end
$var wire 1 * A [25] $end
$var wire 1 + A [24] $end
$var wire 1 , A [23] $end
$var wire 1 - TS_N $end
$var wire 1 . TA_N $end
$var wire 1 / RW_IN $end
$var wire 1 0 RAM_CS_N $end
$var wire 1 1 ROM_CS_N $end
$upscope $end
$upscope $end
$enddefinitions $end
#100000000
$dumpvars
1.
10
11
0"
0#
1/
1-
0!
0,
0+
0*
0)
0(
0'
0&
0%
0$
$end
#101000000
1!
#102000000
0!
#103000000
1!
#104000000
0!
#105000000
1!
#106000000
0!
#107000000
1!
#108000000
0!
#109000000
1!
#110000000
0!
#111000000
1!
#112000000
0!
#113000000
1!
#114000000
0!
#115000000
1!
#116000000
0!
#117000000
1!
#118000000
0!
#119000000
1!
#120000000
0!
#121000000
1!
#122000000
0!
#123000000
1!
#124000000
0!
#125000000
1!
#126000000
0!
#127000000
1!
#128000000
0!
#129000000
1!
#130000000
0!
#131000000
1!
#132000000
0!
#133000000
1!
#134000000
0!
#135000000
1!
#136000000
0!
#137000000
1!
#138000000
0!
#139000000
1!
#140000000
0!
#141000000
1!
#142000000
0!
#143000000
1!
#144000000
0!
#145000000
1!
#146000000
0!
#147000000
1!
#148000000
0!
#149000000
1!
#150000000
0!
#151000000
1!
#152000000
0!
#153000000
1!
#154000000
0!
#155000000
1!
#156000000
0!
#157000000
1!
#158000000
0!
#159000000
1!
#160000000
0!
#161000000
1!
#162000000
0!
#163000000
1!
#164000000
0!
#165000000
1!
#166000000
0!
#167000000
1!
#168000000
0!
#169000000
1!
#170000000
0!
#171000000
1!
#172000000
0!
#173000000
1!
#174000000
0!
#175000000
1!
#176000000
0!
#177000000
1!
#178000000
0!
#179000000
1!
#180000000
0!
#181000000
1!
#182000000
0!
#183000000
1!
#184000000
0!
#185000000
1!
#186000000
0!
#187000000
1!
#188000000
0!
#189000000
1!
#190000000
0!
#191000000
1!
#192000000
0!
#193000000
1!
#194000000
0!
#195000000
1!
#196000000
0!
#197000000
1!
#198000000
0!
#199000000
1!
#200000000
0!
#201000000
1!
#202000000
0!
#203000000
1!
#204000000
0!
#205000000
1!
#205432200
1"
#205494700
1#
#205682199
0"
#205932198
1"
#205994698
0#
#206000000
0!
#206182197
0"
#206432200
1"
#206494700
1#
#206682199
0"
#206932198
1"
#206994698
0#
#207000000
1!
#207182197
0"
#207432200
1"
#207494700
1#
#207682199
0"
#207932198
1"
#207994698
0#
#208000000
0!
#208182197
0"
#208432200
1"
#208494700
1#
#208682199
0"
#208932198
1"
#208994698
0#
#209000000
1!
#209182197
0"
#209432200
1"
#209494700
1#
#209682199
0"
#209932198
1"
#209994698
0#
#210000000
0!
#210182197
0"
#210432200
1"
#210494700
1#
#210682199
0"
#210932198
1"
#210994698
0#
#211000000
1!
#211182197
0"
#211432200
1"
#211494700
1#
#211682199
0"
#211932198
1"
#211994698
0#
#212000000
0!
#212182197
0"
#212432200
1"
#212494700
1#
#212682199
0"
#212932198
1"
#212994698
0#
#213000000
1!
#213182197
0"
#213432200
1"
#213494700
1#
#213682199
0"
#213932198
1"
#213994698
0#
#214000000
0!
#214182197
0"
#214432200
1"
#214494700
1#
#214682199
0"
#214932198
1"
#214994698
0#
#215000000
1!
#215182197
0"
#215432200
1"
#215494700
1#
#215682199
0"
#215932198
1"
#215994698
0#
#216000000
0!
#216182197
0"
#216432200
1"
#216494700
1#
#216682199
0"
#216932198
1"
#216994698
0#
#217000000
1!
#217182197
0"
#217432200
1"
#217494700
1#
#217682199
0"
#217932198
1"
#217994698
0#
#218000000
0!
#218182197
0"
#218432200
1"
#218494700
1#
#218682199
0"
#218932198
1"
#218994698
0#
#219000000
1!
#219182197
0"
#219432200
1"
#219494700
1#
#219682199
0"
#219932198
1"
#219994698
0#
#220000000
0!
#220182197
0"
#220432200
1"
#220494700
1#
#220682199
0"
#220932198
1"
#220994698
0#
#221000000
1!
#221182197
0"
#221432200
1"
#221494700
1#
#221682199
0"
#221932198
1"
#221994698
0#
#222000000
0!
#222182197
0"
#222432200
1"
#222494700
1#
#222682199
0"
#222932198
1"
#222994698
0#
#223000000
1!
#223182197
0"
#223432200
1"
#223494700
1#
#223682199
0"
#223932198
1"
#223994698
0#
#224000000
0!
#224182197
0"
#224432200
1"
#224494700
1#
#224682199
0"
#224932198
1"
#224994698
0#
#225000000
1!
#225051300
0-
#225171300
1'
#225182197
0"
#225432200
1"
#225494700
1#
#225682199
0"
#225932198
1"
#225994698
0#
#226000000
0!
#226021300
1-
#226182197
0"
#226432200
1"
#226494700
1#
#226682199
0"
#226932198
1"
#226994698
0#
#227000000
1!
#227182197
0"
#227432200
1"
#227494700
1#
#227682199
0"
#227932198
1"
#227994698
0#
#228000000
0!
#228182197
0"
#228432200
1"
#228494700
1#
#228682199
0"
#228932198
1"
#228994698
0#
#229000000
1!
#229182197
0"
#229432200
1"
#229494700
1#
#229682199
0"
#229932198
1"
#229994698
0#
#230000000
0!
#230182197
0"
#230432200
1"
#230494700
1#
#230682199
0"
#230932198
1"
#230994698
0#
#231000000
1!
#231182197
0"
#231432200
1"
#231494700
1#
#231682199
0"
#231932198
1"
#231994698
0#
#232000000
0!
#232182197
0"
#232432200
1"
#232494700
1#
#232682199
0"
#232932198
1"
#232994698
0#
#233000000
1!
#233182197
0"
#233432200
1"
#233494700
1#
#233682199
0"
#233932198
1"
#233994698
0#
#234000000
0!
#234182197
0"
#234230000
0-
#234350000
1(
0'
#234432200
1"
#234494700
1#
#234682199
0"
#234932198
1"
#234994698
0#
#235000000
1!
#235182197
0"
#235200000
1-
#235432200
1"
#235494700
1#
#235682199
0"
#235767300
00
#235824100
0.
#235932198
1"
#235994698
0#
#236000000
0!
#236182197
0"
#236432200
1"
#236494700
1#
#236682199
0"
#236932198
1"
#236994698
0#
#237000000
1!
#237182197
0"
#237200000
0(
#237432200
1"
#237494700
1#
#237517898
10
#237574498
1.
#237682199
0"
#237932198
1"
#237994698
0#
#238000000
0!
#238182197
0"
#238230000
0-
#238350000
1(
0/
#238432200
1"
#238494700
1#
#238682199
0"
#238932198
1"
#238994698
0#
#239000000
1!
#239182197
0"
#239200000
1-
#239432200
1"
#239494700
1#
#239682199
0"
#239767300
00
#239824100
0.
#239932198
1"
#239994698
0#
#240000000
0!
#240182197
0"
#240432200
1"
#240494700
1#
#240682199
0"
#240932198
1"
#240994698
0#
#241000000
1!
#241017900
10
#241182197
0"
#241200000
0(
1/
#241432200
1"
#241494700
1#
#241574498
1.
#241682199
0"
#241932198
1"
#241994698
0#
#242000000
0!
#242182197
0"
#242230000
0-
#242350000
1(
#242432200
1"
#242494700
1#
#242682199
0"
#242932198
1"
#242994698
0#
#243000000
1!
#243182197
0"
#243200000
1-
#243432200
1"
#243494700
1#
#243682199
0"
#243767300
00
#243824100
0.
#243932198
1"
#243994698
0#
#244000000
0!
#244182197
0"
#244432200
1"
#244494700
1#
#244682199
0"
#244932198
1"
#244994698
0#
#245000000
1!
#245182197
0"
#245200000
0(
#245432200
1"
#245494700
1#
#245517898
10
#245574498
1.
#245682199
0"
#245932198
1"
#245994698
0#
#246000000
0!
#246182197
0"
#246230000
0-
#246350000
1(
0/
#246432200
1"
#246494700
1#
#246682199
0"
#246932198
1"
#246994698
0#
#247000000
1!
#247182197
0"
#247200000
1-
#247432200
1"
#247494700
1#
#247682199
0"
#247767300
00
#247824100
0.
#247932198
1"
#247994698
0#
#248000000
0!
#248182197
0"
#248432200
1"
#248494700
1#
#248682199
0"
#248932198
1"
#248994698
0#
#249000000
1!
#249017900
10
#249182197
0"
#249200000
0(
1/
#249432200
1"
#249494700
1#
#249574498
1.
#249682199
0"
#249932198
1"
#249994698
0#
#250000000
0!
#250182197
0"
#250230000
0-
#250350000
1(
#250432200
1"
#250494700
1#
#250682199
0"
#250932198
1"
#250994698
0#
#251000000
1!
#251182197
0"
#251200000
1-
#251432200
1"
#251494700
1#
#251682199
0"
#251767300
00
#251824100
0.
#251932198
1"
#251994698
0#
#252000000
0!
#252182197
0"
#252432200
1"
#252494700
1#
#252682199
0"
#252932198
1"
#252994698
0#
#253000000
1!
#253182197
0"
#253200000
0(
#253432200
1"
#253494700
1#
#253517898
10
#253574498
1.
#253682199
0"
#253932198
1"
#253994698
0#
#254000000
0!
#254182197
0"
#254230000
0-
#254350000
1(
0/
#254432200
1"
#254494700
1#
#254682199
0"
#254932198
1"
#254994698
0#
#255000000
1!
#255182197
0"
#255200000
1-
#255432200
1"
#255494700
1#
#255682199
0"
#255767300
00
#255824100
0.
#255932198
1"
#255994698
0#
#256000000
0!
#256182197
0"
#256432200
1"
#256494700
1#
#256682199
0"
#256932198
1"
#256994698
0#
#257000000
1!
#257017900
10
#257182197
0"
#257200000
0(
1/
#257432200
1"
#257494700
1#
#257574498
1.
#257682199
0"
#257932198
1"
#257994698
0#
#258000000
0!
#258182197
0"
#258230000
0-
#258350000
1(
#258432200
1"
#258494700
1#
#258682199
0"
#258932198
1"
#258994698
0#
#259000000
1!
#259182197
0"
#259200000
1-
#259432200
1"
#259494700
1#
#259682199
0"
#259767300
00
#259824100
0.
#259932198
1"
#259994698
0#
#260000000
0!
#260182197
0"
#260432200
1"
#260494700
1#
#260682199
0"
#260932198
1"
#260994698
0#
#261000000
1!
#261182197
0"
#261200000
0(
#261432200
1"
#261494700
1#
#261517898
10
#261574498
1.
#261682199
0"
#261932198
1"
#261994698
0#
#262000000
0!
#262182197
0"
#262230000
0-
#262350000
1(
0/
#262432200
1"
#262494700
1#
#262682199
0"
#262932198
1"
#262994698
0#
#263000000
1!
#263182197
0"
#263200000
1-
#263432200
1"
#263494700
1#
#263682199
0"
#263767300
00
#263824100
0.
#263932198
1"
#263994698
0#
#264000000
0!
#264182197
0"
#264432200
1"
#264494700
1#
#264682199
0"
#264932198
1"
#264994698
0#
#265000000
1!
#265017900
10
#265182197
0"
#265200000
0(
1/
#265432200
1"
#265494700
1#
#265574498
1.
#265682199
0"
#265932198
1"
#265994698
0#
#266000000
0!
#266182197
0"
#266430000
0-
#266432200
1"
#266494700
1#
#266550000
1'
#266682199
0"
#266932198
1"
#266994698
0#
#267000000
1!
#267182197
0"
#267400000
1-
#267432200
1"
#267494700
1#
#267682199
0"
#267892300
01
#267932198
1"
#267994698
0#
#268000000
0!
#268182197
0"
#268432200
1"
#268494700
1#
#268682199
0"
#268932198
1"
#268994698
0#
#269000000
1!
#269182197
0"
#269432200
1"
#269494700
1#
#269682199
0"
#269932198
1"
#269994698
0#
#270000000
0!
#270182197
0"
#270432200
1"
#270494700
1#
#270682199
0"
#270932198
1"
#270994698
0#
#271000000
1!
#271182197
0"
#271432200
1"
#271494700
1#
#271682199
0"
#271932198
1"
#271994698
0#
#272000000
0!
#272182197
0"
#272432200
1"
#272494700
1#
#272682199
0"
#272932198
1"
#272994698
0#
#273000000
1!
#273182197
0"
#273331900
0.
#273432200
1"
#273494700
1#
#273682199
0"
#273932198
1"
#273994698
0#
#274000000
0!
#274182197
0"
#274432200
1"
#274494700
1#
#274682199
0"
#274932198
1"
#274994698
0#
#275000000
1!
#275182197
0"
#275331900
1.
#275347400
11
#275432200
1"
#275494700
1#
#275682199
0"
#275932198
1"
#275994698
0#
#276000000
0!
#276182197
0"
#276230000
0-
#276350000
1(
0'
#276432200
1"
#276494700
1#
#276682199
0"
#276932198
1"
#276994698
0#
#277000000
1!
#277182197
0"
#277200000
1-
#277432200
1"
#277494700
1#
#277682199
0"
#277767300
00
#277824100
0.
#277932198
1"
#277994698
0#
#278000000
0!
#278182197
0"
#278432200
1"
#278494700
1#
#278682199
0"
#278932198
1"
#278994698
0#
#279000000
1!
#279182197
0"
#279200000
0(
#279432200
1"
#279494700
1#
#279517898
10
#279574498
1.
#279682199
0"
#279932198
1"
#279994698
0#
#280000000
0!
#280182197
0"
#280230000
0-
#280350000
1(
0/
#280432200
1"
#280494700
1#
#280682199
0"
#280932198
1"
#280994698
0#
#281000000
1!
#281182197
0"
#281200000
1-
#281432200
1"
#281494700
1#
#281682199
0"
#281767300
00
#281824100
0.
#281932198
1"
#281994698
0#
#282000000
0!
#282182197
0"
#282432200
1"
#282494700
1#
#282682199
0"
#282932198
1"
#282994698
0#
#283000000
1!
#283017900
10
#283182197
0"
#283200000
0(
1/
#283432200
1"
#283494700
1#
#283574498
1.
#283682199
0"
#283932198
1"
#283994698
0#
#284000000
0!
#284182197
0"
#284230000
0-
#284350000
1(
#284432200
1"
#284494700
1#
#284682199
0"
#284932198
1"
#284994698
0#
#285000000
1!
#285182197
0"
#285200000
1-
#285432200
1"
#285494700
1#
#285682199
0"
#285767300
00
#285824100
0.
#285932198
1"
#285994698
0#
#286000000
0!
#286182197
0"
#286432200
1"
#286494700
1#
#286682199
0"
#286932198
1"
#286994698
0#
#287000000
1!
#287182197
0"
#287200000
0(
#287432200
1"
#287494700
1#
#287517898
10
#287574498
1.
#287682199
0"
#287932198
1"
#287994698
0#
#288000000
0!
#288182197
0"
#288230000
0-
#288350000
1(
0/
#288432200
1"
#288494700
1#
#288682199
0"
#288932198
1"
#288994698
0#
#289000000
1!
#289182197
0"
#289200000
1-
#289432200
1"
#289494700
1#
#289682199
0"
#289767300
00
#289824100
0.
#289932198
1"
#289994698
0#
#290000000
0!
#290182197
0"
#290432200
1"
#290494700
1#
#290682199
0"
#290932198
1"
#290994698
0#
#291000000
1!
#291017900
10
#291182197
0"
#291200000
0(
1/
#291432200
1"
#291494700
1#
#291574498
1.
#291682199
0"
#291932198
1"
#291994698
0#
#292000000
0!
#292182197
0"
#292230000
0-
#292350000
1(
#292432200
1"
#292494700
1#
#292682199
0"
#292932198
1"
#292994698
0#
#293000000
1!
#293182197
0"
#293200000
1-
#293432200
1"
#293494700
1#
#293682199
0"
#293767300
00
#293824100
0.
#293932198
1"
#293994698
0#
#294000000
0!
#294182197
0"
#294432200
1"
#294494700
1#
#294682199
0"
#294932198
1"
#294994698
0#
#295000000
1!
#295182197
0"
#295200000
0(
#295432200
1"
#295494700
1#
#295517898
10
#295574498
1.
#295682199
0"
#295932198
1"
#295994698
0#
#296000000
0!
#296182197
0"
#296230000
0-
#296350000
1(
0/
#296432200
1"
#296494700
1#
#296682199
0"
#296932198
1"
#296994698
0#
#297000000
1!
#297182197
0"
#297200000
1-
#297432200
1"
#297494700
1#
#297682199
0"
#297767300
00
#297824100
0.
#297932198
1"
#297994698
0#
#298000000
0!
#298182197
0"
#298432200
1"
#298494700
1#
#298682199
0"
#298932198
1"
#298994698
0#
#299000000
1!
#299017900
10
#299182197
0"
#299200000
0(
1/
#299432200
1"
#299494700
1#
#299574498
1.
#299682199
0"
#299932198
1"
#299994698
0#
#300000000
0!
#300182197
0"
#300230000
0-
#300350000
1(
#300432200
1"
#300494700
1#
#300682199
0"
#300932198
1"
#300994698
0#
#301000000
1!
#301182197
0"
#301200000
1-
#301432200
1"
#301494700
1#
#301682199
0"
#301767300
00
#301824100
0.
#301932198
1"
#301994698
0#
#302000000
0!
#302182197
0"
#302432200
1"
#302494700
1#
#302682199
0"
#302932198
1"
#302994698
0#
#303000000
1!
#303182197
0"
#303200000
0(
#303432200
1"
#303494700
1#
#303517898
10
#303574498
1.
#303682199
0"
#303932198
1"
#303994698
0#
#304000000
0!
#304182197
0"
#304230000
0-
#304350000
1(
0/
#304432200
1"
#304494700
1#
#304682199
0"
#304932198
1"
#304994698
0#
#305000000
1!
#305182197
0"
#305200000
1-
#305432200
1"
#305494700
1#
#305682199
0"
#305767300
00
#305824100
0.
#305932198
1"
#305994698
0#
#306000000
0!
#306182197
0"
#306432200
1"
#306494700
1#
#306682199
0"
#306932198
1"
#306994698
0#
#307000000
1!
#307017900
10
#307182197
0"
#307200000
0(
1/
#307432200
1"
#307494700
1#
#307574498
1.
#307682199
0"
#307932198
1"
#307994698
0#
#308000000
0!
#308182197
0"
#308430000
0-
#308432200
1"
#308494700
1#
#308550000
1'
#308682199
0"
#308932198
1"
#308994698
0#
#309000000
1!
#309182197
0"
#309400000
1-
#309432200
1"
#309494700
1#
#309682199
0"
#309892300
01
#309932198
1"
#309994698
0#
#310000000
0!
#310182197
0"
#310432200
1"
#310494700
1#
#310682199
0"
#310932198
1"
#310994698
0#
#311000000
1!
#311182197
0"
#311432200
1"
#311494700
1#
#311682199
0"
#311932198
1"
#311994698
0#
#312000000
0!
#312182197
0"
#312432200
1"
#312494700
1#
#312682199
0"
#312932198
1"
#312994698
0#
#313000000
1!
#313182197
0"
#313432200
1"
#313494700
1#
#313682199
0"
#313932198
1"
#313994698
0#
#314000000
0!
#314182197
0"
#314432200
1"
#314494700
1#
#314682199
0"
#314932198
1"
#314994698
0#
#315000000
1!
#315182197
0"
#315331900
0.
#315432200
1"
#315494700
1#
#315682199
0"
#315932198
1"
#315994698
0#
#316000000
0!
#316182197
0"
#316432200
1"
#316494700
1#
#316682199
0"
#316932198
1"
#316994698
0#
#317000000
1!
#317182197
0"
#317331900
1.
#317347400
11
#317432200
1"
#317494700
1#
#317682199
0"
#317932198
1"
#317994698
0#
#318000000
0!
#318182197
0"
#318230000
0-
#318350000
1(
0'
#318432200
1"
#318494700
1#
#318682199
0"
#318932198
1"
#318994698
0#
#319000000
1!
#319182197
0"
#319200000
1-
#319432200
1"
#319494700
1#
#319682199
0"
#319767300
00
#319824100
0.
#319932198
1"
#319994698
0#
#320000000
0!
#320182197
0"
#320432200
1"
#320494700
1#
#320682199
0"
#320932198
1"
#320994698
0#
#321000000
1!
#321182197
0"
#321200000
0(
#321432200
1"
#321494700
1#
#321517898
10
#321574498
1.
#321682199
0"
#321932198
1"
#321994698
0#
#322000000
0!
#322182197
0"
#322230000
0-
#322350000
1(
0/
#322432200
1"
#322494700
1#
#322682199
0"
#322932198
1"
#322994698
0#
#323000000
1!
#323182197
0"
#323200000
1-
#323432200
1"
#323494700
1#
#323682199
0"
#323767300
00
#323824100
0.
#323932198
1"
#323994698
0#
#324000000
0!
#324182197
0"
#324432200
1"
#324494700
1#
#324682199
0"
#324932198
1"
#324994698
0#
#325000000
1!
#325017900
10
#325182197
0"
#325200000
0(
1/
#325432200
1"
#325494700
1#
#325574498
1.
#325682199
0"
#325932198
1"
#325994698
0#
#326000000
0!
#326182197
0"
#326230000
0-
#326350000
1(
#326432200
1"
#326494700
1#
#326682199
0"
#326932198
1"
#326994698
0#
#327000000
1!
#327182197
0"
#327200000
1-
#327432200
1"
#327494700
1#
#327682199
0"
#327767300
00
#327824100
0.
#327932198
1"
#327994698
0#
#328000000
0!
#328182197
0"
#328432200
1"
#328494700
1#
#328682199
0"
#328932198
1"
#328994698
0#
#329000000
1!
#329182197
0"
#329200000
0(
#329432200
1"
#329494700
1#
#329517898
10
#329574498
1.
#329682199
0"
#329932198
1"
#329994698
0#
#330000000
0!
#330182197
0"
#330230000
0-
#330350000
1(
0/
#330432200
1"
#330494700
1#
#330682199
0"
#330932198
1"
#330994698
0#
#331000000
1!
#331182197
0"
#331200000
1-
#331432200
1"
#331494700
1#
#331682199
0"
#331767300
00
#331824100
0.
#331932198
1"
#331994698
0#
#332000000
0!
#332182197
0"
#332432200
1"
#332494700
1#
#332682199
0"
#332932198
1"
#332994698
0#
#333000000
1!
#333017900
10
#333182197
0"
#333200000
0(
1/
#333432200
1"
#333494700
1#
#333574498
1.
#333682199
0"
#333932198
1"
#333994698
0#
#334000000
0!
#334182197
0"
#334230000
0-
#334350000
1(
#334432200
1"
#334494700
1#
#334682199
0"
#334932198
1"
#334994698
0#
#335000000
1!
#335182197
0"
#335200000
1-
#335432200
1"
#335494700
1#
#335682199
0"
#335767300
00
#335824100
0.
#335932198
1"
#335994698
0#
#336000000
0!
#336182197
0"
#336432200
1"
#336494700
1#
#336682199
0"
#336932198
1"
#336994698
0#
#337000000
1!
#337182197
0"
#337200000
0(
#337432200
1"
#337494700
1#
#337517898
10
#337574498
1.
#337682199
0"
#337932198
1"
#337994698
0#
#338000000
0!
#338182197
0"
#338230000
0-
#338350000
1(
0/
#338432200
1"
#338494700
1#
#338682199
0"
#338932198
1"
#338994698
0#
#339000000
1!
#339182197
0"
#339200000
1-
#339432200
1"
#339494700
1#
#339682199
0"
#339767300
00
#339824100
0.
#339932198
1"
#339994698
0#
#340000000
0!
#340182197
0"
#340432200
1"
#340494700
1#
#340682199
0"
#340932198
1"
#340994698
0#
#341000000
1!
#341017900
10
#341182197
0"
#341200000
0(
1/
#341432200
1"
#341494700
1#
#341574498
1.
#341682199
0"
#341932198
1"
#341994698
0#
#342000000
0!
#342182197
0"
#342230000
0-
#342350000
1(
#342432200
1"
#342494700
1#
#342682199
0"
#342932198
1"
#342994698
0#
#343000000
1!
#343182197
0"
#343200000
1-
#343432200
1"
#343494700
1#
#343682199
0"
#343767300
00
#343824100
0.
#343932198
1"
#343994698
0#
#344000000
0!
#344182197
0"
#344432200
1"
#344494700
1#
#344682199
0"
#344932198
1"
#344994698
0#
#345000000
1!
#345182197
0"
#345200000
0(
#345432200
1"
#345494700
1#
#345517898
10
#345574498
1.
#345682199
0"
#345932198
1"
#345994698
0#
#346000000
0!
#346182197
0"
#346230000
0-
#346350000
1(
0/
#346432200
1"
#346494700
1#
#346682199
0"
#346932198
1"
#346994698
0#
#347000000
1!
#347182197
0"
#347200000
1-
#347432200
1"
#347494700
1#
#347682199
0"
#347767300
00
#347824100
0.
#347932198
1"
#347994698
0#
#348000000
0!
#348182197
0"
#348432200
1"
#348494700
1#
#348682199
0"
#348932198
1"
#348994698
0#
#349000000
1!
#349017900
10
#349182197
0"
#349200000
0(
1/
#349432200
1"
#349494700
1#
#349574498
1.
#349682199
0"
#349932198
1"
#349994698
0#
#350000000
0!
#350182197
0"
#350430000
0-
#350432200
1"
#350494700
1#
#350550000
1'
#350682199
0"
#350932198
1"
#350994698
0#
#351000000
1!
#351182197
0"
#351400000
1-
#351432200
1"
#351494700
1#
#351682199
0"
#351892300
01
#351932198
1"
#351994698
0#
#352000000
0!
#352182197
0"
#352432200
1"
#352494700
1#
#352682199
0"
#352932198
1"
#352994698
0#
#353000000
1!
#353182197
0"
#353432200
1"
#353494700
1#
#353682199
0"
#353932198
1"
#353994698
0#
#354000000
0!
#354182197
0"
#354432200
1"
#354494700
1#
#354682199
0"
#354932198
1"
#354994698
0#
#355000000
1!
#355182197
0"
#355432200
1"
#355494700
1#
#355682199
0"
#355932198
1"
#355994698
0#
#356000000
0!
#356182197
0"
#356432200
1"
#356494700
1#
#356682199
0"
#356932198
1"
#356994698
0#
#357000000
1!
#357182197
0"
#357331900
0.
#357432200
1"
#357494700
1#
#357682199
0"
#357932198
1"
#357994698
0#
#358000000
0!
#358182197
0"
#358432200
1"
#358494700
1#
#358682199
0"
#358932198
1"
#358994698
0#
#359000000
1!
#359182197
0"
#359331900
1.
#359347400
11
#359432200
1"
#359494700
1#
#359682199
0"
#359932198
1"
#359994698
0#
#360000000
0!
#360182197
0"
#360230000
0-
#360350000
1(
0'
#360432200
1"
#360494700
1#
#360682199
0"
#360932198
1"
#360994698
0#
#361000000
1!
#361182197
0"
#361200000
1-
#361432200
1"
#361494700
1#
#361682199
0"
#361767300
00
#361824100
0.
#361932198
1"
#361994698
0#
#362000000
0!
#362182197
0"
#362432200
1"
#362494700
1#
#362682199
0"
#362932198
1"
#362994698
0#
#363000000
1!
#363182197
0"
#363200000
0(
#363432200
1"
#363494700
1#
#363517898
10
#363574498
1.
#363682199
0"
#363932198
1"
#363994698
0#
#364000000
0!
#364182197
0"
#364230000
0-
#364350000
1(
0/
#364432200
1"
#364494700
1#
#364682199
0"
#364932198
1"
#364994698
0#
#365000000
1!
#365182197
0"
#365200000
1-
#365432200
1"
#365494700
1#
#365682199
0"
#365767300
00
#365824100
0.
#365932198
1"
#365994698
0#
#366000000
0!
#366182197
0"
#366432200
1"
#366494700
1#
#366682199
0"
#366932198
1"
#366994698
0#
#367000000
1!
#367017900
10
#367182197
0"
#367200000
0(
1/
#367432200
1"
#367494700
1#
#367574498
1.
#367682199
0"
#367932198
1"
#367994698
0#
#368000000
0!
#368182197
0"
#368230000
0-
#368350000
1(
#368432200
1"
#368494700
1#
#368682199
0"
#368932198
1"
#368994698
0#
#369000000
1!
#369182197
0"
#369200000
1-
#369432200
1"
#369494700
1#
#369682199
0"
#369767300
00
#369824100
0.
#369932198
1"
#369994698
0#
#370000000
0!
#370182197
0"
#370432200
1"
#370494700
1#
#370682199
0"
#370932198
1"
#370994698
0#
#371000000
1!
#371182197
0"
#371200000
0(
#371432200
1"
#371494700
1#
#371517898
10
#371574498
1.
#371682199
0"
#371932198
1"
#371994698
0#
#372000000
0!
#372182197
0"
#372230000
0-
#372350000
1(
0/
#372432200
1"
#372494700
1#
#372682199
0"
#372932198
1"
#372994698
0#
#373000000
1!
#373182197
0"
#373200000
1-
#373432200
1"
#373494700
1#
#373682199
0"
#373767300
00
#373824100
0.
#373932198
1"
#373994698
0#
#374000000
0!
#374182197
0"
#374432200
1"
#374494700
1#
#374682199
0"
#374932198
1"
#374994698
0#
#375000000
1!
#375017900
10
#375182197
0"
#375200000
0(
1/
#375432200
1"
#375494700
1#
#375574498
1.
#375682199
0"
#375932198
1"
#375994698
0#
#376000000
0!
#376182197
0"
#376230000
0-
#376350000
1(
#376432200
1"
#376494700
1#
#376682199
0"
#376932198
1"
#376994698
0#
#377000000
1!
#377182197
0"
#377200000
1-
#377432200
1"
#377494700
1#
#377682199
0"
#377767300
00
#377824100
0.
#377932198
1"
#377994698
0#
#378000000
0!
#378182197
0"
#378432200
1"
#378494700
1#
#378682199
0"
#378932198
1"
#378994698
0#
#379000000
1!
#379182197
0"
#379200000
0(
#379432200
1"
#379494700
1#
#379517898
10
#379574498
1.
#379682199
0"
#379932198
1"
#379994698
0#
#380000000
0!
#380182197
0"
#380230000
0-
#380350000
1(
0/
#380432200
1"
#380494700
1#
#380682199
0"
#380932198
1"
#380994698
0#
#381000000
1!
#381182197
0"
#381200000
1-
#381432200
1"
#381494700
1#
#381682199
0"
#381767300
00
#381824100
0.
#381932198
1"
#381994698
0#
#382000000
0!
#382182197
0"
#382432200
1"
#382494700
1#
#382682199
0"
#382932198
1"
#382994698
0#
#383000000
1!
#383017900
10
#383182197
0"
#383200000
0(
1/
#383432200
1"
#383494700
1#
#383574498
1.
#383682199
0"
#383932198
1"
#383994698
0#
#384000000
0!
#384182197
0"
#384230000
0-
#384350000
1(
#384432200
1"
#384494700
1#
#384682199
0"
#384932198
1"
#384994698
0#
#385000000
1!
#385182197
0"
#385200000
1-
#385432200
1"
#385494700
1#
#385682199
0"
#385767300
00
#385824100
0.
#385932198
1"
#385994698
0#
#386000000
0!
#386182197
0"
#386432200
1"
#386494700
1#
#386682199
0"
#386932198
1"
#386994698
0#
#387000000
1!
#387182197
0"
#387200000
0(
#387432200
1"
#387494700
1#
#387517898
10
#387574498
1.
#387682199
0"
#387932198
1"
#387994698
0#
#388000000
0!
#388182197
0"
#388230000
0-
#388350000
1(
0/
#388432200
1"
#388494700
1#
#388682199
0"
#388932198
1"
#388994698
0#
#389000000
1!
#389182197
0"
#389200000
1-
#389432200
1"
#389494700
1#
#389682199
0"
#389767300
00
#389824100
0.
#389932198
1"
#389994698
0#
#390000000
0!
#390182197
0"
#390432200
1"
#390494700
1#
#390682199
0"
#390932198
1"
#390994698
0#
#391000000
1!
#391017900
10
#391182197
0"
#391200000
0(
1/
#391432200
1"
#391494700
1#
#391574498
1.
#391682199
0"
#391932198
1"
#391994698
0#
#392000000
0!
#392182197
0"
#392430000
0-
#392432200
1"
#392494700
1#
#392550000
1'
#392682199
0"
#392932198
1"
#392994698
0#
#393000000
1!
#393182197
0"
#393400000
1-
#393432200
1"
#393494700
1#
#393682199
0"
#393892300
01
#393932198
1"
#393994698
0#
#394000000
0!
#394182197
0"
#394432200
1"
#394494700
1#
#394682199
0"
#394932198
1"
#394994698
0#
#395000000
1!
#395182197
0"
#395432200
1"
#395494700
1#
#395682199
0"
#395932198
1"
#395994698
0#
#396000000
0!
#396182197
0"
#396432200
1"
#396494700
1#
#396682199
0"
#396932198
1"
#396994698
0#
#397000000
1!
#397182197
0"
#397432200
1"
#397494700
1#
#397682199
0"
#397932198
1"
#397994698
0#
#398000000
0!
#398182197
0"
#398432200
1"
#398494700
1#
#398682199
0"
#398932198
1"
#398994698
0#
#399000000
1!
#399182197
0"
#399331900
0.
#399432200
1"
#399494700
1#
#399682199
0"
#399932198
1"
#399994698
0#
#400000000
0!
#400182197
0"
#400432200
1"
#400494700
1#
#400682199
0"
#400932198
1"
#400994698
0#
#401000000
1!
#401182197
0"
#401331900
1.
#401347400
11
#401432200
1"
#401494700
1#
#401682199
0"
#401932198
1"
#401994698
0#
#402000000
0!
#402182197
0"
#402230000
0-
#402350000
1(
0'
#402432200
1"
#402494700
1#
#402682199
0"
#402932198
1"
#402994698
0#
#403000000
1!
#403182197
0"
#403200000
1-
#403432200
1"
#403494700
1#
#403682199
0"
#403767300
00
#403824100
0.
#403932198
1"
#403994698
0#
#404000000
0!
#404182197
0"
#404432200
1"
#404494700
1#
#404682199
0"
#404932198
1"
#404994698
0#
#405000000
1!
#405182197
0"
#405200000
0(
#405432200
1"
#405494700
1#
#405517898
10
#405574498
1.
#405682199
0"
#405932198
1"
#405994698
0#
#406000000
0!
#406182197
0"
#406230000
0-
#406350000
1(
0/
#406432200
1"
#406494700
1#
#406682199
0"
#406932198
1"
#406994698
0#
#407000000
1!
#407182197
0"
#407200000
1-
#407432200
1"
#407494700
1#
#407682199
0"
#407767300
00
#407824100
0.
#407932198
1"
#407994698
0#
#408000000
0!
#408182197
0"
#408432200
1"
#408494700
1#
#408682199
0"
#408932198
1"
#408994698
0#
#409000000
1!
#409017900
10
#409182197
0"
#409200000
0(
1/
#409432200
1"
#409494700
1#
#409574498
1.
#409682199
0"
#409932198
1"
#409994698
0#
#410000000
0!
#410182197
0"
#410230000
0-
#410350000
1(
#410432200
1"
#410494700
1#
#410682199
0"
#410932198
1"
#410994698
0#
#411000000
1!
#411182197
0"
#411200000
1-
#411432200
1"
#411494700
1#
#411682199
0"
#411767300
00
#411824100
0.
#411932198
1"
#411994698
0#
#412000000
0!
#412182197
0"
#412432200
1"
#412494700
1#
#412682199
0"
#412932198
1"
#412994698
0#
#413000000
1!
#413182197
0"
#413200000
0(
#413432200
1"
#413494700
1#
#413517898
10
#413574498
1.
#413682199
0"
#413932198
1"
#413994698
0#
#414000000
0!
#414182197
0"
#414230000
0-
#414350000
1(
0/
#414432200
1"
#414494700
1#
#414682199
0"
#414932198
1"
#414994698
0#
#415000000
1!
#415182197
0"
#415200000
1-
#415432200
1"
#415494700
1#
#415682199
0"
#415767300
00
#415824100
0.
#415932198
1"
#415994698
0#
#416000000
0!
#416182197
0"
#416432200
1"
#416494700
1#
#416682199
0"
#416932198
1"
#416994698
0#
#417000000
1!
#417017900
10
#417182197
0"
#417200000
0(
1/
#417432200
1"
#417494700
1#
#417574498
1.
#417682199
0"
#417932198
1"
#417994698
0#
#418000000
0!
#418182197
0"
#418230000
0-
#418350000
1(
#418432200
1"
#418494700
1#
#418682199
0"
#418932198
1"
#418994698
0#
#419000000
1!
#419182197
0"
#419200000
1-
#419432200
1"
#419494700
1#
#419682199
0"
#419767300
00
#419824100
0.
#419932198
1"
#419994698
0#
#420000000
0!
#420182197
0"
#420432200
1"
#420494700
1#
#420682199
0"
#420932198
1"
#420994698
0#
#421000000
1!
#421182197
0"
#421200000
0(
#421432200
1"
#421494700
1#
#421517898
10
#421574498
1.
#421682199
0"
#421932198
1"
#421994698
0#
#422000000
0!
#422182197
0"
#422230000
0-
#422350000
1(
0/
#422432200
1"
#422494700
1#
#422682199
0"
#422932198
1"
#422994698
0#
#423000000
1!
#423182197
0"
#423200000
1-
#423432200
1"
#423494700
1#
#423682199
0"
#423767300
00
#423824100
0.
#423932198
1"
#423994698
0#
#424000000
0!
#424182197
0"
#424432200
1"
#424494700
1#
#424682199
0"
#424932198
1"
#424994698
0#
#425000000
1!
#425017900
10
#425182197
0"
#425200000
0(
1/
#425432200
1"
#425494700
1#
#425574498
1.
#425682199
0"
#425932198
1"
#425994698
0#
#426000000
0!
#426182197
0"
#426230000
0-
#426350000
1(
#426432200
1"
#426494700
1#
#426682199
0"
#426932198
1"
#426994698
0#
#427000000
1!
#427182197
0"
#427200000
1-
#427432200
1"
#427494700
1#
#427682199
0"
#427767300
00
#427824100
0.
#427932198
1"
#427994698
0#
#428000000
0!
#428182197
0"
#428432200
1"
#428494700
1#
#428682199
0"
#428932198
1"
#428994698
0#
#429000000
1!
#429182197
0"
#429200000
0(
#429432200
1"
#429494700
1#
#429517898
10
#429574498
1.
#429682199
0"
#429932198
1"
#429994698
0#
#430000000
0!
#430182197
0"
#430230000
0-
#430350000
1(
0/
#430432200
1"
#430494700
1#
#430682199
0"
#430932198
1"
#430994698
0#
#431000000
1!
#431182197
0"
#431200000
1-
#431432200
1"
#431494700
1#
#431682199
0"
#431767300
00
#431824100
0.
#431932198
1"
#431994698
0#
#432000000
0!
#432182197
0"
#432432200
1"
#432494700
1#
#432682199
0"
#432932198
1"
#432994698
0#
#433000000
1!
#433017900
10
#433182197
0"
#433200000
0(
1/
#433432200
1"
#433494700
1#
#433574498
1.
#433682199
0"
#433932198
1"
#433994698
0#
#434000000
0!
#434182197
0"
#434430000
0-
#434432200
1"
#434494700
1#
#434550000
1'
#434682199
0"
#434932198
1"
#434994698
0#
#435000000
1!
#435182197
0"
#435400000
1-
#435432200
1"
#435494700
1#
#435682199
0"
#435892300
01
#435932198
1"
#435994698
0#
#436000000
0!
#436182197
0"
#436432200
1"
#436494700
1#
#436682199
0"
#436932198
1"
#436994698
0#
#437000000
1!
#437182197
0"
#437432200
1"
#437494700
1#
#437682199
0"
#437932198
1"
#437994698
0#
#438000000
0!
#438182197
0"
#438432200
1"
#438494700
1#
#438682199
0"
#438932198
1"
#438994698
0#
#439000000
1!
#439182197
0"
#439432200
1"
#439494700
1#
#439682199
0"
#439932198
1"
#439994698
0#
#440000000
0!
#440182197
0"
#440432200
1"
#440494700
1#
#440682199
0"
#440932198
1"
#440994698
0#
#441000000
1!
#441182197
0"
#441331900
0.
#441432200
1"
#441494700
1#
#441682199
0"
#441932198
1"
#441994698
0#
#442000000
0!
#442182197
0"
#442432200
1"
#442494700
1#
#442682199
0"
#442932198
1"
#442994698
0#
#443000000
1!
#443182197
0"
#443331900
1.
#443347400
11
#443432200
1"
#443494700
1#
#443682199
0"
#443932198
1"
#443994698
0#
#444000000
0!
#444182197
0"
#444230000
0-
#444350000
1(
0'
#444432200
1"
#444494700
1#
#444682199
0"
#444932198
1"
#444994698
0#
#445000000
1!
#445182197
0"
#445200000
1-
#445432200
1"
#445494700
1#
#445682199
0"
#445767300
00
#445824100
0.
#445932198
1"
#445994698
0#
#446000000
0!
#446182197
0"
#446432200
1"
#446494700
1#
#446682199
0"
#446932198
1"
#446994698
0#
#447000000
1!
#447182197
0"
#447200000
0(
#447432200
1"
#447494700
1#
#447517898
10
#447574498
1.
#447682199
0"
#447932198
1"
#447994698
0#
#448000000
0!
#448182197
0"
#448230000
0-
#448350000
1(
0/
#448432200
1"
#448494700
1#
#448682199
0"
#448932198
1"
#448994698
0#
#449000000
1!
#449182197
0"
#449200000
1-
#449432200
1"
#449494700
1#
#449682199
0"
#449767300
00
#449824100
0.
#449932198
1"
#449994698
0#
#450000000
0!
#450182197
0"
#450432200
1"
#450494700
1#
#450682199
0"
#450932198
1"
#450994698
0#
#451000000
1!
#451017900
10
#451182197
0"
#451200000
0(
1/
#451432200
1"
#451494700
1#
#451574498
1.
#451682199
0"
#451932198
1"
#451994698
0#
#452000000
0!
#452182197
0"
#452230000
0-
#452350000
1(
#452432200
1"
#452494700
1#
#452682199
0"
#452932198
1"
#452994698
0#
#453000000
1!
#453182197
0"
#453200000
1-
#453432200
1"
#453494700
1#
#453682199
0"
#453767300
00
#453824100
0.
#453932198
1"
#453994698
0#
#454000000
0!
#454182197
0"
#454432200
1"
#454494700
1#
#454682199
0"
#454932198
1"
#454994698
0#
#455000000
1!
#455182197
0"
#455200000
0(
#455432200
1"
#455494700
1#
#455517898
10
#455574498
1.
#455682199
0"
#455932198
1"
#455994698
0#
#456000000
0!
#456182197
0"
#456230000
0-
#456350000
1(
0/
#456432200
1"
#456494700
1#
#456682199
0"
#456932198
1"
#456994698
0#
#457000000
1!
#457182197
0"
#457200000
1-
#457432200
1"
#457494700
1#
#457682199
0"
#457767300
00
#457824100
0.
#457932198
1"
#457994698
0#
#458000000
0!
#458182197
0"
#458432200
1"
#458494700
1#
#458682199
0"
#458932198
1"
#458994698
0#
#459000000
1!
#459017900
10
#459182197
0"
#459200000
0(
1/
#459432200
1"
#459494700
1#
#459574498
1.
#459682199
0"
#459932198
1"
#459994698
0#
#460000000
0!
#460182197
0"
#460230000
0-
#460350000
1(
#460432200
1"
#460494700
1#
#460682199
0"
#460932198
1"
#460994698
0#
#461000000
1!
#461182197
0"
#461200000
1-
#461432200
1"
#461494700
1#
#461682199
0"
#461767300
00
#461824100
0.
#461932198
1"
#461994698
0#
#462000000
0!
#462182197
0"
#462432200
1"
#462494700
1#
#462682199
0"
#462932198
1"
#462994698
0#
#463000000
1!
#463182197
0"
#463200000
0(
#463432200
1"
#463494700
1#
#463517898
10
#463574498
1.
#463682199
0"
#463932198
1"
#463994698
0#
#464000000
0!
#464182197
0"
#464230000
0-
#464350000
1(
0/
#464432200
1"
#464494700
1#
#464682199
0"
#464932198
1"
#464994698
0#
#465000000
1!
#465182197
0"
#465200000
1-
#465432200
1"
#465494700
1#
#465682199
0"
#465767300
00
#465824100
0.
#465932198
1"
#465994698
0#
#466000000
0!
#466182197
0"
#466432200
1"
#466494700
1#
#466682199
0"
#466932198
1"
#466994698
0#
#467000000
1!
#467017900
10
#467182197
0"
#467200000
0(
1/
#467432200
1"
#467494700
1#
#467574498
1.
#467682199
0"
#467932198
1"
#467994698
0#
#468000000
0!
#468182197
0"
#468230000
0-
#468350000
1(
#468432200
1"
#468494700
1#
#468682199
0"
#468932198
1"
#468994698
0#
#469000000
1!
#469182197
0"
#469200000
1-
#469432200
1"
#469494700
1#
#469682199
0"
#469767300
00
#469824100
0.
#469932198
1"
#469994698
0#
#470000000
0!
#470182197
0"
#470432200
1"
#470494700
1#
#470682199
0"
#470932198
1"
#470994698
0#
#471000000
1!
#471182197
0"
#471200000
0(
#471432200
1"
#471494700
1#
#471517898
10
#471574498
1.
#471682199
0"
#471932198
1"
#471994698
0#
#472000000
0!
#472182197
0"
#472230000
0-
#472350000
1(
0/
#472432200
1"
#472494700
1#
#472682199
0"
#472932198
1"
#472994698
0#
#473000000
1!
#473182197
0"
#473200000
1-
#473432200
1"
#473494700
1#
#473682199
0"
#473767300
00
#473824100
0.
#473932198
1"
#473994698
0#
#474000000
0!
#474182197
0"
#474432200
1"
#474494700
1#
#474682199
0"
#474932198
1"
#474994698
0#
#475000000
1!
#475017900
10
#475182197
0"
#475200000
0(
1/
#475432200
1"
#475494700
1#
#475574498
1.
#475682199
0"
#475932198
1"
#475994698
0#
#476000000
0!
#476182197
0"
#476430000
0-
#476432200
1"
#476494700
1#
#476550000
1'
#476682199
0"
#476932198
1"
#476994698
0#
#477000000
1!
#477182197
0"
#477400000
1-
#477432200
1"
#477494700
1#
#477682199
0"
#477892300
01
#477932198
1"
#477994698
0#
#478000000
0!
#478182197
0"
#478432200
1"
#478494700
1#
#478682199
0"
#478932198
1"
#478994698
0#
#479000000
1!
#479182197
0"
#479432200
1"
#479494700
1#
#479682199
0"
#479932198
1"
#479994698
0#
#480000000
0!
#480182197
0"
#480432200
1"
#480494700
1#
#480682199
0"
#480932198
1"
#480994698
0#
#481000000
1!
#481182197
0"
#481432200
1"
#481494700
1#
#481682199
0"
#481932198
1"
#481994698
0#
#482000000
0!
#482182197
0"
#482432200
1"
#482494700
1#
#482682199
0"
#482932198
1"
#482994698
0#
#483000000
1!
#483182197
0"
#483331900
0.
#483432200
1"
#483494700
1#
#483682199
0"
#483932198
1"
#483994698
0#
#484000000
0!
#484182197
0"
#484432200
1"
#484494700
1#
#484682199
0"
#484932198
1"
#484994698
0#
#485000000
1!
#485182197
0"
#485331900
1.
#485347400
11
#485432200
1"
#485494700
1#
#485682199
0"
#485932198
1"
#485994698
0#
#486000000
0!
#486182197
0"
#486230000
0-
#486350000
1(
0'
#486432200
1"
#486494700
1#
#486682199
0"
#486932198
1"
#486994698
0#
#487000000
1!
#487182197
0"
#487200000
1-
#487432200
1"
#487494700
1#
#487682199
0"
#487767300
00
#487824100
0.
#487932198
1"
#487994698
0#
#488000000
0!
#488182197
0"
#488432200
1"
#488494700
1#
#488682199
0"
#488932198
1"
#488994698
0#
#489000000
1!
#489182197
0"
#489200000
0(
#489432200
1"
#489494700
1#
#489517898
10
#489574498
1.
#489682199
0"
#489932198
1"
#489994698
0#
#490000000
0!
#490182197
0"
#490230000
0-
#490350000
1(
0/
#490432200
1"
#490494700
1#
#490682199
0"
#490932198
1"
#490994698
0#
#491000000
1!
#491182197
0"
#491200000
1-
#491432200
1"
#491494700
1#
#491682199
0"
#491767300
00
#491824100
0.
#491932198
1"
#491994698
0#
#492000000
0!
#492182197
0"
#492432200
1"
#492494700
1#
#492682199
0"
#492932198
1"
#492994698
0#
#493000000
1!
#493017900
10
#493182197
0"
#493200000
0(
1/
#493432200
1"
#493494700
1#
#493574498
1.
#493682199
0"
#493932198
1"
#493994698
0#
#494000000
0!
#494182197
0"
#494230000
0-
#494350000
1(
#494432200
1"
#494494700
1#
#494682199
0"
#494932198
1"
#494994698
0#
#495000000
1!
#495182197
0"
#495200000
1-
#495432200
1"
#495494700
1#
#495682199
0"
#495767300
00
#495824100
0.
#495932198
1"
#495994698
0#
#496000000
0!
#496182197
0"
#496432200
1"
#496494700
1#
#496682199
0"
#496932198
1"
#496994698
0#
#497000000
1!
#497182197
0"
#497200000
0(
#497432200
1"
#497494700
1#
#497517898
10
#497574498
1.
#497682199
0"
#497932198
1"
#497994698
0#
#498000000
0!
#498182197
0"
#498230000
0-
#498350000
1(
0/
#498432200
1"
#498494700
1#
#498682199
0"
#498932198
1"
#498994698
0#
#499000000
1!
#499182197
0"
#499200000
1-
#499432200
1"
#499494700
1#
#499682199
0"
#499767300
00
#499824100
0.
#499932198
1"
#499994698
0#
#500000000
0!
#500182197
0"
#500432200
1"
#500494700
1#
#500682199
0"
#500932198
1"
#500994698
0#
#501000000
1!
#501017900
10
#501182197
0"
#501200000
0(
1/
#501432200
1"
#501494700
1#
#501574498
1.
#501682199
0"
#501932198
1"
#501994698
0#
#502000000
0!
#502182197
0"
#502230000
0-
#502350000
1(
#502432200
1"
#502494700
1#
#502682199
0"
#502932198
1"
#502994698
0#
#503000000
1!
#503182197
0"
#503200000
1-
#503432200
1"
#503494700
1#
#503682199
0"
#503767300
00
#503824100
0.
#503932198
1"
#503994698
0#
#504000000
0!
#504182197
0"
#504432200
1"
#504494700
1#
#504682199
0"
#504932198
1"
#504994698
0#
#505000000
1!
#505182197
0"
#505200000
0(
#505432200
1"
#505494700
1#
#505517898
10
#505574498
1.
#505682199
0"
#505932198
1"
#505994698
0#
#506000000
0!
#506182197
0"
#506230000
0-
#506350000
1(
0/
#506432200
1"
#506494700
1#
#506682199
0"
#506932198
1"
#506994698
0#
#507000000
1!
#507182197
0"
#507200000
1-
#507432200
1"
#507494700
1#
#507682199
0"
#507767300
00
#507824100
0.
#507932198
1"
#507994698
0#
#508000000
0!
#508182197
0"
#508432200
1"
#508494700
1#
#508682199
0"
#508932198
1"
#508994698
0#
#509000000
1!
#509017900
10
#509182197
0"
#509200000
0(
1/
#509432200
1"
#509494700
1#
#509574498
1.
#509682199
0"
#509932198
1"
#509994698
0#
#510000000
0!
#510182197
0"
#510230000
0-
#510350000
1(
#510432200
1"
#510494700
1#
#510682199
0"
#510932198
1"
#510994698
0#
#511000000
1!
#511182197
0"
#511200000
1-
#511432200
1"
#511494700
1#
#511682199
0"
#511767300
00
#511824100
0.
#511932198
1"
#511994698
0#
#512000000
0!
#512182197
0"
#512432200
1"
#512494700
1#
#512682199
0"
#512932198
1"
#512994698
0#
#513000000
1!
#513182197
0"
#513200000
0(
#513432200
1"
#513494700
1#
#513517898
10
#513574498
1.
#513682199
0"
#513932198
1"
#513994698
0#
#514000000
0!
#514182197
0"
#514230000
0-
#514350000
1(
0/
#514432200
1"
#514494700
1#
#514682199
0"
#514932198
1"
#514994698
0#
#515000000
1!
#515182197
0"
#515200000
1-
#515432200
1"
#515494700
1#
#515682199
0"
#515767300
00
#515824100
0.
#515932198
1"
#515994698
0#
#516000000
0!
#516182197
0"
#516432200
1"
#516494700
1#
#516682199
0"
#516932198
1"
#516994698
0#
#517000000
1!
#517017900
10
#517182197
0"
#517200000
0(
1/
#517432200
1"
#517494700
1#
#517574498
1.
#517682199
0"
#517932198
1"
#517994698
0#
#518000000
0!
#518182197
0"
#518430000
0-
#518432200
1"
#518494700
1#
#518550000
1'
#518682199
0"
#518932198
1"
#518994698
0#
#519000000
1!
#519182197
0"
#519400000
1-
#519432200
1"
#519494700
1#
#519682199
0"
#519892300
01
#519932198
1"
#519994698
0#
#520000000
0!
#520182197
0"
#520432200
1"
#520494700
1#
#520682199
0"
#520932198
1"
#520994698
0#
#521000000
1!
#521182197
0"
#521432200
1"
#521494700
1#
#521682199
0"
#521932198
1"
#521994698
0#
#522000000
0!
#522182197
0"
#522432200
1"
#522494700
1#
#522682199
0"
#522932198
1"
#522994698
0#
#523000000
1!
#523182197
0"
#523432200
1"
#523494700
1#
#523682199
0"
#523932198
1"
#523994698
0#
#524000000
0!
#524182197
0"
#524432200
1"
#524494700
1#
#524682199
0"
#524932198
1"
#524994698
0#
#525000000
1!
#525182197
0"
#525331900
0.
#525432200
1"
#525494700
1#
#525682199
0"
#525932198
1"
#525994698
0#
#526000000
0!
#526182197
0"
#526432200
1"
#526494700
1#
#526682199
0"
#526932198
1"
#526994698
0#
#527000000
1!
#527182197
0"
#527331900
1.
#527347400
11
#527432200
1"
#527494700
1#
#527682199
0"
#527932198
1"
#527994698
0#
#528000000
0!
#528182197
0"
#528230000
0-
#528350000
1(
0'
#528432200
1"
#528494700
1#
#528682199
0"
#528932198
1"
#528994698
0#
#529000000
1!
#529182197
0"
#529200000
1-
#529432200
1"
#529494700
1#
#529682199
0"
#529767300
00
#529824100
0.
#529932198
1"
#529994698
0#
#530000000
0!
#530182197
0"
#530432200
1"
#530494700
1#
#530682199
0"
#530932198
1"
#530994698
0#
#531000000
1!
#531182197
0"
#531200000
0(
#531432200
1"
#531494700
1#
#531517898
10
#531574498
1.
#531682199
0"
#531932198
1"
#531994698
0#
#532000000
0!
#532182197
0"
#532230000
0-
#532350000
1(
0/
#532432200
1"
#532494700
1#
#532682199
0"
#532932198
1"
#532994698
0#
#533000000
1!
#533182197
0"
#533200000
1-
#533432200
1"
#533494700
1#
#533682199
0"
#533767300
00
#533824100
0.
#533932198
1"
#533994698
0#
#534000000
0!
#534182197
0"
#534432200
1"
#534494700
1#
#534682199
0"
#534932198
1"
#534994698
0#
#535000000
1!
#535017900
10
#535182197
0"
#535200000
0(
1/
#535432200
1"
#535494700
1#
#535574498
1.
#535682199
0"
#535932198
1"
#535994698
0#
#536000000
0!
#536182197
0"
#536230000
0-
#536350000
1(
#536432200
1"
#536494700
1#
#536682199
0"
#536932198
1"
#536994698
0#
#537000000
1!
#537182197
0"
#537200000
1-
#537432200
1"
#537494700
1#
#537682199
0"
#537767300
00
#537824100
0.
#537932198
1"
#537994698
0#
#538000000
0!
#538182197
0"
#538432200
1"
#538494700
1#
#538682199
0"
#538932198
1"
#538994698
0#
#539000000
1!
#539182197
0"
#539200000
0(
#539432200
1"
#539494700
1#
#539517898
10
#539574498
1.
#539682199
0"
#539932198
1"
#539994698
0#
#540000000
0!
#540182197
0"
#540230000
0-
#540350000
1(
0/
#540432200
1"
#540494700
1#
#540682199
0"
#540932198
1"
#540994698
0#
#541000000
1!
#541182197
0"
#541200000
1-
#541432200
1"
#541494700
1#
#541682199
0"
#541767300
00
#541824100
0.
#541932198
1"
#541994698
0#
#542000000
0!
#542182197
0"
#542432200
1"
#542494700
1#
#542682199
0"
#542932198
1"
#542994698
0#
#543000000
1!
#543017900
10
#543182197
0"
#543200000
0(
1/
#543432200
1"
#543494700
1#
#543574498
1.
#543682199
0"
#543932198
1"
#543994698
0#
#544000000
0!
#544182197
0"
#544230000
0-
#544350000
1(
#544432200
1"
#544494700
1#
#544682199
0"
#544932198
1"
#544994698
0#
#545000000
1!
#545182197
0"
#545200000
1-
#545432200
1"
#545494700
1#
#545682199
0"
#545767300
00
#545824100
0.
#545932198
1"
#545994698
0#
#546000000
0!
#546182197
0"
#546432200
1"
#546494700
1#
#546682199
0"
#546932198
1"
#546994698
0#
#547000000
1!
#547182197
0"
#547200000
0(
#547432200
1"
#547494700
1#
#547517898
10
#547574498
1.
#547682199
0"
#547932198
1"
#547994698
0#
#548000000
0!
#548182197
0"
#548230000
0-
#548350000
1(
0/
#548432200
1"
#548494700
1#
#548682199
0"
#548932198
1"
#548994698
0#
#549000000
1!
#549182197
0"
#549200000
1-
#549432200
1"
#549494700
1#
#549682199
0"
#549767300
00
#549824100
0.
#549932198
1"
#549994698
0#
#550000000
0!
#550182197
0"
#550432200
1"
#550494700
1#
#550682199
0"
#550932198
1"
#550994698
0#
#551000000
1!
#551017900
10
#551182197
0"
#551200000
0(
1/
#551432200
1"
#551494700
1#
#551574498
1.
#551682199
0"
#551932198
1"
#551994698
0#
#552000000
0!
#552182197
0"
#552230000
0-
#552350000
1(
#552432200
1"
#552494700
1#
#552682199
0"
#552932198
1"
#552994698
0#
#553000000
1!
#553182197
0"
#553200000
1-
#553432200
1"
#553494700
1#
#553682199
0"
#553767300
00
#553824100
0.
#553932198
1"
#553994698
0#
#554000000
0!
#554182197
0"
#554432200
1"
#554494700
1#
#554682199
0"
#554932198
1"
#554994698
0#
#555000000
1!
#555182197
0"
#555200000
0(
#555432200
1"
#555494700
1#
#555517898
10
#555574498
1.
#555682199
0"
#555932198
1"
#555994698
0#
#556000000
0!
#556182197
0"
#556230000
0-
#556350000
1(
0/
#556432200
1"
#556494700
1#
#556682199
0"
#556932198
1"
#556994698
0#
#557000000
1!
#557182197
0"
#557200000
1-
#557432200
1"
#557494700
1#
#557682199
0"
#557767300
00
#557824100
0.
#557932198
1"
#557994698
0#
#558000000
0!
#558182197
0"
#558432200
1"
#558494700
1#
#558682199
0"
#558932198
1"
#558994698
0#
#559000000
1!
#559017900
10
#559182197
0"
#559200000
0(
1/
#559432200
1"
#559494700
1#
#559574498
1.
#559682199
0"
#559932198
1"
#559994698
0#
#560000000
0!
#560182197
0"
#560430000
0-
#560432200
1"
#560494700
1#
#560550000
1'
#560682199
0"
#560932198
1"
#560994698
0#
#561000000
1!
#561182197
0"
#561400000
1-
#561432200
1"
#561494700
1#
#561682199
0"
#561892300
01
#561932198
1"
#561994698
0#
#562000000
0!
#562182197
0"
#562432200
1"
#562494700
1#
#562682199
0"
#562932198
1"
#562994698
0#
#563000000
1!
#563182197
0"
#563432200
1"
#563494700
1#
#563682199
0"
#563932198
1"
#563994698
0#
#564000000
0!
#564182197
0"
#564432200
1"
#564494700
1#
#564682199
0"
#564932198
1"
#564994698
0#
#565000000
1!
#565182197
0"
#565432200
1"
#565494700
1#
#565682199
0"
#565932198
1"
#565994698
0#
#566000000
0!
#566182197
0"
#566432200
1"
#566494700
1#
#566682199
0"
#566932198
1"
#566994698
0#
#567000000
1!
#567182197
0"
#567331900
0.
#567432200
1"
#567494700
1#
#567682199
0"
#567932198
1"
#567994698
0#
#568000000
0!
#568182197
0"
#568432200
1"
#568494700
1#
#568682199
0"
#568932198
1"
#568994698
0#
#569000000
1!
#569182197
0"
#569331900
1.
#569347400
11
#569432200
1"
#569494700
1#
#569682199
0"
#569932198
1"
#569994698
0#
#570000000
0!
#570182197
0"
#570230000
0-
#570350000
1(
0'
#570432200
1"
#570494700
1#
#570682199
0"
#570932198
1"
#570994698
0#
#571000000
1!
#571182197
0"
#571200000
1-
#571432200
1"
#571494700
1#
#571682199
0"
#571767300
00
#571824100
0.
#571932198
1"
#571994698
0#
#572000000
0!
#572182197
0"
#572432200
1"
#572494700
1#
#572682199
0"
#572932198
1"
#572994698
0#
#573000000
1!
#573182197
0"
#573200000
0(
#573432200
1"
#573494700
1#
#573517898
10
#573574498
1.
#573682199
0"
#573932198
1"
#573994698
0#
#574000000
0!
#574182197
0"
#574230000
0-
#574350000
1(
0/
#574432200
1"
#574494700
1#
#574682199
0"
#574932198
1"
#574994698
0#
#575000000
1!
#575182197
0"
#575200000
1-
#575432200
1"
#575494700
1#
#575682199
0"
#575767300
00
#575824100
0.
#575932198
1"
#575994698
0#
#576000000
0!
#576182197
0"
#576432200
1"
#576494700
1#
#576682199
0"
#576932198
1"
#576994698
0#
#577000000
1!
#577017900
10
#577182197
0"
#577200000
0(
1/
#577432200
1"
#577494700
1#
#577574498
1.
#577682199
0"
#577932198
1"
#577994698
0#
#578000000
0!
#578182197
0"
#578230000
0-
#578350000
1(
#578432200
1"
#578494700
1#
#578682199
0"
#578932198
1"
#578994698
0#
#579000000
1!
#579182197
0"
#579200000
1-
#579432200
1"
#579494700
1#
#579682199
0"
#579767300
00
#579824100
0.
#579932198
1"
#579994698
0#
#580000000
0!
#580182197
0"
#580432200
1"
#580494700
1#
#580682199
0"
#580932198
1"
#580994698
0#
#581000000
1!
#581182197
0"
#581200000
0(
#581432200
1"
#581494700
1#
#581517898
10
#581574498
1.
#581682199
0"
#581932198
1"
#581994698
0#
#582000000
0!
#582182197
0"
#582230000
0-
#582350000
1(
0/
#582432200
1"
#582494700
1#
#582682199
0"
#582932198
1"
#582994698
0#
#583000000
1!
#583182197
0"
#583200000
1-
#583432200
1"
#583494700
1#
#583682199
0"
#583767300
00
#583824100
0.
#583932198
1"
#583994698
0#
#584000000
0!
#584182197
0"
#584432200
1"
#584494700
1#
#584682199
0"
#584932198
1"
#584994698
0#
#585000000
1!
#585017900
10
#585182197
0"
#585200000
0(
1/
#585432200
1"
#585494700
1#
#585574498
1.
#585682199
0"
#585932198
1"
#585994698
0#
#586000000
0!
#586182197
0"
#586230000
0-
#586350000
1(
#586432200
1"
#586494700
1#
#586682199
0"
#586932198
1"
#586994698
0#
#587000000
1!
#587182197
0"
#587200000
1-
#587432200
1"
#587494700
1#
#587682199
0"
#587767300
00
#587824100
0.
#587932198
1"
#587994698
0#
#588000000
0!
#588182197
0"
#588432200
1"
#588494700
1#
#588682199
0"
#588932198
1"
#588994698
0#
#589000000
1!
#589182197
0"
#589200000
0(
#589432200
1"
#589494700
1#
#589517898
10
#589574498
1.
#589682199
0"
#589932198
1"
#589994698
0#
#590000000
0!
#590182197
0"
#590230000
0-
#590350000
1(
0/
#590432200
1"
#590494700
1#
#590682199
0"
#590932198
1"
#590994698
0#
#591000000
1!
#591182197
0"
#591200000
1-
#591432200
1"
#591494700
1#
#591682199
0"
#591767300
00
#591824100
0.
#591932198
1"
#591994698
0#
#592000000
0!
#592182197
0"
#592432200
1"
#592494700
1#
#592682199
0"
#592932198
1"
#592994698
0#
#593000000
1!
#593017900
10
#593182197
0"
#593200000
0(
1/
#593432200
1"
#593494700
1#
#593574498
1.
#593682199
0"
#593932198
1"
#593994698
0#
#594000000
0!
#594182197
0"
#594230000
0-
#594350000
1(
#594432200
1"
#594494700
1#
#594682199
0"
#594932198
1"
#594994698
0#
#595000000
1!
#595182197
0"
#595200000
1-
#595432200
1"
#595494700
1#
#595682199
0"
#595767300
00
#595824100
0.
#595932198
1"
#595994698
0#
#596000000
0!
#596182197
0"
#596432200
1"
#596494700
1#
#596682199
0"
#596932198
1"
#596994698
0#
#597000000
1!
#597182197
0"
#597200000
0(
#597432200
1"
#597494700
1#
#597517898
10
#597574498
1.
#597682199
0"
#597932198
1"
#597994698
0#
#598000000
0!
#598182197
0"
#598230000
0-
#598350000
1(
0/
#598432200
1"
#598494700
1#
#598682199
0"
#598932198
1"
#598994698
0#
#599000000
1!
#599182197
0"
#599200000
1-
#599432200
1"
#599494700
1#
#599682199
0"
#599767300
00
#599824100
0.
#599932198
1"
#599994698
0#
#600000000
0!
#600182197
0"
#600432200
1"
#600494700
1#
#600682199
0"
#600932198
1"
#600994698
0#
#601000000
1!
#601017900
10
#601182197
0"
#601200000
0(
1/
#601432200
1"
#601494700
1#
#601574498
1.
#601682199
0"
#601932198
1"
#601994698
0#
#602000000
0!
#602182197
0"
#602430000
0-
#602432200
1"
#602494700
1#
#602550000
1'
#602682199
0"
#602932198
1"
#602994698
0#
#603000000
1!
#603182197
0"
#603400000
1-
#603432200
1"
#603494700
1#
#603682199
0"
#603892300
01
#603932198
1"
#603994698
0#
#604000000
0!
#604182197
0"
#604432200
1"
#604494700
1#
#604682199
0"
#604932198
1"
#604994698
0#
#605000000
1!
#605182197
0"
#605432200
1"
#605494700
1#
#605682199
0"
#605932198
1"
#605994698
0#
#606000000
0!
#606182197
0"
#606432200
1"
#606494700
1#
#606682199
0"
#606932198
1"
#606994698
0#
#607000000
1!
#607182197
0"
#607432200
1"
#607494700
1#
#607682199
0"
#607932198
1"
#607994698
0#
#608000000
0!
#608182197
0"
#608432200
1"
#608494700
1#
#608682199
0"
#608932198
1"
#608994698
0#
#609000000
1!
#609182197
0"
#609331900
0.
#609432200
1"
#609494700
1#
#609682199
0"
#609932198
1"
#609994698
0#
#610000000
0!
#610182197
0"
#610432200
1"
#610494700
1#
#610682199
0"
#610932198
1"
#610994698
0#
#611000000
1!
#611182197
0"
#611331900
1.
#611347400
11
#611432200
1"
#611494700
1#
#611682199
0"
#611932198
1"
#611994698
0#
#612000000
0!
#612182197
0"
#612230000
0-
#612350000
1(
0'
#612432200
1"
#612494700
1#
#612682199
0"
#612932198
1"
#612994698
0#
#613000000
1!
#613182197
0"
#613200000
1-
#613432200
1"
#613494700
1#
#613682199
0"
#613767300
00
#613824100
0.
#613932198
1"
#613994698
0#
#614000000
0!
#614182197
0"
#614432200
1"
#614494700
1#
#614682199
0"
#614932198
1"
#614994698
0#
#615000000
1!
#615182197
0"
#615200000
0(
#615432200
1"
#615494700
1#
#615517898
10
#615574498
1.
#615682199
0"
#615932198
1"
#615994698
0#
#616000000
0!
#616182197
0"
#616230000
0-
#616350000
1(
0/
#616432200
1"
#616494700
1#
#616682199
0"
#616932198
1"
#616994698
0#
#617000000
1!
#617182197
0"
#617200000
1-
#617432200
1"
#617494700
1#
#617682199
0"
#617767300
00
#617824100
0.
#617932198
1"
#617994698
0#
#618000000
0!
#618182197
0"
#618432200
1"
#618494700
1#
#618682199
0"
#618932198
1"
#618994698
0#
#619000000
1!
#619017900
10
#619182197
0"
#619200000
0(
1/
#619432200
1"
#619494700
1#
#619574498
1.
#619682199
0"
#619932198
1"
#619994698
0#
#620000000
0!
#620182197
0"
#620230000
0-
#620350000
1(
#620432200
1"
#620494700
1#
#620682199
0"
#620932198
1"
#620994698
0#
#621000000
1!
#621182197
0"
#621200000
1-
#621432200
1"
#621494700
1#
#621682199
0"
#621767300
00
#621824100
0.
#621932198
1"
#621994698
0#
#622000000
0!
#622182197
0"
#622432200
1"
#622494700
1#
#622682199
0"
#622932198
1"
#622994698
0#
#623000000
1!
#623182197
0"
#623200000
0(
#623432200
1"
#623494700
1#
#623517898
10
#623574498
1.
#623682199
0"
#623932198
1"
#623994698
0#
#624000000
0!
#624182197
0"
#624230000
0-
#624350000
1(
0/
#624432200
1"
#624494700
1#
#624682199
0"
#624932198
1"
#624994698
0#
#625000000
1!
#625182197
0"
#625200000
1-
#625432200
1"
#625494700
1#
#625682199
0"
#625767300
00
#625824100
0.
#625932198
1"
#625994698
0#
#626000000
0!
#626182197
0"
#626432200
1"
#626494700
1#
#626682199
0"
#626932198
1"
#626994698
0#
#627000000
1!
#627017900
10
#627182197
0"
#627200000
0(
1/
#627432200
1"
#627494700
1#
#627574498
1.
#627682199
0"
#627932198
1"
#627994698
0#
#628000000
0!
#628182197
0"
#628230000
0-
#628350000
1(
#628432200
1"
#628494700
1#
#628682199
0"
#628932198
1"
#628994698
0#
#629000000
1!
#629182197
0"
#629200000
1-
#629432200
1"
#629494700
1#
#629682199
0"
#629767300
00
#629824100
0.
#629932198
1"
#629994698
0#
#630000000
0!
#630182197
0"
#630432200
1"
#630494700
1#
#630682199
0"
#630932198
1"
#630994698
0#
#631000000
1!
#631182197
0"
#631200000
0(
#631432200
1"
#631494700
1#
#631517898
10
#631574498
1.
#631682199
0"
#631932198
1"
#631994698
0#
#632000000
0!
#632182197
0"
#632230000
0-
#632350000
1(
0/
#632432200
1"
#632494700
1#
#632682199
0"
#632932198
1"
#632994698
0#
#633000000
1!
#633182197
0"
#633200000
1-
#633432200
1"
#633494700
1#
#633682199
0"
#633767300
00
#633824100
0.
#633932198
1"
#633994698
0#
#634000000
0!
#634182197
0"
#634432200
1"
#634494700
1#
#634682199
0"
#634932198
1"
#634994698
0#
#635000000
1!
#635017900
10
#635182197
0"
#635200000
0(
1/
#635432200
1"
#635494700
1#
#635574498
1.
#635682199
0"
#635932198
1"
#635994698
0#
#636000000
0!
#636182197
0"
#636230000
0-
#636350000
1(
#636432200
1"
#636494700
1#
#636682199
0"
#636932198
1"
#636994698
0#
#637000000
1!
#637182197
0"
#637200000
1-
#637432200
1"
#637494700
1#
#637682199
0"
#637767300
00
#637824100
0.
#637932198
1"
#637994698
0#
#638000000
0!
#638182197
0"
#638432200
1"
#638494700
1#
#638682199
0"
#638932198
1"
#638994698
0#
#639000000
1!
#639182197
0"
#639200000
0(
#639432200
1"
#639494700
1#
#639517898
10
#639574498
1.
#639682199
0"
#639932198
1"
#639994698
0#
#640000000
0!
#640182197
0"
#640230000
0-
#640350000
1(
0/
#640432200
1"
#640494700
1#
#640682199
0"
#640932198
1"
#640994698
0#
#641000000
1!
#641182197
0"
#641200000
1-
#641432200
1"
#641494700
1#
#641682199
0"
#641767300
00
#641824100
0.
#641932198
1"
#641994698
0#
#642000000
0!
#642182197
0"
#642432200
1"
#642494700
1#
#642682199
0"
#642932198
1"
#642994698
0#
#643000000
1!
#643017900
10
#643182197
0"
#643200000
0(
1/
#643432200
1"
#643494700
1#
#643574498
1.
#643682199
0"
#643932198
1"
#643994698
0#
#644000000
0!
#644182197
0"
#644430000
0-
#644432200
1"
#644494700
1#
#644550000
1'
#644682199
0"
#644932198
1"
#644994698
0#
#645000000
1!
#645182197
0"
#645400000
1-
#645432200
1"
#645494700
1#
#645682199
0"
#645892300
01
#645932198
1"
#645994698
0#
#646000000
0!
#646182197
0"
#646432200
1"
#646494700
1#
#646682199
0"
#646932198
1"
#646994698
0#
#647000000
1!
#647182197
0"
#647432200
1"
#647494700
1#
#647682199
0"
#647932198
1"
#647994698
0#
#648000000
0!
#648182197
0"
#648432200
1"
#648494700
1#
#648682199
0"
#648932198
1"
#648994698
0#
#649000000
1!
#649182197
0"
#649432200
1"
#649494700
1#
#649682199
0"
#649932198
1"
#649994698
0#
#650000000
0!
#650182197
0"
#650432200
1"
#650494700
1#
#650682199
0"
#650932198
1"
#650994698
0#
#651000000
1!
#651182197
0"
#651331900
0.
#651432200
1"
#651494700
1#
#651682199
0"
#651932198
1"
#651994698
0#
#652000000
0!
#652182197
0"
#652432200
1"
#652494700
1#
#652682199
0"
#652932198
1"
#652994698
0#
#653000000
1!
#653182197
0"
#653331900
1.
#653347400
11
#653432200
1"
#653494700
1#
#653682199
0"
#653932198
1"
#653994698
0#
#654000000
0!
#654182197
0"
#654230000
0-
#654350000
1(
0'
#654432200
1"
#654494700
1#
#654682199
0"
#654932198
1"
#654994698
0#
#655000000
1!
#655182197
0"
#655200000
1-
#655432200
1"
#655494700
1#
#655682199
0"
#655767300
00
#655824100
0.
#655932198
1"
#655994698
0#
#656000000
0!
#656182197
0"
#656432200
1"
#656494700
1#
#656682199
0"
#656932198
1"
#656994698
0#
#657000000
1!
#657182197
0"
#657200000
0(
#657432200
1"
#657494700
1#
#657517898
10
#657574498
1.
#657682199
0"
#657932198
1"
#657994698
0#
#658000000
0!
#658182197
0"
#658230000
0-
#658350000
1(
0/
#658432200
1"
#658494700
1#
#658682199
0"
#658932198
1"
#658994698
0#
#659000000
1!
#659182197
0"
#659200000
1-
#659432200
1"
#659494700
1#
#659682199
0"
#659767300
00
#659824100
0.
#659932198
1"
#659994698
0#
#660000000
0!
#660182197
0"
#660432200
1"
#660494700
1#
#660682199
0"
#660932198
1"
#660994698
0#
#661000000
1!
#661017900
10
#661182197
0"
#661200000
0(
1/
#661432200
1"
#661494700
1#
#661574498
1.
#661682199
0"
#661932198
1"
#661994698
0#
#662000000
0!
#662182197
0"
#662230000
0-
#662350000
1(
#662432200
1"
#662494700
1#
#662682199
0"
#662932198
1"
#662994698
0#
#663000000
1!
#663182197
0"
#663200000
1-
#663432200
1"
#663494700
1#
#663682199
0"
#663767300
00
#663824100
0.
#663932198
1"
#663994698
0#
#664000000
0!
#664182197
0"
#664432200
1"
#664494700
1#
#664682199
0"
#664932198
1"
#664994698
0#
#665000000
1!
#665182197
0"
#665200000
0(
#665432200
1"
#665494700
1#
#665517898
10
#665574498
1.
#665682199
0"
#665932198
1"
#665994698
0#
#666000000
0!
#666182197
0"
#666230000
0-
#666350000
1(
0/
#666432200
1"
#666494700
1#
#666682199
0"
#666932198
1"
#666994698
0#
#667000000
1!
#667182197
0"
#667200000
1-
#667432200
1"
#667494700
1#
#667682199
0"
#667767300
00
#667824100
0.
#667932198
1"
#667994698
0#
#668000000
0!
#668182197
0"
#668432200
1"
#668494700
1#
#668682199
0"
#668932198
1"
#668994698
0#
#669000000
1!
#669017900
10
#669182197
0"
#669200000
0(
1/
#669432200
1"
#669494700
1#
#669574498
1.
#669682199
0"
#669932198
1"
#669994698
0#
#670000000
0!
#670182197
0"
#670230000
0-
#670350000
1(
#670432200
1"
#670494700
1#
#670682199
0"
#670932198
1"
#670994698
0#
#671000000
1!
#671182197
0"
#671200000
1-
#671432200
1"
#671494700
1#
#671682199
0"
#671767300
00
#671824100
0.
#671932198
1"
#671994698
0#
#672000000
0!
#672182197
0"
#672432200
1"
#672494700
1#
#672682199
0"
#672932198
1"
#672994698
0#
#673000000
1!
#673182197
0"
#673200000
0(
#673432200
1"
#673494700
1#
#673517898
10
#673574498
1.
#673682199
0"
#673932198
1"
#673994698
0#
#674000000
0!
#674182197
0"
#674230000
0-
#674350000
1(
0/
#674432200
1"
#674494700
1#
#674682199
0"
#674932198
1"
#674994698
0#
#675000000
1!
#675182197
0"
#675200000
1-
#675432200
1"
#675494700
1#
#675682199
0"
#675767300
00
#675824100
0.
#675932198
1"
#675994698
0#
#676000000
0!
#676182197
0"
#676432200
1"
#676494700
1#
#676682199
0"
#676932198
1"
#676994698
0#
#677000000
1!
#677017900
10
#677182197
0"
#677200000
0(
1/
#677432200
1"
#677494700
1#
#677574498
1.
#677682199
0"
#677932198
1"
#677994698
0#
#678000000
0!
#678182197
0"
#678230000
0-
#678350000
1(
#678432200
1"
#678494700
1#
#678682199
0"
#678932198
1"
#678994698
0#
#679000000
1!
#679182197
0"
#679200000
1-
#679432200
1"
#679494700
1#
#679682199
0"
#679767300
00
#679824100
0.
#679932198
1"
#679994698
0#
#680000000
0!
#680182197
0"
#680432200
1"
#680494700
1#
#680682199
0"
#680932198
1"
#680994698
0#
#681000000
1!
#681182197
0"
#681200000
0(
#681432200
1"
#681494700
1#
#681517898
10
#681574498
1.
#681682199
0"
#681932198
1"
#681994698
0#
#682000000
0!
#682182197
0"
#682230000
0-
#682350000
1(
0/
#682432200
1"
#682494700
1#
#682682199
0"
#682932198
1"
#682994698
0#
#683000000
1!
#683182197
0"
#683200000
1-
#683432200
1"
#683494700
1#
#683682199
0"
#683767300
00
#683824100
0.
#683932198
1"
#683994698
0#
#684000000
0!
#684182197
0"
#684432200
1"
#684494700
1#
#684682199
0"
#684932198
1"
#684994698
0#
#685000000
1!
#685017900
10
#685182197
0"
#685200000
0(
1/
#685432200
1"
#685494700
1#
#685574498
1.
#685682199
0"
#685932198
1"
#685994698
0#
#686000000
0!
#686182197
0"
#686430000
0-
#686432200
1"
#686494700
1#
#686550000
1'
#686682199
0"
#686932198
1"
#686994698
0#
#687000000
1!
#687182197
0"
#687400000
1-
#687432200
1"
#687494700
1#
#687682199
0"
#687892300
01
#687932198
1"
#687994698
0#
#688000000
0!
#688182197
0"
#688432200
1"
#688494700
1#
#688682199
0"
#688932198
1"
#688994698
0#
#689000000
1!
#689182197
0"
#689432200
1"
#689494700
1#
#689682199
0"
#689932198
1"
#689994698
0#
#690000000
0!
#690182197
0"
#690432200
1"
#690494700
1#
#690682199
0"
#690932198
1"
#690994698
0#
#691000000
1!
#691182197
0"
#691432200
1"
#691494700
1#
#691682199
0"
#691932198
1"
#691994698
0#
#692000000
0!
#692182197
0"
#692432200
1"
#692494700
1#
#692682199
0"
#692932198
1"
#692994698
0#
#693000000
1!
#693182197
0"
#693331900
0.
#693432200
1"
#693494700
1#
#693682199
0"
#693932198
1"
#693994698
0#
#694000000
0!
#694182197
0"
#694432200
1"
#694494700
1#
#694682199
0"
#694932198
1"
#694994698
0#
#695000000
1!
#695182197
0"
#695331900
1.
#695347400
11
#695432200
1"
#695494700
1#
#695682199
0"
#695932198
1"
#695994698
0#
#696000000
0!
#696182197
0"
#696230000
0-
#696350000
1(
0'
#696432200
1"
#696494700
1#
#696682199
0"
#696932198
1"
#696994698
0#
#697000000
1!
#697182197
0"
#697200000
1-
#697432200
1"
#697494700
1#
#697682199
0"
#697767300
00
#697824100
0.
#697932198
1"
#697994698
0#
#698000000
0!
#698182197
0"
#698432200
1"
#698494700
1#
#698682199
0"
#698932198
1"
#698994698
0#
#699000000
1!
#699182197
0"
#699200000
0(
#699432200
1"
#699494700
1#
#699517898
10
#699574498
1.
#699682199
0"
#699932198
1"
#699994698
0#
#700000000
0!
#700182197
0"
#700230000
0-
#700350000
1(
0/
#700432200
1"
#700494700
1#
#700682199
0"
#700932198
1"
#700994698
0#
#701000000
1!
#701182197
0"
#701200000
1-
#701432200
1"
#701494700
1#
#701682199
0"
#701767300
00
#701824100
0.
#701932198
1"
#701994698
0#
#702000000
0!
#702182197
0"
#702432200
1"
#702494700
1#
#702682199
0"
#702932198
1"
#702994698
0#
#703000000
1!
#703017900
10
#703182197
0"
#703200000
0(
1/
#703432200
1"
#703494700
1#
#703574498
1.
#703682199
0"
#703932198
1"
#703994698
0#
#704000000
0!
#704182197
0"
#704230000
0-
#704350000
1(
#704432200
1"
#704494700
1#
#704682199
0"
#704932198
1"
#704994698
0#
#705000000
1!
#705182197
0"
#705200000
1-
#705432200
1"
#705494700
1#
#705682199
0"
#705767300
00
#705824100
0.
#705932198
1"
#705994698
0#
#706000000
0!
#706182197
0"
#706432200
1"
#706494700
1#
#706682199
0"
#706932198
1"
#706994698
0#
#707000000
1!
#707182197
0"
#707200000
0(
#707432200
1"
#707494700
1#
#707517898
10
#707574498
1.
#707682199
0"
#707932198
1"
#707994698
0#
#708000000
0!
#708182197
0"
#708230000
0-
#708350000
1(
0/
#708432200
1"
#708494700
1#
#708682199
0"
#708932198
1"
#708994698
0#
#709000000
1!
#709182197
0"
#709200000
1-
#709432200
1"
#709494700
1#
#709682199
0"
#709767300
00
#709824100
0.
#709932198
1"
#709994698
0#
#710000000
0!
#710182197
0"
#710432200
1"
#710494700
1#
#710682199
0"
#710932198
1"
#710994698
0#
#711000000
1!
#711017900
10
#711182197
0"
#711200000
0(
1/
#711432200
1"
#711494700
1#
#711574498
1.
#711682199
0"
#711932198
1"
#711994698
0#
#712000000
0!
#712182197
0"
#712230000
0-
#712350000
1(
#712432200
1"
#712494700
1#
#712682199
0"
#712932198
1"
#712994698
0#
#713000000
1!
#713182197
0"
#713200000
1-
#713432200
1"
#713494700
1#
#713682199
0"
#713767300
00
#713824100
0.
#713932198
1"
#713994698
0#
#714000000
0!
#714182197
0"
#714432200
1"
#714494700
1#
#714682199
0"
#714932198
1"
#714994698
0#
#715000000
1!
#715182197
0"
#715200000
0(
#715432200
1"
#715494700
1#
#715517898
10
#715574498
1.
#715682199
0"
#715932198
1"
#715994698
0#
#716000000
0!
#716182197
0"
#716230000
0-
#716350000
1(
0/
#716432200
1"
#716494700
1#
#716682199
0"
#716932198
1"
#716994698
0#
#717000000
1!
#717182197
0"
#717200000
1-
#717432200
1"
#717494700
1#
#717682199
0"
#717767300
00
#717824100
0.
#717932198
1"
#717994698
0#
#718000000
0!
#718182197
0"
#718432200
1"
#718494700
1#
#718682199
0"
#718932198
1"
#718994698
0#
#719000000
1!
#719017900
10
#719182197
0"
#719200000
0(
1/
#719432200
1"
#719494700
1#
#719574498
1.
#719682199
0"
#719932198
1"
#719994698
0#
#720000000
0!
#720182197
0"
#720230000
0-
#720350000
1(
#720432200
1"
#720494700
1#
#720682199
0"
#720932198
1"
#720994698
0#
#721000000
1!
#721182197
0"
#721200000
1-
#721432200
1"
#721494700
1#
#721682199
0"
#721767300
00
#721824100
0.
#721932198
1"
#721994698
0#
#722000000
0!
#722182197
0"
#722432200
1"
#722494700
1#
#722682199
0"
#722932198
1"
#722994698
0#
#723000000
1!
#723182197
0"
#723200000
0(
#723432200
1"
#723494700
1#
#723517898
10
#723574498
1.
#723682199
0"
#723932198
1"
#723994698
0#
#724000000
0!
#724182197
0"
#724230000
0-
#724350000
1(
0/
#724432200
1"
#724494700
1#
#724682199
0"
#724932198
1"
#724994698
0#
#725000000
1!
#725182197
0"
#725200000
1-
#725432200
1"
#725494700
1#
#725682199
0"
#725767300
00
#725824100
0.
#725932198
1"
#725994698
0#
#726000000
0!
#726182197
0"
#726432200
1"
#726494700
1#
#726682199
0"
#726932198
1"
#726994698
0#
#727000000
1!
#727017900
10
#727182197
0"
#727200000
0(
1/
#727432200
1"
#727494700
1#
#727574498
1.
#727682199
0"
#727932198
1"
#727994698
0#
#728000000
0!
#728182197
0"
#728430000
0-
#728432200
1"
#728494700
1#
#728550000
1'
#728682199
0"
#728932198
1"
#728994698
0#
#729000000
1!
#729182197
0"
#729400000
1-
#729432200
1"
#729494700
1#
#729682199
0"
#729892300
01
#729932198
1"
#729994698
0#
#730000000
0!
#730182197
0"
#730432200
1"
#730494700
1#
#730682199
0"
#730932198
1"
#730994698
0#
#731000000
1!
#731182197
0"
#731432200
1"
#731494700
1#
#731682199
0"
#731932198
1"
#731994698
0#
#732000000
0!
#732182197
0"
#732432200
1"
#732494700
1#
#732682199
0"
#732932198
1"
#732994698
0#
#733000000
1!
#733182197
0"
#733432200
1"
#733494700
1#
#733682199
0"
#733932198
1"
#733994698
0#
#734000000
0!
#734182197
0"
#734432200
1"
#734494700
1#
#734682199
0"
#734932198
1"
#734994698
0#
#735000000
1!
#735182197
0"
#735331900
0.
#735432200
1"
#735494700
1#
#735682199
0"
#735932198
1"
#735994698
0#
#736000000
0!
#736182197
0"
#736432200
1"
#736494700
1#
#736682199
0"
#736932198
1"
#736994698
0#
#737000000
1!
#737182197
0"
#737331900
1.
#737347400
11
#737432200
1"
#737494700
1#
#737682199
0"
#737932198
1"
#737994698
0#
#738000000
0!
#738182197
0"
#738230000
0-
#738350000
1(
0'
#738432200
1"
#738494700
1#
#738682199
0"
#738932198
1"
#738994698
0#
#739000000
1!
#739182197
0"
#739200000
1-
#739432200
1"
#739494700
1#
#739682199
0"
#739767300
00
#739824100
0.
#739932198
1"
#739994698
0#
#740000000
0!
#740182197
0"
#740432200
1"
#740494700
1#
#740682199
0"
#740932198
1"
#740994698
0#
#741000000
1!
#741182197
0"
#741200000
0(
#741432200
1"
#741494700
1#
#741517898
10
#741574498
1.
#741682199
0"
#741932198
1"
#741994698
0#
#742000000
0!
#742182197
0"
#742230000
0-
#742350000
1(
0/
#742432200
1"
#742494700
1#
#742682199
0"
#742932198
1"
#742994698
0#
#743000000
1!
#743182197
0"
#743200000
1-
#743432200
1"
#743494700
1#
#743682199
0"
#743767300
00
#743824100
0.
#743932198
1"
#743994698
0#
#744000000
0!
#744182197
0"
#744432200
1"
#744494700
1#
#744682199
0"
#744932198
1"
#744994698
0#
#745000000
1!
#745017900
10
#745182197
0"
#745200000
0(
1/
#745432200
1"
#745494700
1#
#745574498
1.
#745682199
0"
#745932198
1"
#745994698
0#
#746000000
0!
#746182197
0"
#746230000
0-
#746350000
1(
#746432200
1"
#746494700
1#
#746682199
0"
#746932198
1"
#746994698
0#
#747000000
1!
#747182197
0"
#747200000
1-
#747432200
1"
#747494700
1#
#747682199
0"
#747767300
00
#747824100
0.
#747932198
1"
#747994698
0#
#748000000
0!
#748182197
0"
#748432200
1"
#748494700
1#
#748682199
0"
#748932198
1"
#748994698
0#
#749000000
1!
#749182197
0"
#749200000
0(
#749432200
1"
#749494700
1#
#749517898
10
#749574498
1.
#749682199
0"
#749932198
1"
#749994698
0#
#750000000
0!
#750182197
0"
#750230000
0-
#750350000
1(
0/
#750432200
1"
#750494700
1#
#750682199
0"
#750932198
1"
#750994698
0#
#751000000
1!
#751182197
0"
#751200000
1-
#751432200
1"
#751494700
1#
#751682199
0"
#751767300
00
#751824100
0.
#751932198
1"
#751994698
0#
#752000000
0!
#752182197
0"
#752432200
1"
#752494700
1#
#752682199
0"
#752932198
1"
#752994698
0#
#753000000
1!
#753017900
10
#753182197
0"
#753200000
0(
1/
#753432200
1"
#753494700
1#
#753574498
1.
#753682199
0"
#753932198
1"
#753994698
0#
#754000000
0!
#754182197
0"
#754230000
0-
#754350000
1(
#754432200
1"
#754494700
1#
#754682199
0"
#754932198
1"
#754994698
0#
#755000000
1!
#755182197
0"
#755200000
1-
#755432200
1"
#755494700
1#
#755682199
0"
#755767300
00
#755824100
0.
#755932198
1"
#755994698
0#
#756000000
0!
#756182197
0"
#756432200
1"
#756494700
1#
#756682199
0"
#756932198
1"
#756994698
0#
#757000000
1!
#757182197
0"
#757200000
0(
#757432200
1"
#757494700
1#
#757517898
10
#757574498
1.
#757682199
0"
#757932198
1"
#757994698
0#
#758000000
0!
#758182197
0"
#758230000
0-
#758350000
1(
0/
#758432200
1"
#758494700
1#
#758682199
0"
#758932198
1"
#758994698
0#
#759000000
1!
#759182197
0"
#759200000
1-
#759432200
1"
#759494700
1#
#759682199
0"
#759767300
00
#759824100
0.
#759932198
1"
#759994698
0#
#760000000
0!
#760182197
0"
#760432200
1"
#760494700
1#
#760682199
0"
#760932198
1"
#760994698
0#
#761000000
1!
#761017900
10
#761182197
0"
#761200000
0(
1/
#761432200
1"
#761494700
1#
#761574498
1.
#761682199
0"
#761932198
1"
#761994698
0#
#762000000
0!
#762182197
0"
#762230000
0-
#762350000
1(
#762432200
1"
#762494700
1#
#762682199
0"
#762932198
1"
#762994698
0#
#763000000
1!
#763182197
0"
#763200000
1-
#763432200
1"
#763494700
1#
#763682199
0"
#763767300
00
#763824100
0.
#763932198
1"
#763994698
0#
#764000000
0!
#764182197
0"
#764432200
1"
#764494700
1#
#764682199
0"
#764932198
1"
#764994698
0#
#765000000
1!
#765182197
0"
#765200000
0(
#765432200
1"
#765494700
1#
#765517898
10
#765574498
1.
#765682199
0"
#765932198
1"
#765994698
0#
#766000000
0!
#766182197
0"
#766230000
0-
#766350000
1(
0/
#766432200
1"
#766494700
1#
#766682199
0"
#766932198
1"
#766994698
0#
#767000000
1!
#767182197
0"
#767200000
1-
#767432200
1"
#767494700
1#
#767682199
0"
#767767300
00
#767824100
0.
#767932198
1"
#767994698
0#
#768000000
0!
#768182197
0"
#768432200
1"
#768494700
1#
#768682199
0"
#768932198
1"
#768994698
0#
#769000000
1!
#769017900
10
#769182197
0"
#769200000
0(
1/
#769432200
1"
#769494700
1#
#769574498
1.
#769682199
0"
#769932198
1"
#769994698
0#
#770000000
0!
#770182197
0"
#770430000
0-
#770432200
1"
#770494700
1#
#770550000
1'
#770682199
0"
#770932198
1"
#770994698
0#
#771000000
1!
#771182197
0"
#771400000
1-
#771432200
1"
#771494700
1#
#771682199
0"
#771892300
01
#771932198
1"
#771994698
0#
#772000000
0!
#772182197
0"
#772432200
1"
#772494700
1#
#772682199
0"
#772932198
1"
#772994698
0#
#773000000
1!
#773182197
0"
#773432200
1"
#773494700
1#
#773682199
0"
#773932198
1"
#773994698
0#
#774000000
0!
#774182197
0"
#774432200
1"
#774494700
1#
#774682199
0"
#774932198
1"
#774994698
0#
#775000000
1!
#775182197
0"
#775432200
1"
#775494700
1#
#775682199
0"
#775932198
1"
#775994698
0#
#776000000
0!
#776182197
0"
#776432200
1"
#776494700
1#
#776682199
0"
#776932198
1"
#776994698
0#
#777000000
1!
#777182197
0"
#777331900
0.
#777432200
1"
#777494700
1#
#777682199
0"
#777932198
1"
#777994698
0#
#778000000
0!
#778182197
0"
#778432200
1"
#778494700
1#
#778682199
0"
#778932198
1"
#778994698
0#
#779000000
1!
#779182197
0"
#779331900
1.
#779347400
11
#779432200
1"
#779494700
1#
#779682199
0"
#779932198
1"
#779994698
0#
#780000000
0!
#780182197
0"
#780230000
0-
#780350000
1(
0'
#780432200
1"
#780494700
1#
#780682199
0"
#780932198
1"
#780994698
0#
#781000000
1!
#781182197
0"
#781200000
1-
#781432200
1"
#781494700
1#
#781682199
0"
#781767300
00
#781824100
0.
#781932198
1"
#781994698
0#
#782000000
0!
#782182197
0"
#782432200
1"
#782494700
1#
#782682199
0"
#782932198
1"
#782994698
0#
#783000000
1!
#783182197
0"
#783200000
0(
#783432200
1"
#783494700
1#
#783517898
10
#783574498
1.
#783682199
0"
#783932198
1"
#783994698
0#
#784000000
0!
#784182197
0"
#784230000
0-
#784350000
1(
0/
#784432200
1"
#784494700
1#
#784682199
0"
#784932198
1"
#784994698
0#
#785000000
1!
#785182197
0"
#785200000
1-
#785432200
1"
#785494700
1#
#785682199
0"
#785767300
00
#785824100
0.
#785932198
1"
#785994698
0#
#786000000
0!
#786182197
0"
#786432200
1"
#786494700
1#
#786682199
0"
#786932198
1"
#786994698
0#
#787000000
1!
#787017900
10
#787182197
0"
#787200000
0(
1/
#787432200
1"
#787494700
1#
#787574498
1.
#787682199
0"
#787932198
1"
#787994698
0#
#788000000
0!
#788182197
0"
#788230000
0-
#788350000
1(
#788432200
1"
#788494700
1#
#788682199
0"
#788932198
1"
#788994698
0#
#789000000
1!
#789182197
0"
#789200000
1-
#789432200
1"
#789494700
1#
#789682199
0"
#789767300
00
#789824100
0.
#789932198
1"
#789994698
0#
#790000000
0!
#790182197
0"
#790432200
1"
#790494700
1#
#790682199
0"
#790932198
1"
#790994698
0#
#791000000
1!
#791182197
0"
#791200000
0(
#791432200
1"
#791494700
1#
#791517898
10
#791574498
1.
#791682199
0"
#791932198
1"
#791994698
0#
#792000000
0!
#792182197
0"
#792230000
0-
#792350000
1(
0/
#792432200
1"
#792494700
1#
#792682199
0"
#792932198
1"
#792994698
0#
#793000000
1!
#793182197
0"
#793200000
1-
#793432200
1"
#793494700
1#
#793682199
0"
#793767300
00
#793824100
0.
#793932198
1"
#793994698
0#
#794000000
0!
#794182197
0"
#794432200
1"
#794494700
1#
#794682199
0"
#794932198
1"
#794994698
0#
#795000000
1!
#795017900
10
#795182197
0"
#795200000
0(
1/
#795432200
1"
#795494700
1#
#795574498
1.
#795682199
0"
#795932198
1"
#795994698
0#
#796000000
0!
#796182197
0"
#796230000
0-
#796350000
1(
#796432200
1"
#796494700
1#
#796682199
0"
#796932198
1"
#796994698
0#
#797000000
1!
#797182197
0"
#797200000
1-
#797432200
1"
#797494700
1#
#797682199
0"
#797767300
00
#797824100
0.
#797932198
1"
#797994698
0#
#798000000
0!
#798182197
0"
#798432200
1"
#798494700
1#
#798682199
0"
#798932198
1"
#798994698
0#
#799000000
1!
#799182197
0"
#799200000
0(
#799432200
1"
#799494700
1#
#799517898
10
#799574498
1.
#799682199
0"
#799932198
1"
#799994698
0#
#800000000
0!
#800182197
0"
#800230000
0-
#800350000
1(
0/
#800432200
1"
#800494700
1#
#800682199
0"
#800932198
1"
#800994698
0#
#801000000
1!
#801182197
0"
#801200000
1-
#801432200
1"
#801494700
1#
#801682199
0"
#801767300
00
#801824100
0.
#801932198
1"
#801994698
0#
#802000000
0!
#802182197
0"
#802432200
1"
#802494700
1#
#802682199
0"
#802932198
1"
#802994698
0#
#803000000
1!
#803017900
10
#803182197
0"
#803200000
0(
1/
#803432200
1"
#803494700
1#
#803574498
1.
#803682199
0"
#803932198
1"
#803994698
0#
#804000000
0!
#804182197
0"
#804230000
0-
#804350000
1(
#804432200
1"
#804494700
1#
#804682199
0"
#804932198
1"
#804994698
0#
#805000000
1!
#805182197
0"
#805200000
1-
#805432200
1"
#805494700
1#
#805682199
0"
#805767300
00
#805824100
0.
#805932198
1"
#805994698
0#
#806000000
0!
#806182197
0"
#806432200
1"
#806494700
1#
#806682199
0"
#806932198
1"
#806994698
0#
#807000000
1!
#807182197
0"
#807200000
0(
#807432200
1"
#807494700
1#
#807517898
10
#807574498
1.
#807682199
0"
#807932198
1"
#807994698
0#
#808000000
0!
#808182197
0"
#808230000
0-
#808350000
1(
0/
#808432200
1"
#808494700
1#
#808682199
0"
#808932198
1"
#808994698
0#
#809000000
1!
#809182197
0"
#809200000
1-
#809432200
1"
#809494700
1#
#809682199
0"
#809767300
00
#809824100
0.
#809932198
1"
#809994698
0#
#810000000
0!
#810182197
0"
#810432200
1"
#810494700
1#
#810682199
0"
#810932198
1"
#810994698
0#
#811000000
1!
#811017900
10
#811182197
0"
#811200000
0(
1/
#811432200
1"
#811494700
1#
#811574498
1.
#811682199
0"
#811932198
1"
#811994698
0#
#812000000
0!
#812182197
0"
#812430000
0-
#812432200
1"
#812494700
1#
#812550000
1'
#812682199
0"
#812932198
1"
#812994698
0#
#813000000
1!
#813182197
0"
#813400000
1-
#813432200
1"
#813494700
1#
#813682199
0"
#813892300
01
#813932198
1"
#813994698
0#
#814000000
0!
#814182197
0"
#814432200
1"
#814494700
1#
#814682199
0"
#814932198
1"
#814994698
0#
#815000000
1!
#815182197
0"
#815432200
1"
#815494700
1#
#815682199
0"
#815932198
1"
#815994698
0#
#816000000
0!
#816182197
0"
#816432200
1"
#816494700
1#
#816682199
0"
#816932198
1"
#816994698
0#
#817000000
1!
#817182197
0"
#817432200
1"
#817494700
1#
#817682199
0"
#817932198
1"
#817994698
0#
#818000000
0!
#818182197
0"
#818432200
1"
#818494700
1#
#818682199
0"
#818932198
1"
#818994698
0#
#819000000
1!
#819182197
0"
#819331900
0.
#819432200
1"
#819494700
1#
#819682199
0"
#819932198
1"
#819994698
0#
#820000000
0!
#820182197
0"
#820432200
1"
#820494700
1#
#820682199
0"
#820932198
1"
#820994698
0#
#821000000
1!
#821182197
0"
#821331900
1.
#821347400
11
#821432200
1"
#821494700
1#
#821682199
0"
#821932198
1"
#821994698
0#
#822000000
0!
#822182197
0"
#822230000
0-
#822350000
1(
0'
#822432200
1"
#822494700
1#
#822682199
0"
#822932198
1"
#822994698
0#
#823000000
1!
#823182197
0"
#823200000
1-
#823432200
1"
#823494700
1#
#823682199
0"
#823767300
00
#823824100
0.
#823932198
1"
#823994698
0#
#824000000
0!
#824182197
0"
#824432200
1"
#824494700
1#
#824682199
0"
#824932198
1"
#824994698
0#
#825000000
1!
#825182197
0"
#825200000
0(
#825432200
1"
#825494700
1#
#825517898
10
#825574498
1.
#825682199
0"
#825932198
1"
#825994698
0#
#826000000
0!
#826182197
0"
#826230000
0-
#826350000
1(
0/
#826432200
1"
#826494700
1#
#826682199
0"
#826932198
1"
#826994698
0#
#827000000
1!
#827182197
0"
#827200000
1-
#827432200
1"
#827494700
1#
#827682199
0"
#827767300
00
#827824100
0.
#827932198
1"
#827994698
0#
#828000000
0!
#828182197
0"
#828432200
1"
#828494700
1#
#828682199
0"
#828932198
1"
#828994698
0#
#829000000
1!
#829017900
10
#829182197
0"
#829200000
0(
1/
#829432200
1"
#829494700
1#
#829574498
1.
#829682199
0"
#829932198
1"
#829994698
0#
#830000000
0!
#830182197
0"
#830230000
0-
#830350000
1(
#830432200
1"
#830494700
1#
#830682199
0"
#830932198
1"
#830994698
0#
#831000000
1!
#831182197
0"
#831200000
1-
#831432200
1"
#831494700
1#
#831682199
0"
#831767300
00
#831824100
0.
#831932198
1"
#831994698
0#
#832000000
0!
#832182197
0"
#832432200
1"
#832494700
1#
#832682199
0"
#832932198
1"
#832994698
0#
#833000000
1!
#833182197
0"
#833200000
0(
#833432200
1"
#833494700
1#
#833517898
10
#833574498
1.
#833682199
0"
#833932198
1"
#833994698
0#
#834000000
0!
#834182197
0"
#834230000
0-
#834350000
1(
0/
#834432200
1"
#834494700
1#
#834682199
0"
#834932198
1"
#834994698
0#
#835000000
1!
#835182197
0"
#835200000
1-
#835432200
1"
#835494700
1#
#835682199
0"
#835767300
00
#835824100
0.
#835932198
1"
#835994698
0#
#836000000
0!
#836182197
0"
#836432200
1"
#836494700
1#
#836682199
0"
#836932198
1"
#836994698
0#
#837000000
1!
#837017900
10
#837182197
0"
#837200000
0(
1/
#837432200
1"
#837494700
1#
#837574498
1.
#837682199
0"
#837932198
1"
#837994698
0#
#838000000
0!
#838182197
0"
#838230000
0-
#838350000
1(
#838432200
1"
#838494700
1#
#838682199
0"
#838932198
1"
#838994698
0#
#839000000
1!
#839182197
0"
#839200000
1-
#839432200
1"
#839494700
1#
#839682199
0"
#839767300
00
#839824100
0.
#839932198
1"
#839994698
0#
#840000000
0!
#840182197
0"
#840432200
1"
#840494700
1#
#840682199
0"
#840932198
1"
#840994698
0#
#841000000
1!
#841182197
0"
#841200000
0(
#841432200
1"
#841494700
1#
#841517898
10
#841574498
1.
#841682199
0"
#841932198
1"
#841994698
0#
#842000000
0!
#842182197
0"
#842230000
0-
#842350000
1(
0/
#842432200
1"
#842494700
1#
#842682199
0"
#842932198
1"
#842994698
0#
#843000000
1!
#843182197
0"
#843200000
1-
#843432200
1"
#843494700
1#
#843682199
0"
#843767300
00
#843824100
0.
#843932198
1"
#843994698
0#
#844000000
0!
#844182197
0"
#844432200
1"
#844494700
1#
#844682199
0"
#844932198
1"
#844994698
0#
#845000000
1!
#845017900
10
#845182197
0"
#845200000
0(
1/
#845432200
1"
#845494700
1#
#845574498
1.
#845682199
0"
#845932198
1"
#845994698
0#
#846000000
0!
#846182197
0"
#846230000
0-
#846350000
1(
#846432200
1"
#846494700
1#
#846682199
0"
#846932198
1"
#846994698
0#
#847000000
1!
#847182197
0"
#847200000
1-
#847432200
1"
#847494700
1#
#847682199
0"
#847767300
00
#847824100
0.
#847932198
1"
#847994698
0#
#848000000
0!
#848182197
0"
#848432200
1"
#848494700
1#
#848682199
0"
#848932198
1"
#848994698
0#
#849000000
1!
#849182197
0"
#849200000
0(
#849432200
1"
#849494700
1#
#849517898
10
#849574498
1.
#849682199
0"
#849932198
1"
#849994698
0#
#850000000
0!
#850182197
0"
#850230000
0-
#850350000
1(
0/
#850432200
1"
#850494700
1#
#850682199
0"
#850932198
1"
#850994698
0#
#851000000
1!
#851182197
0"
#851200000
1-
#851432200
1"
#851494700
1#
#851682199
0"
#851767300
00
#851824100
0.
#851932198
1"
#851994698
0#
#852000000
0!
#852182197
0"
#852432200
1"
#852494700
1#
#852682199
0"
#852932198
1"
#852994698
0#
#853000000
1!
#853017900
10
#853182197
0"
#853200000
0(
1/
#853432200
1"
#853494700
1#
#853574498
1.
#853682199
0"
#853932198
1"
#853994698
0#
#854000000
0!
#854182197
0"
#854430000
0-
#854432200
1"
#854494700
1#
#854550000
1'
#854682199
0"
#854932198
1"
#854994698
0#
#855000000
1!
#855182197
0"
#855400000
1-
#855432200
1"
#855494700
1#
#855682199
0"
#855892300
01
#855932198
1"
#855994698
0#
#856000000
0!
#856182197
0"
#856432200
1"
#856494700
1#
#856682199
0"
#856932198
1"
#856994698
0#
#857000000
1!
#857182197
0"
#857432200
1"
#857494700
1#
#857682199
0"
#857932198
1"
#857994698
0#
#858000000
0!
#858182197
0"
#858432200
1"
#858494700
1#
#858682199
0"
#858932198
1"
#858994698
0#
#859000000
1!
#859182197
0"
#859432200
1"
#859494700
1#
#859682199
0"
#859932198
1"
#859994698
0#
#860000000
0!
#860182197
0"
#860432200
1"
#860494700
1#
#860682199
0"
#860932198
1"
#860994698
0#
#861000000
1!
#861182197
0"
#861331900
0.
#861432200
1"
#861494700
1#
#861682199
0"
#861932198
1"
#861994698
0#
#862000000
0!
#862182197
0"
#862432200
1"
#862494700
1#
#862682199
0"
#862932198
1"
#862994698
0#
#863000000
1!
#863182197
0"
#863331900
1.
#863347400
11
#863432200
1"
#863494700
1#
#863682199
0"
#863932198
1"
#863994698
0#
#864000000
0!
#864182197
0"
#864230000
0-
#864350000
1(
0'
#864432200
1"
#864494700
1#
#864682199
0"
#864932198
1"
#864994698
0#
#865000000
1!
#865182197
0"
#865200000
1-
#865432200
1"
#865494700
1#
#865682199
0"
#865767300
00
#865824100
0.
#865932198
1"
#865994698
0#
#866000000
0!
#866182197
0"
#866432200
1"
#866494700
1#
#866682199
0"
#866932198
1"
#866994698
0#
#867000000
1!
#867182197
0"
#867200000
0(
#867432200
1"
#867494700
1#
#867517898
10
#867574498
1.
#867682199
0"
#867932198
1"
#867994698
0#
#868000000
0!
#868182197
0"
#868230000
0-
#868350000
1(
0/
#868432200
1"
#868494700
1#
#868682199
0"
#868932198
1"
#868994698
0#
#869000000
1!
#869182197
0"
#869200000
1-
#869432200
1"
#869494700
1#
#869682199
0"
#869767300
00
#869824100
0.
#869932198
1"
#869994698
0#
#870000000
0!
#870182197
0"
#870432200
1"
#870494700
1#
#870682199
0"
#870932198
1"
#870994698
0#
#871000000
1!
#871017900
10
#871182197
0"
#871200000
0(
1/
#871432200
1"
#871494700
1#
#871574498
1.
#871682199
0"
#871932198
1"
#871994698
0#
#872000000
0!
#872182197
0"
#872230000
0-
#872350000
1(
#872432200
1"
#872494700
1#
#872682199
0"
#872932198
1"
#872994698
0#
#873000000
1!
#873182197
0"
#873200000
1-
#873432200
1"
#873494700
1#
#873682199
0"
#873767300
00
#873824100
0.
#873932198
1"
#873994698
0#
#874000000
0!
#874182197
0"
#874432200
1"
#874494700
1#
#874682199
0"
#874932198
1"
#874994698
0#
#875000000
1!
#875182197
0"
#875200000
0(
#875432200
1"
#875494700
1#
#875517898
10
#875574498
1.
#875682199
0"
#875932198
1"
#875994698
0#
#876000000
0!
#876182197
0"
#876230000
0-
#876350000
1(
0/
#876432200
1"
#876494700
1#
#876682199
0"
#876932198
1"
#876994698
0#
#877000000
1!
#877182197
0"
#877200000
1-
#877432200
1"
#877494700
1#
#877682199
0"
#877767300
00
#877824100
0.
#877932198
1"
#877994698
0#
#878000000
0!
#878182197
0"
#878432200
1"
#878494700
1#
#878682199
0"
#878932198
1"
#878994698
0#
#879000000
1!
#879017900
10
#879182197
0"
#879200000
0(
1/
#879432200
1"
#879494700
1#
#879574498
1.
#879682199
0"
#879932198
1"
#879994698
0#
#880000000
0!
#880182197
0"
#880230000
0-
#880350000
1(
#880432200
1"
#880494700
1#
#880682199
0"
#880932198
1"
#880994698
0#
#881000000
1!
#881182197
0"
#881200000
1-
#881432200
1"
#881494700
1#
#881682199
0"
#881767300
00
#881824100
0.
#881932198
1"
#881994698
0#
#882000000
0!
#882182197
0"
#882432200
1"
#882494700
1#
#882682199
0"
#882932198
1"
#882994698
0#
#883000000
1!
#883182197
0"
#883200000
0(
#883432200
1"
#883494700
1#
#883517898
10
#883574498
1.
#883682199
0"
#883932198
1"
#883994698
0#
#884000000
0!
#884182197
0"
#884230000
0-
#884350000
1(
0/
#884432200
1"
#884494700
1#
#884682199
0"
#884932198
1"
#884994698
0#
#885000000
1!
#885182197
0"
#885200000
1-
#885432200
1"
#885494700
1#
#885682199
0"
#885767300
00
#885824100
0.
#885932198
1"
#885994698
0#
#886000000
0!
#886182197
0"
#886432200
1"
#886494700
1#
#886682199
0"
#886932198
1"
#886994698
0#
#887000000
1!
#887017900
10
#887182197
0"
#887200000
0(
1/
#887432200
1"
#887494700
1#
#887574498
1.
#887682199
0"
#887932198
1"
#887994698
0#
#888000000
0!
#888182197
0"
#888230000
0-
#888350000
1(
#888432200
1"
#888494700
1#
#888682199
0"
#888932198
1"
#888994698
0#
#889000000
1!
#889182197
0"
#889200000
1-
#889432200
1"
#889494700
1#
#889682199
0"
#889767300
00
#889824100
0.
#889932198
1"
#889994698
0#
#890000000
0!
#890182197
0"
#890432200
1"
#890494700
1#
#890682199
0"
#890932198
1"
#890994698
0#
#891000000
1!
#891182197
0"
#891200000
0(
#891432200
1"
#891494700
1#
#891517898
10
#891574498
1.
#891682199
0"
#891932198
1"
#891994698
0#
#892000000
0!
#892182197
0"
#892230000
0-
#892350000
1(
0/
#892432200
1"
#892494700
1#
#892682199
0"
#892932198
1"
#892994698
0#
#893000000
1!
#893182197
0"
#893200000
1-
#893432200
1"
#893494700
1#
#893682199
0"
#893767300
00
#893824100
0.
#893932198
1"
#893994698
0#
#894000000
0!
#894182197
0"
#894432200
1"
#894494700
1#
#894682199
0"
#894932198
1"
#894994698
0#
#895000000
1!
#895017900
10
#895182197
0"
#895200000
0(
1/
#895432200
1"
#895494700
1#
#895574498
1.
#895682199
0"
#895932198
1"
#895994698
0#
#896000000
0!
#896182197
0"
#896430000
0-
#896432200
1"
#896494700
1#
#896550000
1'
#896682199
0"
#896932198
1"
#896994698
0#
#897000000
1!
#897182197
0"
#897400000
1-
#897432200
1"
#897494700
1#
#897682199
0"
#897892300
01
#897932198
1"
#897994698
0#
#898000000
0!
#898182197
0"
#898432200
1"
#898494700
1#
#898682199
0"
#898932198
1"
#898994698
0#
#899000000
1!
#899182197
0"
#899432200
1"
#899494700
1#
#899682199
0"
#899932198
1"
#899994698
0#
#900000000
0!
#900182197
0"
#900432200
1"
#900494700
1#
#900682199
0"
#900932198
1"
#900994698
0#
#901000000
1!
#901182197
0"
#901432200
1"
#901494700
1#
#901682199
0"
#901932198
1"
#901994698
0#
#902000000
0!
#902182197
0"
#902432200
1"
#902494700
1#
#902682199
0"
#902932198
1"
#902994698
0#
#903000000
1!
#903182197
0"
#903331900
0.
#903432200
1"
#903494700
1#
#903682199
0"
#903932198
1"
#903994698
0#
#904000000
0!
#904182197
0"
#904432200
1"
#904494700
1#
#904682199
0"
#904932198
1"
#904994698
0#
#905000000
1!
#905182197
0"
#905331900
1.
#905347400
11
#905432200
1"
#905494700
1#
#905682199
0"
#905932198
1"
#905994698
0#
#906000000
0!
#906182197
0"
#906230000
0-
#906350000
1(
0'
#906432200
1"
#906494700
1#
#906682199
0"
#906932198
1"
#906994698
0#
#907000000
1!
#907182197
0"
#907200000
1-
#907432200
1"
#907494700
1#
#907682199
0"
#907767300
00
#907824100
0.
#907932198
1"
#907994698
0#
#908000000
0!
#908182197
0"
#908432200
1"
#908494700
1#
#908682199
0"
#908932198
1"
#908994698
0#
#909000000
1!
#909182197
0"
#909200000
0(
#909432200
1"
#909494700
1#
#909517898
10
#909574498
1.
#909682199
0"
#909932198
1"
#909994698
0#
#910000000
0!
#910182197
0"
#910230000
0-
#910350000
1(
0/
#910432200
1"
#910494700
1#
#910682199
0"
#910932198
1"
#910994698
0#
#911000000
1!
#911182197
0"
#911200000
1-
#911432200
1"
#911494700
1#
#911682199
0"
#911767300
00
#911824100
0.
#911932198
1"
#911994698
0#
#912000000
0!
#912182197
0"
#912432200
1"
#912494700
1#
#912682199
0"
#912932198
1"
#912994698
0#
#913000000
1!
#913017900
10
#913182197
0"
#913200000
0(
1/
#913432200
1"
#913494700
1#
#913574498
1.
#913682199
0"
#913932198
1"
#913994698
0#
#914000000
0!
#914182197
0"
#914230000
0-
#914350000
1(
#914432200
1"
#914494700
1#
#914682199
0"
#914932198
1"
#914994698
0#
#915000000
1!
#915182197
0"
#915200000
1-
#915432200
1"
#915494700
1#
#915682199
0"
#915767300
00
#915824100
0.
#915932198
1"
#915994698
0#
#916000000
0!
#916182197
0"
#916432200
1"
#916494700
1#
#916682199
0"
#916932198
1"
#916994698
0#
#917000000
1!
#917182197
0"
#917200000
0(
#917432200
1"
#917494700
1#
#917517898
10
#917574498
1.
#917682199
0"
#917932198
1"
#917994698
0#
#918000000
0!
#918182197
0"
#918230000
0-
#918350000
1(
0/
#918432200
1"
#918494700
1#
#918682199
0"
#918932198
1"
#918994698
0#
#919000000
1!
#919182197
0"
#919200000
1-
#919432200
1"
#919494700
1#
#919682199
0"
#919767300
00
#919824100
0.
#919932198
1"
#919994698
0#
#920000000
0!
#920182197
0"
#920432200
1"
#920494700
1#
#920682199
0"
#920932198
1"
#920994698
0#
#921000000
1!
#921017900
10
#921182197
0"
#921200000
0(
1/
#921432200
1"
#921494700
1#
#921574498
1.
#921682199
0"
#921932198
1"
#921994698
0#
#922000000
0!
#922182197
0"
#922230000
0-
#922350000
1(
#922432200
1"
#922494700
1#
#922682199
0"
#922932198
1"
#922994698
0#
#923000000
1!
#923182197
0"
#923200000
1-
#923432200
1"
#923494700
1#
#923682199
0"
#923767300
00
#923824100
0.
#923932198
1"
#923994698
0#
#924000000
0!
#924182197
0"
#924432200
1"
#924494700
1#
#924682199
0"
#924932198
1"
#924994698
0#
#925000000
1!
#925182197
0"
#925200000
0(
#925432200
1"
#925494700
1#
#925517898
10
#925574498
1.
#925682199
0"
#925932198
1"
#925994698
0#
#926000000
0!
#926182197
0"
#926230000
0-
#926350000
1(
0/
#926432200
1"
#926494700
1#
#926682199
0"
#926932198
1"
#926994698
0#
#927000000
1!
#927182197
0"
#927200000
1-
#927432200
1"
#927494700
1#
#927682199
0"
#927767300
00
#927824100
0.
#927932198
1"
#927994698
0#
#928000000
0!
#928182197
0"
#928432200
1"
#928494700
1#
#928682199
0"
#928932198
1"
#928994698
0#
#929000000
1!
#929017900
10
#929182197
0"
#929200000
0(
1/
#929432200
1"
#929494700
1#
#929574498
1.
#929682199
0"
#929932198
1"
#929994698
0#
#930000000
0!
#930182197
0"
#930230000
0-
#930350000
1(
#930432200
1"
#930494700
1#
#930682199
0"
#930932198
1"
#930994698
0#
#931000000
1!
#931182197
0"
#931200000
1-
#931432200
1"
#931494700
1#
#931682199
0"
#931767300
00
#931824100
0.
#931932198
1"
#931994698
0#
#932000000
0!
#932182197
0"
#932432200
1"
#932494700
1#
#932682199
0"
#932932198
1"
#932994698
0#
#933000000
1!
#933182197
0"
#933200000
0(
#933432200
1"
#933494700
1#
#933517898
10
#933574498
1.
#933682199
0"
#933932198
1"
#933994698
0#
#934000000
0!
#934182197
0"
#934230000
0-
#934350000
1(
0/
#934432200
1"
#934494700
1#
#934682199
0"
#934932198
1"
#934994698
0#
#935000000
1!
#935182197
0"
#935200000
1-
#935432200
1"
#935494700
1#
#935682199
0"
#935767300
00
#935824100
0.
#935932198
1"
#935994698
0#
#936000000
0!
#936182197
0"
#936432200
1"
#936494700
1#
#936682199
0"
#936932198
1"
#936994698
0#
#937000000
1!
#937017900
10
#937182197
0"
#937200000
0(
1/
#937432200
1"
#937494700
1#
#937574498
1.
#937682199
0"
#937932198
1"
#937994698
0#
#938000000
0!
#938182197
0"
#938430000
0-
#938432200
1"
#938494700
1#
#938550000
1'
#938682199
0"
#938932198
1"
#938994698
0#
#939000000
1!
#939182197
0"
#939400000
1-
#939432200
1"
#939494700
1#
#939682199
0"
#939892300
01
#939932198
1"
#939994698
0#
#940000000
0!
#940182197
0"
#940432200
1"
#940494700
1#
#940682199
0"
#940932198
1"
#940994698
0#
#941000000
1!
#941182197
0"
#941432200
1"
#941494700
1#
#941682199
0"
#941932198
1"
#941994698
0#
#942000000
0!
#942182197
0"
#942432200
1"
#942494700
1#
#942682199
0"
#942932198
1"
#942994698
0#
#943000000
1!
#943182197
0"
#943432200
1"
#943494700
1#
#943682199
0"
#943932198
1"
#943994698
0#
#944000000
0!
#944182197
0"
#944432200
1"
#944494700
1#
#944682199
0"
#944932198
1"
#944994698
0#
#945000000
1!
#945182197
0"
#945331900
0.
#945432200
1"
#945494700
1#
#945682199
0"
#945932198
1"
#945994698
0#
#946000000
0!
#946182197
0"
#946432200
1"
#946494700
1#
#946682199
0"
#946932198
1"
#946994698
0#
#947000000
1!
#947182197
0"
#947331900
1.
#947347400
11
#947432200
1"
#947494700
1#
#947682199
0"
#947932198
1"
#947994698
0#
#948000000
0!
#948182197
0"
#948230000
0-
#948350000
1(
0'
#948432200
1"
#948494700
1#
#948682199
0"
#948932198
1"
#948994698
0#
#949000000
1!
#949182197
0"
#949200000
1-
#949432200
1"
#949494700
1#
#949682199
0"
#949767300
00
#949824100
0.
#949932198
1"
#949994698
0#
#950000000
0!
#950182197
0"
#950432200
1"
#950494700
1#
#950682199
0"
#950932198
1"
#950994698
0#
#951000000
1!
#951182197
0"
#951200000
0(
#951432200
1"
#951494700
1#
#951517898
10
#951574498
1.
#951682199
0"
#951932198
1"
#951994698
0#
#952000000
0!
#952182197
0"
#952230000
0-
#952350000
1(
0/
#952432200
1"
#952494700
1#
#952682199
0"
#952932198
1"
#952994698
0#
#953000000
1!
#953182197
0"
#953200000
1-
#953432200
1"
#953494700
1#
#953682199
0"
#953767300
00
#953824100
0.
#953932198
1"
#953994698
0#
#954000000
0!
#954182197
0"
#954432200
1"
#954494700
1#
#954682199
0"
#954932198
1"
#954994698
0#
#955000000
1!
#955017900
10
#955182197
0"
#955200000
0(
1/
#955432200
1"
#955494700
1#
#955574498
1.
#955682199
0"
#955932198
1"
#955994698
0#
#956000000
0!
#956182197
0"
#956230000
0-
#956350000
1(
#956432200
1"
#956494700
1#
#956682199
0"
#956932198
1"
#956994698
0#
#957000000
1!
#957182197
0"
#957200000
1-
#957432200
1"
#957494700
1#
#957682199
0"
#957767300
00
#957824100
0.
#957932198
1"
#957994698
0#
#958000000
0!
#958182197
0"
#958432200
1"
#958494700
1#
#958682199
0"
#958932198
1"
#958994698
0#
#959000000
1!
#959182197
0"
#959200000
0(
#959432200
1"
#959494700
1#
#959517898
10
#959574498
1.
#959682199
0"
#959932198
1"
#959994698
0#
#960000000
0!
#960182197
0"
#960230000
0-
#960350000
1(
0/
#960432200
1"
#960494700
1#
#960682199
0"
#960932198
1"
#960994698
0#
#961000000
1!
#961182197
0"
#961200000
1-
#961432200
1"
#961494700
1#
#961682199
0"
#961767300
00
#961824100
0.
#961932198
1"
#961994698
0#
#962000000
0!
#962182197
0"
#962432200
1"
#962494700
1#
#962682199
0"
#962932198
1"
#962994698
0#
#963000000
1!
#963017900
10
#963182197
0"
#963200000
0(
1/
#963432200
1"
#963494700
1#
#963574498
1.
#963682199
0"
#963932198
1"
#963994698
0#
#964000000
0!
#964182197
0"
#964230000
0-
#964350000
1(
#964432200
1"
#964494700
1#
#964682199
0"
#964932198
1"
#964994698
0#
#965000000
1!
#965182197
0"
#965200000
1-
#965432200
1"
#965494700
1#
#965682199
0"
#965767300
00
#965824100
0.
#965932198
1"
#965994698
0#
#966000000
0!
#966182197
0"
#966432200
1"
#966494700
1#
#966682199
0"
#966932198
1"
#966994698
0#
#967000000
1!
#967182197
0"
#967200000
0(
#967432200
1"
#967494700
1#
#967517898
10
#967574498
1.
#967682199
0"
#967932198
1"
#967994698
0#
#968000000
0!
#968182197
0"
#968230000
0-
#968350000
1(
0/
#968432200
1"
#968494700
1#
#968682199
0"
#968932198
1"
#968994698
0#
#969000000
1!
#969182197
0"
#969200000
1-
#969432200
1"
#969494700
1#
#969682199
0"
#969767300
00
#969824100
0.
#969932198
1"
#969994698
0#
#970000000
0!
#970182197
0"
#970432200
1"
#970494700
1#
#970682199
0"
#970932198
1"
#970994698
0#
#971000000
1!
#971017900
10
#971182197
0"
#971200000
0(
1/
#971432200
1"
#971494700
1#
#971574498
1.
#971682199
0"
#971932198
1"
#971994698
0#
#972000000
0!
#972182197
0"
#972230000
0-
#972350000
1(
#972432200
1"
#972494700
1#
#972682199
0"
#972932198
1"
#972994698
0#
#973000000
1!
#973182197
0"
#973200000
1-
#973432200
1"
#973494700
1#
#973682199
0"
#973767300
00
#973824100
0.
#973932198
1"
#973994698
0#
#974000000
0!
#974182197
0"
#974432200
1"
#974494700
1#
#974682199
0"
#974932198
1"
#974994698
0#
#975000000
1!
#975182197
0"
#975200000
0(
#975432200
1"
#975494700
1#
#975517898
10
#975574498
1.
#975682199
0"
#975932198
1"
#975994698
0#
#976000000
0!
#976182197
0"
#976230000
0-
#976350000
1(
0/
#976432200
1"
#976494700
1#
#976682199
0"
#976932198
1"
#976994698
0#
#977000000
1!
#977182197
0"
#977200000
1-
#977432200
1"
#977494700
1#
#977682199
0"
#977767300
00
#977824100
0.
#977932198
1"
#977994698
0#
#978000000
0!
#978182197
0"
#978432200
1"
#978494700
1#
#978682199
0"
#978932198
1"
#978994698
0#
#979000000
1!
#979017900
10
#979182197
0"
#979200000
0(
1/
#979432200
1"
#979494700
1#
#979574498
1.
#979682199
0"
#979932198
1"
#979994698
0#
#980000000
0!
#980182197
0"
#980430000
0-
#980432200
1"
#980494700
1#
#980550000
1'
#980682199
0"
#980932198
1"
#980994698
0#
#981000000
1!
#981182197
0"
#981400000
1-
#981432200
1"
#981494700
1#
#981682199
0"
#981892300
01
#981932198
1"
#981994698
0#
#982000000
0!
#982182197
0"
#982432200
1"
#982494700
1#
#982682199
0"
#982932198
1"
#982994698
0#
#983000000
1!
#983182197
0"
#983432200
1"
#983494700
1#
#983682199
0"
#983932198
1"
#983994698
0#
#984000000
0!
#984182197
0"
#984432200
1"
#984494700
1#
#984682199
0"
#984932198
1"
#984994698
0#
#985000000
1!
#985182197
0"
#985432200
1"
#985494700
1#
#985682199
0"
#985932198
1"
#985994698
0#
#986000000
0!
#986182197
0"
#986432200
1"
#986494700
1#
#986682199
0"
#986932198
1"
#986994698
0#
#987000000
1!
#987182197
0"
#987331900
0.
#987432200
1"
#987494700
1#
#987682199
0"
#987932198
1"
#987994698
0#
#988000000
0!
#988182197
0"
#988432200
1"
#988494700
1#
#988682199
0"
#988932198
1"
#988994698
0#
#989000000
1!
#989182197
0"
#989331900
1.
#989347400
11
#989432200
1"
#989494700
1#
#989682199
0"
#989932198
1"
#989994698
0#
#990000000
0!
#990182197
0"
#990230000
0-
#990350000
1(
0'
#990432200
1"
#990494700
1#
#990682199
0"
#990932198
1"
#990994698
0#
#991000000
1!
#991182197
0"
#991200000
1-
#991432200
1"
#991494700
1#
#991682199
0"
#991767300
00
#991824100
0.
#991932198
1"
#991994698
0#
#992000000
0!
#992182197
0"
#992432200
1"
#992494700
1#
#992682199
0"
#992932198
1"
#992994698
0#
#993000000
1!
#993182197
0"
#993200000
0(
#993432200
1"
#993494700
1#
#993517898
10
#993574498
1.
#993682199
0"
#993932198
1"
#993994698
0#
#994000000
0!
#994182197
0"
#994230000
0-
#994350000
1(
0/
#994432200
1"
#994494700
1#
#994682199
0"
#994932198
1"
#994994698
0#
#995000000
1!
#995182197
0"
#995200000
1-
#995432200
1"
#995494700
1#
#995682199
0"
#995767300
00
#995824100
0.
#995932198
1"
#995994698
0#
#996000000
0!
#996182197
0"
#996432200
1"
#996494700
1#
#996682199
0"
#996932198
1"
#996994698
0#
#997000000
1!
#997017900
10
#997182197
0"
#997200000
0(
1/
#997432200
1"
#997494700
1#
#997574498
1.
#997682199
0"
#997932198
1"
#997994698
0#
#998000000
0!
#998182197
0"
#998230000
0-
#998350000
1(
#998432200
1"
#998494700
1#
#998682199
0"
#998932198
1"
#998994698
0#
#999000000
1!
#999182197
0"
#999200000
1-
#999432200
1"
#999494700
1#
#999682199
0"
#999767300
00
#999824100
0.
#999932198
1"
#999994698
0#
#1000000000
0!
#1000182197
0"
#1000432200
1"
#1000494700
1#
#1000682199
0"
#1000932198
1"
#1000994698
0#
#1001000000
1!
#1001182197
0"
#1001200000
0(
#1001432200
1"
#1001494700
1#
#1001517898
10
#1001574498
1.
#1001682199
0"
#1001932198
1"
#1001994698
0#
#1002000000
0!
#1002182197
0"
#1002230000
0-
#1002350000
1(
0/
#1002432200
1"
#1002494700
1#
#1002682199
0"
#1002932198
1"
#1002994698
0#
#1003000000
1!
#1003182197
0"
#1003200000
1-
#1003432200
1"
#1003494700
1#
#1003682199
0"
#1003767300
00
#1003824100
0.
#1003932198
1"
#1003994698
0#
#1004000000
0!
#1004182197
0"
#1004432200
1"
#1004494700
1#
#1004682199
0"
#1004932198
1"
#1004994698
0#
#1005000000
1!
#1005017900
10
#1005182197
0"
#1005200000
0(
1/
#1005432200
1"
#1005494700
1#
#1005574498
1.
#1005682199
0"
#1005932198
1"
#1005994698
0#
#1006000000
0!
#1006182197
0"
#1006230000
0-
#1006350000
1(
#1006432200
1"
#1006494700
1#
#1006682199
0"
#1006932198
1"
#1006994698
0#
#1007000000
1!
#1007182197
0"
#1007200000
1-
#1007432200
1"
#1007494700
1#
#1007682199
0"
#1007767300
00
#1007824100
0.
#1007932198
1"
#1007994698
0#
#1008000000
0!
#1008182197
0"
#1008432200
1"
#1008494700
1#
#1008682199
0"
#1008932198
1"
#1008994698
0#
#1009000000
1!
#1009182197
0"
#1009200000
0(
#1009432200
1"
#1009494700
1#
#1009517898
10
#1009574498
1.
#1009682199
0"
#1009932198
1"
#1009994698
0#
#1010000000
0!
#1010182197
0"
#1010230000
0-
#1010350000
1(
0/
#1010432200
1"
#1010494700
1#
#1010682199
0"
#1010932198
1"
#1010994698
0#
#1011000000
1!
#1011182197
0"
#1011200000
1-
#1011432200
1"
#1011494700
1#
#1011682199
0"
#1011767300
00
#1011824100
0.
#1011932198
1"
#1011994698
0#
#1012000000
0!
#1012182197
0"
#1012432200
1"
#1012494700
1#
#1012682199
0"
#1012932198
1"
#1012994698
0#
#1013000000
1!
#1013017900
10
#1013182197
0"
#1013200000
0(
1/
#1013432200
1"
#1013494700
1#
#1013574498
1.
#1013682199
0"
#1013932198
1"
#1013994698
0#
#1014000000
0!
#1014182197
0"
#1014230000
0-
#1014350000
1(
#1014432200
1"
#1014494700
1#
#1014682199
0"
#1014932198
1"
#1014994698
0#
#1015000000
1!
#1015182197
0"
#1015200000
1-
#1015432200
1"
#1015494700
1#
#1015682199
0"
#1015767300
00
#1015824100
0.
#1015932198
1"
#1015994698
0#
#1016000000
0!
#1016182197
0"
#1016432200
1"
#1016494700
1#
#1016682199
0"
#1016932198
1"
#1016994698
0#
#1017000000
1!
#1017182197
0"
#1017200000
0(
#1017432200
1"
#1017494700
1#
#1017517898
10
#1017574498
1.
#1017682199
0"
#1017932198
1"
#1017994698
0#
#1018000000
0!
#1018182197
0"
#1018230000
0-
#1018350000
1(
0/
#1018432200
1"
#1018494700
1#
#1018682199
0"
#1018932198
1"
#1018994698
0#
#1019000000
1!
#1019182197
0"
#1019200000
1-
#1019432200
1"
#1019494700
1#
#1019682199
0"
#1019767300
00
#1019824100
0.
#1019932198
1"
#1019994698
0#
#1020000000
0!
#1020182197
0"
#1020432200
1"
#1020494700
1#
#1020682199
0"
#1020932198
1"
#1020994698
0#
#1021000000
1!
#1021017900
10
#1021182197
0"
#1021200000
0(
1/
#1021432200
1"
#1021494700
1#
#1021574498
1.
#1021682199
0"
#1021932198
1"
#1021994698
0#
#1022000000
0!
#1022182197
0"
#1022430000
0-
#1022432200
1"
#1022494700
1#
#1022550000
1'
#1022682199
0"
#1022932198
1"
#1022994698
0#
#1023000000
1!
#1023182197
0"
#1023400000
1-
#1023432200
1"
#1023494700
1#
#1023682199
0"
#1023892300
01
#1023932198
1"
#1023994698
0#
#1024000000
0!
#1024182197
0"
#1024432200
1"
#1024494700
1#
#1024682199
0"
#1024932198
1"
#1024994698
0#
#1025000000
1!
#1025182197
0"
#1025432200
1"
#1025494700
1#
#1025682199
0"
#1025932198
1"
#1025994698
0#
#1026000000
0!
#1026182197
0"
#1026432200
1"
#1026494700
1#
#1026682199
0"
#1026932198
1"
#1026994698
0#
#1027000000
1!
#1027182197
0"
#1027432200
1"
#1027494700
1#
#1027682199
0"
#1027932198
1"
#1027994698
0#
#1028000000
0!
#1028182197
0"
#1028432200
1"
#1028494700
1#
#1028682199
0"
#1028932198
1"
#1028994698
0#
#1029000000
1!
#1029182197
0"
#1029331900
0.
#1029432200
1"
#1029494700
1#
#1029682199
0"
#1029932198
1"
#1029994698
0#
#1030000000
0!
#1030182197
0"
#1030432200
1"
#1030494700
1#
#1030682199
0"
#1030932198
1"
#1030994698
0#
#1031000000
1!
#1031182197
0"
#1031331900
1.
#1031347400
11
#1031432200
1"
#1031494700
1#
#1031682199
0"
#1031932198
1"
#1031994698
0#
#1032000000
0!
#1032182197
0"
#1032230000
0-
#1032350000
1(
0'
#1032432200
1"
#1032494700
1#
#1032682199
0"
#1032932198
1"
#1032994698
0#
#1033000000
1!
#1033182197
0"
#1033200000
1-
#1033432200
1"
#1033494700
1#
#1033682199
0"
#1033767300
00
#1033824100
0.
#1033932198
1"
#1033994698
0#
#1034000000
0!
#1034182197
0"
#1034432200
1"
#1034494700
1#
#1034682199
0"
#1034932198
1"
#1034994698
0#
#1035000000
1!
#1035182197
0"
#1035200000
0(
#1035432200
1"
#1035494700
1#
#1035517898
10
#1035574498
1.
#1035682199
0"
#1035932198
1"
#1035994698
0#
#1036000000
0!
#1036182197
0"
#1036230000
0-
#1036350000
1(
0/
#1036432200
1"
#1036494700
1#
#1036682199
0"
#1036932198
1"
#1036994698
0#
#1037000000
1!
#1037182197
0"
#1037200000
1-
#1037432200
1"
#1037494700
1#
#1037682199
0"
#1037767300
00
#1037824100
0.
#1037932198
1"
#1037994698
0#
#1038000000
0!
#1038182197
0"
#1038432200
1"
#1038494700
1#
#1038682199
0"
#1038932198
1"
#1038994698
0#
#1039000000
1!
#1039017900
10
#1039182197
0"
#1039200000
0(
1/
#1039432200
1"
#1039494700
1#
#1039574498
1.
#1039682199
0"
#1039932198
1"
#1039994698
0#
#1040000000
0!
#1040182197
0"
#1040230000
0-
#1040350000
1(
#1040432200
1"
#1040494700
1#
#1040682199
0"
#1040932198
1"
#1040994698
0#
#1041000000
1!
#1041182197
0"
#1041200000
1-
#1041432200
1"
#1041494700
1#
#1041682199
0"
#1041767300
00
#1041824100
0.
#1041932198
1"
#1041994698
0#
#1042000000
0!
#1042182197
0"
#1042432200
1"
#1042494700
1#
#1042682199
0"
#1042932198
1"
#1042994698
0#
#1043000000
1!
#1043182197
0"
#1043200000
0(
#1043432200
1"
#1043494700
1#
#1043517898
10
#1043574498
1.
#1043682199
0"
#1043932198
1"
#1043994698
0#
#1044000000
0!
#1044182197
0"
#1044230000
0-
#1044350000
1(
0/
#1044432200
1"
#1044494700
1#
#1044682199
0"
#1044932198
1"
#1044994698
0#
#1045000000
1!
#1045182197
0"
#1045200000
1-
#1045432200
1"
#1045494700
1#
#1045682199
0"
#1045767300
00
#1045824100
0.
#1045932198
1"
#1045994698
0#
#1046000000
0!
#1046182197
0"
#1046432200
1"
#1046494700
1#
#1046682199
0"
#1046932198
1"
#1046994698
0#
#1047000000
1!
#1047017900
10
#1047182197
0"
#1047200000
0(
1/
#1047432200
1"
#1047494700
1#
#1047574498
1.
#1047682199
0"
#1047932198
1"
#1047994698
0#
#1048000000
0!
#1048182197
0"
#1048230000
0-
#1048350000
1(
#1048432200
1"
#1048494700
1#
#1048682199
0"
#1048932198
1"
#1048994698
0#
#1049000000
1!
#1049182197
0"
#1049200000
1-
#1049432200
1"
#1049494700
1#
#1049682199
0"
#1049767300
00
#1049824100
0.
#1049932198
1"
#1049994698
0#
#1050000000
0!
#1050182197
0"
#1050432200
1"
#1050494700
1#
#1050682199
0"
#1050932198
1"
#1050994698
0#
#1051000000
1!
#1051182197
0"
#1051200000
0(
#1051432200
1"
#1051494700
1#
#1051517898
10
#1051574498
1.
#1051682199
0"
#1051932198
1"
#1051994698
0#
#1052000000
0!
#1052182197
0"
#1052230000
0-
#1052350000
1(
0/
#1052432200
1"
#1052494700
1#
#1052682199
0"
#1052932198
1"
#1052994698
0#
#1053000000
1!
#1053182197
0"
#1053200000
1-
#1053432200
1"
#1053494700
1#
#1053682199
0"
#1053767300
00
#1053824100
0.
#1053932198
1"
#1053994698
0#
#1054000000
0!
#1054182197
0"
#1054432200
1"
#1054494700
1#
#1054682199
0"
#1054932198
1"
#1054994698
0#
#1055000000
1!
#1055017900
10
#1055182197
0"
#1055200000
0(
1/
#1055432200
1"
#1055494700
1#
#1055574498
1.
#1055682199
0"
#1055932198
1"
#1055994698
0#
#1056000000
0!
#1056182197
0"
#1056230000
0-
#1056350000
1(
#1056432200
1"
#1056494700
1#
#1056682199
0"
#1056932198
1"
#1056994698
0#
#1057000000
1!
#1057182197
0"
#1057200000
1-
#1057432200
1"
#1057494700
1#
#1057682199
0"
#1057767300
00
#1057824100
0.
#1057932198
1"
#1057994698
0#
#1058000000
0!
#1058182197
0"
#1058432200
1"
#1058494700
1#
#1058682199
0"
#1058932198
1"
#1058994698
0#
#1059000000
1!
#1059182197
0"
#1059200000
0(
#1059432200
1"
#1059494700
1#
#1059517898
10
#1059574498
1.
#1059682199
0"
#1059932198
1"
#1059994698
0#
#1060000000
0!
#1060182197
0"
#1060230000
0-
#1060350000
1(
0/
#1060432200
1"
#1060494700
1#
#1060682199
0"
#1060932198
1"
#1060994698
0#
#1061000000
1!
#1061182197
0"
#1061200000
1-
#1061432200
1"
#1061494700
1#
#1061682199
0"
#1061767300
00
#1061824100
0.
#1061932198
1"
#1061994698
0#
#1062000000
0!
#1062182197
0"
#1062432200
1"
#1062494700
1#
#1062682199
0"
#1062932198
1"
#1062994698
0#
#1063000000
1!
#1063017900
10
#1063182197
0"
#1063200000
0(
1/
#1063432200
1"
#1063494700
1#
#1063574498
1.
#1063682199
0"
#1063932198
1"
#1063994698
0#
#1064000000
0!
#1064182197
0"
#1064430000
0-
#1064432200
1"
#1064494700
1#
#1064550000
1'
#1064682199
0"
#1064932198
1"
#1064994698
0#
#1065000000
1!
#1065182197
0"
#1065400000
1-
#1065432200
1"
#1065494700
1#
#1065682199
0"
#1065892300
01
#1065932198
1"
#1065994698
0#
#1066000000
0!
#1066182197
0"
#1066432200
1"
#1066494700
1#
#1066682199
0"
#1066932198
1"
#1066994698
0#
#1067000000
1!
#1067182197
0"
#1067432200
1"
#1067494700
1#
#1067682199
0"
#1067932198
1"
#1067994698
0#
#1068000000
0!
#1068182197
0"
#1068432200
1"
#1068494700
1#
#1068682199
0"
#1068932198
1"
#1068994698
0#
#1069000000
1!
#1069182197
0"
#1069432200
1"
#1069494700
1#
#1069682199
0"
#1069932198
1"
#1069994698
0#
#1070000000
0!
#1070182197
0"
#1070432200
1"
#1070494700
1#
#1070682199
0"
#1070932198
1"
#1070994698
0#
#1071000000
1!
#1071182197
0"
#1071331900
0.
#1071432200
1"
#1071494700
1#
#1071682199
0"
#1071932198
1"
#1071994698
0#
#1072000000
0!
#1072182197
0"
#1072432200
1"
#1072494700
1#
#1072682199
0"
#1072932198
1"
#1072994698
0#
#1073000000
1!
#1073182197
0"
#1073331900
1.
#1073347400
11
#1073432200
1"
#1073494700
1#
#1073682199
0"
#1073932198
1"
#1073994698
0#
#1074000000
0!
#1074182197
0"
#1074230000
0-
#1074350000
1(
0'
#1074432200
1"
#1074494700
1#
#1074682199
0"
#1074932198
1"
#1074994698
0#
#1075000000
1!
#1075182197
0"
#1075200000
1-
#1075432200
1"
#1075494700
1#
#1075682199
0"
#1075767300
00
#1075824100
0.
#1075932198
1"
#1075994698
0#
#1076000000
0!
#1076182197
0"
#1076432200
1"
#1076494700
1#
#1076682199
0"
#1076932198
1"
#1076994698
0#
#1077000000
1!
#1077182197
0"
#1077200000
0(
#1077432200
1"
#1077494700
1#
#1077517898
10
#1077574498
1.
#1077682199
0"
#1077932198
1"
#1077994698
0#
#1078000000
0!
#1078182197
0"
#1078230000
0-
#1078350000
1(
0/
#1078432200
1"
#1078494700
1#
#1078682199
0"
#1078932198
1"
#1078994698
0#
#1079000000
1!
#1079182197
0"
#1079200000
1-
#1079432200
1"
#1079494700
1#
#1079682199
0"
#1079767300
00
#1079824100
0.
#1079932198
1"
#1079994698
0#
#1080000000
0!
#1080182197
0"
#1080432200
1"
#1080494700
1#
#1080682199
0"
#1080932198
1"
#1080994698
0#
#1081000000
1!
#1081017900
10
#1081182197
0"
#1081200000
0(
1/
#1081432200
1"
#1081494700
1#
#1081574498
1.
#1081682199
0"
#1081932198
1"
#1081994698
0#
#1082000000
0!
#1082182197
0"
#1082230000
0-
#1082350000
1(
#1082432200
1"
#1082494700
1#
#1082682199
0"
#1082932198
1"
#1082994698
0#
#1083000000
1!
#1083182197
0"
#1083200000
1-
#1083432200
1"
#1083494700
1#
#1083682199
0"
#1083767300
00
#1083824100
0.
#1083932198
1"
#1083994698
0#
#1084000000
0!
#1084182197
0"
#1084432200
1"
#1084494700
1#
#1084682199
0"
#1084932198
1"
#1084994698
0#
#1085000000
1!
#1085182197
0"
#1085200000
0(
#1085432200
1"
#1085494700
1#
#1085517898
10
#1085574498
1.
#1085682199
0"
#1085932198
1"
#1085994698
0#
#1086000000
0!
#1086182197
0"
#1086230000
0-
#1086350000
1(
0/
#1086432200
1"
#1086494700
1#
#1086682199
0"
#1086932198
1"
#1086994698
0#
#1087000000
1!
#1087182197
0"
#1087200000
1-
#1087432200
1"
#1087494700
1#
#1087682199
0"
#1087767300
00
#1087824100
0.
#1087932198
1"
#1087994698
0#
#1088000000
0!
#1088182197
0"
#1088432200
1"
#1088494700
1#
#1088682199
0"
#1088932198
1"
#1088994698
0#
#1089000000
1!
#1089017900
10
#1089182197
0"
#1089200000
0(
1/
#1089432200
1"
#1089494700
1#
#1089574498
1.
#1089682199
0"
#1089932198
1"
#1089994698
0#
#1090000000
0!
#1090182197
0"
#1090230000
0-
#1090350000
1(
#1090432200
1"
#1090494700
1#
#1090682199
0"
#1090932198
1"
#1090994698
0#
#1091000000
1!
#1091182197
0"
#1091200000
1-
#1091432200
1"
#1091494700
1#
#1091682199
0"
#1091767300
00
#1091824100
0.
#1091932198
1"
#1091994698
0#
#1092000000
0!
#1092182197
0"
#1092432200
1"
#1092494700
1#
#1092682199
0"
#1092932198
1"
#1092994698
0#
#1093000000
1!
#1093182197
0"
#1093200000
0(
#1093432200
1"
#1093494700
1#
#1093517898
10
#1093574498
1.
#1093682199
0"
#1093932198
1"
#1093994698
0#
#1094000000
0!
#1094182197
0"
#1094230000
0-
#1094350000
1(
0/
#1094432200
1"
#1094494700
1#
#1094682199
0"
#1094932198
1"
#1094994698
0#
#1095000000
1!
#1095182197
0"
#1095200000
1-
#1095432200
1"
#1095494700
1#
#1095682199
0"
#1095767300
00
#1095824100
0.
#1095932198
1"
#1095994698
0#
#1096000000
0!
#1096182197
0"
#1096432200
1"
#1096494700
1#
#1096682199
0"
#1096932198
1"
#1096994698
0#
#1097000000
1!
#1097017900
10
#1097182197
0"
#1097200000
0(
1/
#1097432200
1"
#1097494700
1#
#1097574498
1.
#1097682199
0"
#1097932198
1"
#1097994698
0#
#1098000000
0!
#1098182197
0"
#1098230000
0-
#1098350000
1(
#1098432200
1"
#1098494700
1#
#1098682199
0"
#1098932198
1"
#1098994698
0#
#1099000000
1!
#1099182197
0"
#1099200000
1-
#1099432200
1"
#1099494700
1#
#1099682199
0"
#1099767300
00
#1099824100
0.
#1099932198
1"
#1099994698
0#
#1100000000
0!
#1100182197
0"
#1100432200
1"
#1100494700
1#
#1100682199
0"
#1100932198
1"
#1100994698
0#
#1101000000
1!
#1101182197
0"
#1101200000
0(
#1101432200
1"
#1101494700
1#
#1101517898
10
#1101574498
1.
#1101682199
0"
#1101932198
1"
#1101994698
0#
#1102000000
0!
#1102182197
0"
#1102230000
0-
#1102350000
1(
0/
#1102432200
1"
#1102494700
1#
#1102682199
0"
#1102932198
1"
#1102994698
0#
#1103000000
1!
#1103182197
0"
#1103200000
1-
#1103432200
1"
#1103494700
1#
#1103682199
0"
#1103767300
00
#1103824100
0.
#1103932198
1"
#1103994698
0#
#1104000000
0!
#1104182197
0"
#1104432200
1"
#1104494700
1#
#1104682199
0"
#1104932198
1"
#1104994698
0#
#1105000000
1!
#1105017900
10
#1105182197
0"
#1105200000
0(
1/
#1105432200
1"
#1105494700
1#
#1105574498
1.
#1105682199
0"
#1105932198
1"
#1105994698
0#
#1106000000
0!
#1106182197
0"
#1106430000
0-
#1106432200
1"
#1106494700
1#
#1106550000
1'
#1106682199
0"
#1106932198
1"
#1106994698
0#
#1107000000
1!
#1107182197
0"
#1107400000
1-
#1107432200
1"
#1107494700
1#
#1107682199
0"
#1107892300
01
#1107932198
1"
#1107994698
0#
#1108000000
0!
#1108182197
0"
#1108432200
1"
#1108494700
1#
#1108682199
0"
#1108932198
1"
#1108994698
0#
#1109000000
1!
#1109182197
0"
#1109432200
1"
#1109494700
1#
#1109682199
0"
#1109932198
1"
#1109994698
0#
#1110000000
0!
#1110182197
0"
#1110432200
1"
#1110494700
1#
#1110682199
0"
#1110932198
1"
#1110994698
0#
#1111000000
1!
#1111182197
0"
#1111432200
1"
#1111494700
1#
#1111682199
0"
#1111932198
1"
#1111994698
0#
#1112000000
0!
#1112182197
0"
#1112432200
1"
#1112494700
1#
#1112682199
0"
#1112932198
1"
#1112994698
0#
#1113000000
1!
#1113182197
0"
#1113331900
0.
#1113432200
1"
#1113494700
1#
#1113682199
0"
#1113932198
1"
#1113994698
0#
#1114000000
0!
#1114182197
0"
#1114432200
1"
#1114494700
1#
#1114682199
0"
#1114932198
1"
#1114994698
0#
#1115000000
1!
#1115182197
0"
#1115331900
1.
#1115347400
11
#1115432200
1"
#1115494700
1#
#1115682199
0"
#1115932198
1"
#1115994698
0#
#1116000000
0!
#1116182197
0"
#1116230000
0-
#1116350000
1(
0'
#1116432200
1"
#1116494700
1#
#1116682199
0"
#1116932198
1"
#1116994698
0#
#1117000000
1!
#1117182197
0"
#1117200000
1-
#1117432200
1"
#1117494700
1#
#1117682199
0"
#1117767300
00
#1117824100
0.
#1117932198
1"
#1117994698
0#
#1118000000
0!
#1118182197
0"
#1118432200
1"
#1118494700
1#
#1118682199
0"
#1118932198
1"
#1118994698
0#
#1119000000
1!
#1119182197
0"
#1119200000
0(
#1119432200
1"
#1119494700
1#
#1119517898
10
#1119574498
1.
#1119682199
0"
#1119932198
1"
#1119994698
0#
#1120000000
0!
#1120182197
0"
#1120230000
0-
#1120350000
1(
0/
#1120432200
1"
#1120494700
1#
#1120682199
0"
#1120932198
1"
#1120994698
0#
#1121000000
1!
#1121182197
0"
#1121200000
1-
#1121432200
1"
#1121494700
1#
#1121682199
0"
#1121767300
00
#1121824100
0.
#1121932198
1"
#1121994698
0#
#1122000000
0!
#1122182197
0"
#1122432200
1"
#1122494700
1#
#1122682199
0"
#1122932198
1"
#1122994698
0#
#1123000000
1!
#1123017900
10
#1123182197
0"
#1123200000
0(
1/
#1123432200
1"
#1123494700
1#
#1123574498
1.
#1123682199
0"
#1123932198
1"
#1123994698
0#
#1124000000
0!
#1124182197
0"
#1124230000
0-
#1124350000
1(
#1124432200
1"
#1124494700
1#
#1124682199
0"
#1124932198
1"
#1124994698
0#
#1125000000
1!
#1125182197
0"
#1125200000
1-
#1125432200
1"
#1125494700
1#
#1125682199
0"
#1125767300
00
#1125824100
0.
#1125932198
1"
#1125994698
0#
#1126000000
0!
#1126182197
0"
#1126432200
1"
#1126494700
1#
#1126682199
0"
#1126932198
1"
#1126994698
0#
#1127000000
1!
#1127182197
0"
#1127200000
0(
#1127432200
1"
#1127494700
1#
#1127517898
10
#1127574498
1.
#1127682199
0"
#1127932198
1"
#1127994698
0#
#1128000000
0!
#1128182197
0"
#1128230000
0-
#1128350000
1(
0/
#1128432200
1"
#1128494700
1#
#1128682199
0"
#1128932198
1"
#1128994698
0#
#1129000000
1!
#1129182197
0"
#1129200000
1-
#1129432200
1"
#1129494700
1#
#1129682199
0"
#1129767300
00
#1129824100
0.
#1129932198
1"
#1129994698
0#
#1130000000
0!
#1130182197
0"
#1130432200
1"
#1130494700
1#
#1130682199
0"
#1130932198
1"
#1130994698
0#
#1131000000
1!
#1131017900
10
#1131182197
0"
#1131200000
0(
1/
#1131432200
1"
#1131494700
1#
#1131574498
1.
#1131682199
0"
#1131932198
1"
#1131994698
0#
#1132000000
0!
#1132182197
0"
#1132230000
0-
#1132350000
1(
#1132432200
1"
#1132494700
1#
#1132682199
0"
#1132932198
1"
#1132994698
0#
#1133000000
1!
#1133182197
0"
#1133200000
1-
#1133432200
1"
#1133494700
1#
#1133682199
0"
#1133767300
00
#1133824100
0.
#1133932198
1"
#1133994698
0#
#1134000000
0!
#1134182197
0"
#1134432200
1"
#1134494700
1#
#1134682199
0"
#1134932198
1"
#1134994698
0#
#1135000000
1!
#1135182197
0"
#1135200000
0(
#1135432200
1"
#1135494700
1#
#1135517898
10
#1135574498
1.
#1135682199
0"
#1135932198
1"
#1135994698
0#
#1136000000
0!
#1136182197
0"
#1136230000
0-
#1136350000
1(
0/
#1136432200
1"
#1136494700
1#
#1136682199
0"
#1136932198
1"
#1136994698
0#
#1137000000
1!
#1137182197
0"
#1137200000
1-
#1137432200
1"
#1137494700
1#
#1137682199
0"
#1137767300
00
#1137824100
0.
#1137932198
1"
#1137994698
0#
#1138000000
0!
#1138182197
0"
#1138432200
1"
#1138494700
1#
#1138682199
0"
#1138932198
1"
#1138994698
0#
#1139000000
1!
#1139017900
10
#1139182197
0"
#1139200000
0(
1/
#1139432200
1"
#1139494700
1#
#1139574498
1.
#1139682199
0"
#1139932198
1"
#1139994698
0#
#1140000000
0!
#1140182197
0"
#1140230000
0-
#1140350000
1(
#1140432200
1"
#1140494700
1#
#1140682199
0"
#1140932198
1"
#1140994698
0#
#1141000000
1!
#1141182197
0"
#1141200000
1-
#1141432200
1"
#1141494700
1#
#1141682199
0"
#1141767300
00
#1141824100
0.
#1141932198
1"
#1141994698
0#
#1142000000
0!
#1142182197
0"
#1142432200
1"
#1142494700
1#
#1142682199
0"
#1142932198
1"
#1142994698
0#
#1143000000
1!
#1143182197
0"
#1143200000
0(
#1143432200
1"
#1143494700
1#
#1143517898
10
#1143574498
1.
#1143682199
0"
#1143932198
1"
#1143994698
0#
#1144000000
0!
#1144182197
0"
#1144230000
0-
#1144350000
1(
0/
#1144432200
1"
#1144494700
1#
#1144682199
0"
#1144932198
1"
#1144994698
0#
#1145000000
1!
#1145182197
0"
#1145200000
1-
#1145432200
1"
#1145494700
1#
#1145682199
0"
#1145767300
00
#1145824100
0.
#1145932198
1"
#1145994698
0#
#1146000000
0!
#1146182197
0"
#1146432200
1"
#1146494700
1#
#1146682199
0"
#1146932198
1"
#1146994698
0#
#1147000000
1!
#1147017900
10
#1147182197
0"
#1147200000
0(
1/
#1147432200
1"
#1147494700
1#
#1147574498
1.
#1147682199
0"
#1147932198
1"
#1147994698
0#
#1148000000
0!
#1148182197
0"
#1148430000
0-
#1148432200
1"
#1148494700
1#
#1148550000
1'
#1148682199
0"
#1148932198
1"
#1148994698
0#
#1149000000
1!
#1149182197
0"
#1149400000
1-
#1149432200
1"
#1149494700
1#
#1149682199
0"
#1149892300
01
#1149932198
1"
#1149994698
0#
#1150000000
0!
#1150182197
0"
#1150432200
1"
#1150494700
1#
#1150682199
0"
#1150932198
1"
#1150994698
0#
#1151000000
1!
#1151182197
0"
#1151432200
1"
#1151494700
1#
#1151682199
0"
#1151932198
1"
#1151994698
0#
#1152000000
0!
#1152182197
0"
#1152432200
1"
#1152494700
1#
#1152682199
0"
#1152932198
1"
#1152994698
0#
#1153000000
1!
#1153182197
0"
#1153432200
1"
#1153494700
1#
#1153682199
0"
#1153932198
1"
#1153994698
0#
#1154000000
0!
#1154182197
0"
#1154432200
1"
#1154494700
1#
#1154682199
0"
#1154932198
1"
#1154994698
0#
#1155000000
1!
#1155182197
0"
#1155331900
0.
#1155432200
1"
#1155494700
1#
#1155682199
0"
#1155932198
1"
#1155994698
0#
#1156000000
0!
#1156182197
0"
#1156432200
1"
#1156494700
1#
#1156682199
0"
#1156932198
1"
#1156994698
0#
#1157000000
1!
#1157182197
0"
#1157331900
1.
#1157347400
11
#1157432200
1"
#1157494700
1#
#1157682199
0"
#1157932198
1"
#1157994698
0#
#1158000000
0!
#1158182197
0"
#1158230000
0-
#1158350000
1(
0'
#1158432200
1"
#1158494700
1#
#1158682199
0"
#1158932198
1"
#1158994698
0#
#1159000000
1!
#1159182197
0"
#1159200000
1-
#1159432200
1"
#1159494700
1#
#1159682199
0"
#1159767300
00
#1159824100
0.
#1159932198
1"
#1159994698
0#
#1160000000
0!
#1160182197
0"
#1160432200
1"
#1160494700
1#
#1160682199
0"
#1160932198
1"
#1160994698
0#
#1161000000
1!
#1161182197
0"
#1161200000
0(
#1161432200
1"
#1161494700
1#
#1161517898
10
#1161574498
1.
#1161682199
0"
#1161932198
1"
#1161994698
0#
#1162000000
0!
#1162182197
0"
#1162230000
0-
#1162350000
1(
0/
#1162432200
1"
#1162494700
1#
#1162682199
0"
#1162932198
1"
#1162994698
0#
#1163000000
1!
#1163182197
0"
#1163200000
1-
#1163432200
1"
#1163494700
1#
#1163682199
0"
#1163767300
00
#1163824100
0.
#1163932198
1"
#1163994698
0#
#1164000000
0!
#1164182197
0"
#1164432200
1"
#1164494700
1#
#1164682199
0"
#1164932198
1"
#1164994698
0#
#1165000000
1!
#1165017900
10
#1165182197
0"
#1165200000
0(
1/
#1165432200
1"
#1165494700
1#
#1165574498
1.
#1165682199
0"
#1165932198
1"
#1165994698
0#
#1166000000
0!
#1166182197
0"
#1166230000
0-
#1166350000
1(
#1166432200
1"
#1166494700
1#
#1166682199
0"
#1166932198
1"
#1166994698
0#
#1167000000
1!
#1167182197
0"
#1167200000
1-
#1167432200
1"
#1167494700
1#
#1167682199
0"
#1167767300
00
#1167824100
0.
#1167932198
1"
#1167994698
0#
#1168000000
0!
#1168182197
0"
#1168432200
1"
#1168494700
1#
#1168682199
0"
#1168932198
1"
#1168994698
0#
#1169000000
1!
#1169182197
0"
#1169200000
0(
#1169432200
1"
#1169494700
1#
#1169517898
10
#1169574498
1.
#1169682199
0"
#1169932198
1"
#1169994698
0#
#1170000000
0!
#1170182197
0"
#1170230000
0-
#1170350000
1(
0/
#1170432200
1"
#1170494700
1#
#1170682199
0"
#1170932198
1"
#1170994698
0#
#1171000000
1!
#1171182197
0"
#1171200000
1-
#1171432200
1"
#1171494700
1#
#1171682199
0"
#1171767300
00
#1171824100
0.
#1171932198
1"
#1171994698
0#
#1172000000
0!
#1172182197
0"
#1172432200
1"
#1172494700
1#
#1172682199
0"
#1172932198
1"
#1172994698
0#
#1173000000
1!
#1173017900
10
#1173182197
0"
#1173200000
0(
1/
#1173432200
1"
#1173494700
1#
#1173574498
1.
#1173682199
0"
#1173932198
1"
#1173994698
0#
#1174000000
0!
#1174182197
0"
#1174230000
0-
#1174350000
1(
#1174432200
1"
#1174494700
1#
#1174682199
0"
#1174932198
1"
#1174994698
0#
#1175000000
1!
#1175182197
0"
#1175200000
1-
#1175432200
1"
#1175494700
1#
#1175682199
0"
#1175767300
00
#1175824100
0.
#1175932198
1"
#1175994698
0#
#1176000000
0!
#1176182197
0"
#1176432200
1"
#1176494700
1#
#1176682199
0"
#1176932198
1"
#1176994698
0#
#1177000000
1!
#1177182197
0"
#1177200000
0(
#1177432200
1"
#1177494700
1#
#1177517898
10
#1177574498
1.
#1177682199
0"
#1177932198
1"
#1177994698
0#
#1178000000
0!
#1178182197
0"
#1178230000
0-
#1178350000
1(
0/
#1178432200
1"
#1178494700
1#
#1178682199
0"
#1178932198
1"
#1178994698
0#
#1179000000
1!
#1179182197
0"
#1179200000
1-
#1179432200
1"
#1179494700
1#
#1179682199
0"
#1179767300
00
#1179824100
0.
#1179932198
1"
#1179994698
0#
#1180000000
0!
#1180182197
0"
#1180432200
1"
#1180494700
1#
#1180682199
0"
#1180932198
1"
#1180994698
0#
#1181000000
1!
#1181017900
10
#1181182197
0"
#1181200000
0(
1/
#1181432200
1"
#1181494700
1#
#1181574498
1.
#1181682199
0"
#1181932198
1"
#1181994698
0#
#1182000000
0!
#1182182197
0"
#1182230000
0-
#1182350000
1(
#1182432200
1"
#1182494700
1#
#1182682199
0"
#1182932198
1"
#1182994698
0#
#1183000000
1!
#1183182197
0"
#1183200000
1-
#1183432200
1"
#1183494700
1#
#1183682199
0"
#1183767300
00
#1183824100
0.
#1183932198
1"
#1183994698
0#
#1184000000
0!
#1184182197
0"
#1184432200
1"
#1184494700
1#
#1184682199
0"
#1184932198
1"
#1184994698
0#
#1185000000
1!
#1185182197
0"
#1185200000
0(
#1185432200
1"
#1185494700
1#
#1185517898
10
#1185574498
1.
#1185682199
0"
#1185932198
1"
#1185994698
0#
#1186000000
0!
#1186182197
0"
#1186230000
0-
#1186350000
1(
0/
#1186432200
1"
#1186494700
1#
#1186682199
0"
#1186932198
1"
#1186994698
0#
#1187000000
1!
#1187182197
0"
#1187200000
1-
#1187432200
1"
#1187494700
1#
#1187682199
0"
#1187767300
00
#1187824100
0.
#1187932198
1"
#1187994698
0#
#1188000000
0!
#1188182197
0"
#1188432200
1"
#1188494700
1#
#1188682199
0"
#1188932198
1"
#1188994698
0#
#1189000000
1!
#1189017900
10
#1189182197
0"
#1189200000
0(
1/
#1189432200
1"
#1189494700
1#
#1189574498
1.
#1189682199
0"
#1189932198
1"
#1189994698
0#
#1190000000
0!
#1190182197
0"
#1190430000
0-
#1190432200
1"
#1190494700
1#
#1190550000
1'
#1190682199
0"
#1190932198
1"
#1190994698
0#
#1191000000
1!
#1191182197
0"
#1191400000
1-
#1191432200
1"
#1191494700
1#
#1191682199
0"
#1191892300
01
#1191932198
1"
#1191994698
0#
#1192000000
0!
#1192182197
0"
#1192432200
1"
#1192494700
1#
#1192682199
0"
#1192932198
1"
#1192994698
0#
#1193000000
1!
#1193182197
0"
#1193432200
1"
#1193494700
1#
#1193682199
0"
#1193932198
1"
#1193994698
0#
#1194000000
0!
#1194182197
0"
#1194432200
1"
#1194494700
1#
#1194682199
0"
#1194932198
1"
#1194994698
0#
#1195000000
1!
#1195182197
0"
#1195432200
1"
#1195494700
1#
#1195682199
0"
#1195932198
1"
#1195994698
0#
#1196000000
0!
#1196182197
0"
#1196432200
1"
#1196494700
1#
#1196682199
0"
#1196932198
1"
#1196994698
0#
#1197000000
1!
#1197182197
0"
#1197331900
0.
#1197432200
1"
#1197494700
1#
#1197682199
0"
#1197932198
1"
#1197994698
0#
#1198000000
0!
#1198182197
0"
#1198432200
1"
#1198494700
1#
#1198682199
0"
#1198932198
1"
#1198994698
0#
#1199000000
1!
#1199182197
0"
#1199331900
1.
#1199347400
11
#1199432200
1"
#1199494700
1#
#1199682199
0"
#1199932198
1"
#1199994698
0#
#1200000000
0!
#1200182197
0"
#1200230000
0-
#1200350000
1(
0'
#1200432200
1"
#1200494700
1#
#1200682199
0"
#1200932198
1"
#1200994698
0#
#1201000000
1!
#1201182197
0"
#1201200000
1-
#1201432200
1"
#1201494700
1#
#1201682199
0"
#1201767300
00
#1201824100
0.
#1201932198
1"
#1201994698
0#
#1202000000
0!
#1202182197
0"
#1202432200
1"
#1202494700
1#
#1202682199
0"
#1202932198
1"
#1202994698
0#
#1203000000
1!
#1203182197
0"
#1203200000
0(
#1203432200
1"
#1203494700
1#
#1203517898
10
#1203574498
1.
#1203682199
0"
#1203932198
1"
#1203994698
0#
#1204000000
0!
#1204182197
0"
#1204230000
0-
#1204350000
1(
0/
#1204432200
1"
#1204494700
1#
#1204682199
0"
#1204932198
1"
#1204994698
0#
#1205000000
1!
#1205182197
0"
#1205200000
1-
#1205432200
1"
#1205494700
1#
#1205682199
0"
#1205767300
00
#1205824100
0.
#1205932198
1"
#1205994698
0#
#1206000000
0!
#1206182197
0"
#1206432200
1"
#1206494700
1#
#1206682199
0"
#1206932198
1"
#1206994698
0#
#1207000000
1!
#1207017900
10
#1207182197
0"
#1207200000
0(
1/
#1207432200
1"
#1207494700
1#
#1207574498
1.
#1207682199
0"
#1207932198
1"
#1207994698
0#
#1208000000
0!
#1208182197
0"
#1208230000
0-
#1208350000
1(
#1208432200
1"
#1208494700
1#
#1208682199
0"
#1208932198
1"
#1208994698
0#
#1209000000
1!
#1209182197
0"
#1209200000
1-
#1209432200
1"
#1209494700
1#
#1209682199
0"
#1209767300
00
#1209824100
0.
#1209932198
1"
#1209994698
0#
#1210000000
0!
#1210182197
0"
#1210432200
1"
#1210494700
1#
#1210682199
0"
#1210932198
1"
#1210994698
0#
#1211000000
1!
#1211182197
0"
#1211200000
0(
#1211432200
1"
#1211494700
1#
#1211517898
10
#1211574498
1.
#1211682199
0"
#1211932198
1"
#1211994698
0#
#1212000000
0!
#1212182197
0"
#1212230000
0-
#1212350000
1(
0/
#1212432200
1"
#1212494700
1#
#1212682199
0"
#1212932198
1"
#1212994698
0#
#1213000000
1!
#1213182197
0"
#1213200000
1-
#1213432200
1"
#1213494700
1#
#1213682199
0"
#1213767300
00
#1213824100
0.
#1213932198
1"
#1213994698
0#
#1214000000
0!
#1214182197
0"
#1214432200
1"
#1214494700
1#
#1214682199
0"
#1214932198
1"
#1214994698
0#
#1215000000
1!
#1215017900
10
#1215182197
0"
#1215200000
0(
1/
#1215432200
1"
#1215494700
1#
#1215574498
1.
#1215682199
0"
#1215932198
1"
#1215994698
0#
#1216000000
0!
#1216182197
0"
#1216230000
0-
#1216350000
1(
#1216432200
1"
#1216494700
1#
#1216682199
0"
#1216932198
1"
#1216994698
0#
#1217000000
1!
#1217182197
0"
#1217200000
1-
#1217432200
1"
#1217494700
1#
#1217682199
0"
#1217767300
00
#1217824100
0.
#1217932198
1"
#1217994698
0#
#1218000000
0!
#1218182197
0"
#1218432200
1"
#1218494700
1#
#1218682199
0"
#1218932198
1"
#1218994698
0#
#1219000000
1!
#1219182197
0"
#1219200000
0(
#1219432200
1"
#1219494700
1#
#1219517898
10
#1219574498
1.
#1219682199
0"
#1219932198
1"
#1219994698
0#
#1220000000
0!
#1220182197
0"
#1220230000
0-
#1220350000
1(
0/
#1220432200
1"
#1220494700
1#
#1220682199
0"
#1220932198
1"
#1220994698
0#
#1221000000
1!
#1221182197
0"
#1221200000
1-
#1221432200
1"
#1221494700
1#
#1221682199
0"
#1221767300
00
#1221824100
0.
#1221932198
1"
#1221994698
0#
#1222000000
0!
#1222182197
0"
#1222432200
1"
#1222494700
1#
#1222682199
0"
#1222932198
1"
#1222994698
0#
#1223000000
1!
#1223017900
10
#1223182197
0"
#1223200000
0(
1/
#1223432200
1"
#1223494700
1#
#1223574498
1.
#1223682199
0"
#1223932198
1"
#1223994698
0#
#1224000000
0!
#1224182197
0"
#1224230000
0-
#1224350000
1(
#1224432200
1"
#1224494700
1#
#1224682199
0"
#1224932198
1"
#1224994698
0#
#1225000000
1!
#1225182197
0"
#1225200000
1-
#1225432200
1"
#1225494700
1#
#1225682199
0"
#1225767300
00
#1225824100
0.
#1225932198
1"
#1225994698
0#
#1226000000
0!
#1226182197
0"
#1226432200
1"
#1226494700
1#
#1226682199
0"
#1226932198
1"
#1226994698
0#
#1227000000
1!
#1227182197
0"
#1227200000
0(
#1227432200
1"
#1227494700
1#
#1227517898
10
#1227574498
1.
#1227682199
0"
#1227932198
1"
#1227994698
0#
#1228000000
0!
#1228182197
0"
#1228230000
0-
#1228350000
1(
0/
#1228432200
1"
#1228494700
1#
#1228682199
0"
#1228932198
1"
#1228994698
0#
#1229000000
1!
#1229182197
0"
#1229200000
1-
#1229432200
1"
#1229494700
1#
#1229682199
0"
#1229767300
00
#1229824100
0.
#1229932198
1"
#1229994698
0#
#1230000000
0!
#1230182197
0"
#1230432200
1"
#1230494700
1#
#1230682199
0"
#1230932198
1"
#1230994698
0#
#1231000000
1!
#1231017900
10
#1231182197
0"
#1231200000
0(
1/
#1231432200
1"
#1231494700
1#
#1231574498
1.
#1231682199
0"
#1231932198
1"
#1231994698
0#
#1232000000
0!
#1232182197
0"
#1232430000
0-
#1232432200
1"
#1232494700
1#
#1232550000
1'
#1232682199
0"
#1232932198
1"
#1232994698
0#
#1233000000
1!
#1233182197
0"
#1233400000
1-
#1233432200
1"
#1233494700
1#
#1233682199
0"
#1233892300
01
#1233932198
1"
#1233994698
0#
#1234000000
0!
#1234182197
0"
#1234432200
1"
#1234494700
1#
#1234682199
0"
#1234932198
1"
#1234994698
0#
#1235000000
1!
#1235182197
0"
#1235432200
1"
#1235494700
1#
#1235682199
0"
#1235932198
1"
#1235994698
0#
#1236000000
0!
#1236182197
0"
#1236432200
1"
#1236494700
1#
#1236682199
0"
#1236932198
1"
#1236994698
0#
#1237000000
1!
#1237182197
0"
#1237432200
1"
#1237494700
1#
#1237682199
0"
#1237932198
1"
#1237994698
0#
#1238000000
0!
#1238182197
0"
#1238432200
1"
#1238494700
1#
#1238682199
0"
#1238932198
1"
#1238994698
0#
#1239000000
1!
#1239182197
0"
#1239331900
0.
#1239432200
1"
#1239494700
1#
#1239682199
0"
#1239932198
1"
#1239994698
0#
#1240000000
0!
#1240182197
0"
#1240432200
1"
#1240494700
1#
#1240682199
0"
#1240932198
1"
#1240994698
0#
#1241000000
1!
#1241182197
0"
#1241331900
1.
#1241347400
11
#1241432200
1"
#1241494700
1#
#1241682199
0"
#1241932198
1"
#1241994698
0#
#1242000000
0!
#1242182197
0"
#1242230000
0-
#1242350000
1(
0'
#1242432200
1"
#1242494700
1#
#1242682199
0"
#1242932198
1"
#1242994698
0#
#1243000000
1!
#1243182197
0"
#1243200000
1-
#1243432200
1"
#1243494700
1#
#1243682199
0"
#1243767300
00
#1243824100
0.
#1243932198
1"
#1243994698
0#
#1244000000
0!
#1244182197
0"
#1244432200
1"
#1244494700
1#
#1244682199
0"
#1244932198
1"
#1244994698
0#
#1245000000
1!
#1245182197
0"
#1245200000
0(
#1245432200
1"
#1245494700
1#
#1245517898
10
#1245574498
1.
#1245682199
0"
#1245932198
1"
#1245994698
0#
#1246000000
0!
#1246182197
0"
#1246230000
0-
#1246350000
1(
0/
#1246432200
1"
#1246494700
1#
#1246682199
0"
#1246932198
1"
#1246994698
0#
#1247000000
1!
#1247182197
0"
#1247200000
1-
#1247432200
1"
#1247494700
1#
#1247682199
0"
#1247767300
00
#1247824100
0.
#1247932198
1"
#1247994698
0#
#1248000000
0!
#1248182197
0"
#1248432200
1"
#1248494700
1#
#1248682199
0"
#1248932198
1"
#1248994698
0#
#1249000000
1!
#1249017900
10
#1249182197
0"
#1249200000
0(
1/
#1249432200
1"
#1249494700
1#
#1249574498
1.
#1249682199
0"
#1249932198
1"
#1249994698
0#
#1250000000
0!
#1250182197
0"
#1250230000
0-
#1250350000
1(
#1250432200
1"
#1250494700
1#
#1250682199
0"
#1250932198
1"
#1250994698
0#
#1251000000
1!
#1251182197
0"
#1251200000
1-
#1251432200
1"
#1251494700
1#
#1251682199
0"
#1251767300
00
#1251824100
0.
#1251932198
1"
#1251994698
0#
#1252000000
0!
#1252182197
0"
#1252432200
1"
#1252494700
1#
#1252682199
0"
#1252932198
1"
#1252994698
0#
#1253000000
1!
#1253182197
0"
#1253200000
0(
#1253432200
1"
#1253494700
1#
#1253517898
10
#1253574498
1.
#1253682199
0"
#1253932198
1"
#1253994698
0#
#1254000000
0!
#1254182197
0"
#1254230000
0-
#1254350000
1(
0/
#1254432200
1"
#1254494700
1#
#1254682199
0"
#1254932198
1"
#1254994698
0#
#1255000000
1!
#1255182197
0"
#1255200000
1-
#1255432200
1"
#1255494700
1#
#1255682199
0"
#1255767300
00
#1255824100
0.
#1255932198
1"
#1255994698
0#
#1256000000
0!
#1256182197
0"
#1256432200
1"
#1256494700
1#
#1256682199
0"
#1256932198
1"
#1256994698
0#
#1257000000
1!
#1257017900
10
#1257182197
0"
#1257200000
0(
1/
#1257432200
1"
#1257494700
1#
#1257574498
1.
#1257682199
0"
#1257932198
1"
#1257994698
0#
#1258000000
0!
#1258182197
0"
#1258230000
0-
#1258350000
1(
#1258432200
1"
#1258494700
1#
#1258682199
0"
#1258932198
1"
#1258994698
0#
#1259000000
1!
#1259182197
0"
#1259200000
1-
#1259432200
1"
#1259494700
1#
#1259682199
0"
#1259767300
00
#1259824100
0.
#1259932198
1"
#1259994698
0#
#1260000000
0!
#1260182197
0"
#1260432200
1"
#1260494700
1#
#1260682199
0"
#1260932198
1"
#1260994698
0#
#1261000000
1!
#1261182197
0"
#1261200000
0(
#1261432200
1"
#1261494700
1#
#1261517898
10
#1261574498
1.
#1261682199
0"
#1261932198
1"
#1261994698
0#
#1262000000
0!
#1262182197
0"
#1262230000
0-
#1262350000
1(
0/
#1262432200
1"
#1262494700
1#
#1262682199
0"
#1262932198
1"
#1262994698
0#
#1263000000
1!
#1263182197
0"
#1263200000
1-
#1263432200
1"
#1263494700
1#
#1263682199
0"
#1263767300
00
#1263824100
0.
#1263932198
1"
#1263994698
0#
#1264000000
0!
#1264182197
0"
#1264432200
1"
#1264494700
1#
#1264682199
0"
#1264932198
1"
#1264994698
0#
#1265000000
1!
#1265017900
10
#1265182197
0"
#1265200000
0(
1/
#1265432200
1"
#1265494700
1#
#1265574498
1.
#1265682199
0"
#1265932198
1"
#1265994698
0#
#1266000000
0!
#1266182197
0"
#1266230000
0-
#1266350000
1(
#1266432200
1"
#1266494700
1#
#1266682199
0"
#1266932198
1"
#1266994698
0#
#1267000000
1!
#1267182197
0"
#1267200000
1-
#1267432200
1"
#1267494700
1#
#1267682199
0"
#1267767300
00
#1267824100
0.
#1267932198
1"
#1267994698
0#
#1268000000
0!
#1268182197
0"
#1268432200
1"
#1268494700
1#
#1268682199
0"
#1268932198
1"
#1268994698
0#
#1269000000
1!
#1269182197
0"
#1269200000
0(
#1269432200
1"
#1269494700
1#
#1269517898
10
#1269574498
1.
#1269682199
0"
#1269932198
1"
#1269994698
0#
#1270000000
0!
#1270182197
0"
#1270230000
0-
#1270350000
1(
0/
#1270432200
1"
#1270494700
1#
#1270682199
0"
#1270932198
1"
#1270994698
0#
#1271000000
1!
#1271182197
0"
#1271200000
1-
#1271432200
1"
#1271494700
1#
#1271682199
0"
#1271767300
00
#1271824100
0.
#1271932198
1"
#1271994698
0#
#1272000000
0!
#1272182197
0"
#1272432200
1"
#1272494700
1#
#1272682199
0"
#1272932198
1"
#1272994698
0#
#1273000000
1!
#1273017900
10
#1273182197
0"
#1273200000
0(
1/
#1273432200
1"
#1273494700
1#
#1273574498
1.
#1273682199
0"
#1273932198
1"
#1273994698
0#
#1274000000
0!
#1274182197
0"
#1274430000
0-
#1274432200
1"
#1274494700
1#
#1274550000
1'
#1274682199
0"
#1274932198
1"
#1274994698
0#
#1275000000
1!
#1275182197
0"
#1275400000
1-
#1275432200
1"
#1275494700
1#
#1275682199
0"
#1275892300
01
#1275932198
1"
#1275994698
0#
#1276000000
0!
#1276182197
0"
#1276432200
1"
#1276494700
1#
#1276682199
0"
#1276932198
1"
#1276994698
0#
#1277000000
1!
#1277182197
0"
#1277432200
1"
#1277494700
1#
#1277682199
0"
#1277932198
1"
#1277994698
0#
#1278000000
0!
#1278182197
0"
#1278432200
1"
#1278494700
1#
#1278682199
0"
#1278932198
1"
#1278994698
0#
#1279000000
1!
#1279182197
0"
#1279432200
1"
#1279494700
1#
#1279682199
0"
#1279932198
1"
#1279994698
0#
#1280000000
0!
#1280182197
0"
#1280432200
1"
#1280494700
1#
#1280682199
0"
#1280932198
1"
#1280994698
0#
#1281000000
1!
#1281182197
0"
#1281331900
0.
#1281432200
1"
#1281494700
1#
#1281682199
0"
#1281932198
1"
#1281994698
0#
#1282000000
0!
#1282182197
0"
#1282432200
1"
#1282494700
1#
#1282682199
0"
#1282932198
1"
#1282994698
0#
#1283000000
1!
#1283182197
0"
#1283331900
1.
#1283347400
11
#1283432200
1"
#1283494700
1#
#1283682199
0"
#1283932198
1"
#1283994698
0#
#1284000000
0!
#1284182197
0"
#1284230000
0-
#1284350000
1(
0'
#1284432200
1"
#1284494700
1#
#1284682199
0"
#1284932198
1"
#1284994698
0#
#1285000000
1!
#1285182197
0"
#1285200000
1-
#1285432200
1"
#1285494700
1#
#1285682199
0"
#1285767300
00
#1285824100
0.
#1285932198
1"
#1285994698
0#
#1286000000
0!
#1286182197
0"
#1286432200
1"
#1286494700
1#
#1286682199
0"
#1286932198
1"
#1286994698
0#
#1287000000
1!
#1287182197
0"
#1287200000
0(
#1287432200
1"
#1287494700
1#
#1287517898
10
#1287574498
1.
#1287682199
0"
#1287932198
1"
#1287994698
0#
#1288000000
0!
#1288182197
0"
#1288230000
0-
#1288350000
1(
0/
#1288432200
1"
#1288494700
1#
#1288682199
0"
#1288932198
1"
#1288994698
0#
#1289000000
1!
#1289182197
0"
#1289200000
1-
#1289432200
1"
#1289494700
1#
#1289682199
0"
#1289767300
00
#1289824100
0.
#1289932198
1"
#1289994698
0#
#1290000000
0!
#1290182197
0"
#1290432200
1"
#1290494700
1#
#1290682199
0"
#1290932198
1"
#1290994698
0#
#1291000000
1!
#1291017900
10
#1291182197
0"
#1291200000
0(
1/
#1291432200
1"
#1291494700
1#
#1291574498
1.
#1291682199
0"
#1291932198
1"
#1291994698
0#
#1292000000
0!
#1292182197
0"
#1292230000
0-
#1292350000
1(
#1292432200
1"
#1292494700
1#
#1292682199
0"
#1292932198
1"
#1292994698
0#
#1293000000
1!
#1293182197
0"
#1293200000
1-
#1293432200
1"
#1293494700
1#
#1293682199
0"
#1293767300
00
#1293824100
0.
#1293932198
1"
#1293994698
0#
#1294000000
0!
#1294182197
0"
#1294432200
1"
#1294494700
1#
#1294682199
0"
#1294932198
1"
#1294994698
0#
#1295000000
1!
#1295182197
0"
#1295200000
0(
#1295432200
1"
#1295494700
1#
#1295517898
10
#1295574498
1.
#1295682199
0"
#1295932198
1"
#1295994698
0#
#1296000000
0!
#1296182197
0"
#1296230000
0-
#1296350000
1(
0/
#1296432200
1"
#1296494700
1#
#1296682199
0"
#1296932198
1"
#1296994698
0#
#1297000000
1!
#1297182197
0"
#1297200000
1-
#1297432200
1"
#1297494700
1#
#1297682199
0"
#1297767300
00
#1297824100
0.
#1297932198
1"
#1297994698
0#
#1298000000
0!
#1298182197
0"
#1298432200
1"
#1298494700
1#
#1298682199
0"
#1298932198
1"
#1298994698
0#
#1299000000
1!
#1299017900
10
#1299182197
0"
#1299200000
0(
1/
#1299432200
1"
#1299494700
1#
#1299574498
1.
#1299682199
0"
#1299932198
1"
#1299994698
0#
#1300000000
0!
#1300182197
0"
#1300230000
0-
#1300350000
1(
#1300432200
1"
#1300494700
1#
#1300682199
0"
#1300932198
1"
#1300994698
0#
#1301000000
1!
#1301182197
0"
#1301200000
1-
#1301432200
1"
#1301494700
1#
#1301682199
0"
#1301767300
00
#1301824100
0.
#1301932198
1"
#1301994698
0#
#1302000000
0!
#1302182197
0"
#1302432200
1"
#1302494700
1#
#1302682199
0"
#1302932198
1"
#1302994698
0#
#1303000000
1!
#1303182197
0"
#1303200000
0(
#1303432200
1"
#1303494700
1#
#1303517898
10
#1303574498
1.
#1303682199
0"
#1303932198
1"
#1303994698
0#
#1304000000
0!
#1304182197
0"
#1304230000
0-
#1304350000
1(
0/
#1304432200
1"
#1304494700
1#
#1304682199
0"
#1304932198
1"
#1304994698
0#
#1305000000
1!
#1305182197
0"
#1305200000
1-
#1305432200
1"
#1305494700
1#
#1305682199
0"
#1305767300
00
#1305824100
0.
#1305932198
1"
#1305994698
0#
#1306000000
0!
#1306182197
0"
#1306432200
1"
#1306494700
1#
#1306682199
0"
#1306932198
1"
#1306994698
0#
#1307000000
1!
#1307017900
10
#1307182197
0"
#1307200000
0(
1/
#1307432200
1"
#1307494700
1#
#1307574498
1.
#1307682199
0"
#1307932198
1"
#1307994698
0#
#1308000000
0!
#1308182197
0"
#1308230000
0-
#1308350000
1(
#1308432200
1"
#1308494700
1#
#1308682199
0"
#1308932198
1"
#1308994698
0#
#1309000000
1!
#1309182197
0"
#1309200000
1-
#1309432200
1"
#1309494700
1#
#1309682199
0"
#1309767300
00
#1309824100
0.
#1309932198
1"
#1309994698
0#
#1310000000
0!
#1310182197
0"
#1310432200
1"
#1310494700
1#
#1310682199
0"
#1310932198
1"
#1310994698
0#
#1311000000
1!
#1311182197
0"
#1311200000
0(
#1311432200
1"
#1311494700
1#
#1311517898
10
#1311574498
1.
#1311682199
0"
#1311932198
1"
#1311994698
0#
#1312000000
0!
#1312182197
0"
#1312230000
0-
#1312350000
1(
0/
#1312432200
1"
#1312494700
1#
#1312682199
0"
#1312932198
1"
#1312994698
0#
#1313000000
1!
#1313182197
0"
#1313200000
1-
#1313432200
1"
#1313494700
1#
#1313682199
0"
#1313767300
00
#1313824100
0.
#1313932198
1"
#1313994698
0#
#1314000000
0!
#1314182197
0"
#1314432200
1"
#1314494700
1#
#1314682199
0"
#1314932198
1"
#1314994698
0#
#1315000000
1!
#1315017900
10
#1315182197
0"
#1315200000
0(
1/
#1315432200
1"
#1315494700
1#
#1315574498
1.
#1315682199
0"
#1315932198
1"
#1315994698
0#
#1316000000
0!
#1316182197
0"
#1316430000
0-
#1316432200
1"
#1316494700
1#
#1316550000
1'
#1316682199
0"
#1316932198
1"
#1316994698
0#
#1317000000
1!
#1317182197
0"
#1317400000
1-
#1317432200
1"
#1317494700
1#
#1317682199
0"
#1317892300
01
#1317932198
1"
#1317994698
0#
#1318000000
0!
#1318182197
0"
#1318432200
1"
#1318494700
1#
#1318682199
0"
#1318932198
1"
#1318994698
0#
#1319000000
1!
#1319182197
0"
#1319432200
1"
#1319494700
1#
#1319682199
0"
#1319932198
1"
#1319994698
0#
#1320000000
0!
#1320182197
0"
#1320432200
1"
#1320494700
1#
#1320682199
0"
#1320932198
1"
#1320994698
0#
#1321000000
1!
#1321182197
0"
#1321432200
1"
#1321494700
1#
#1321682199
0"
#1321932198
1"
#1321994698
0#
#1322000000
0!
#1322182197
0"
#1322432200
1"
#1322494700
1#
#1322682199
0"
#1322932198
1"
#1322994698
0#
#1323000000
1!
#1323182197
0"
#1323331900
0.
#1323432200
1"
#1323494700
1#
#1323682199
0"
#1323932198
1"
#1323994698
0#
#1324000000
0!
#1324182197
0"
#1324432200
1"
#1324494700
1#
#1324682199
0"
#1324932198
1"
#1324994698
0#
#1325000000
1!
#1325182197
0"
#1325331900
1.
#1325347400
11
#1325432200
1"
#1325494700
1#
#1325682199
0"
#1325932198
1"
#1325994698
0#
#1326000000
0!
#1326182197
0"
#1326230000
0-
#1326350000
1(
0'
#1326432200
1"
#1326494700
1#
#1326682199
0"
#1326932198
1"
#1326994698
0#
#1327000000
1!
#1327182197
0"
#1327200000
1-
#1327432200
1"
#1327494700
1#
#1327682199
0"
#1327767300
00
#1327824100
0.
#1327932198
1"
#1327994698
0#
#1328000000
0!
#1328182197
0"
#1328432200
1"
#1328494700
1#
#1328682199
0"
#1328932198
1"
#1328994698
0#
#1329000000
1!
#1329182197
0"
#1329200000
0(
#1329432200
1"
#1329494700
1#
#1329517898
10
#1329574498
1.
#1329682199
0"
#1329932198
1"
#1329994698
0#
#1330000000
0!
#1330182197
0"
#1330230000
0-
#1330350000
1(
0/
#1330432200
1"
#1330494700
1#
#1330682199
0"
#1330932198
1"
#1330994698
0#
#1331000000
1!
#1331182197
0"
#1331200000
1-
#1331432200
1"
#1331494700
1#
#1331682199
0"
#1331767300
00
#1331824100
0.
#1331932198
1"
#1331994698
0#
#1332000000
0!
#1332182197
0"
#1332432200
1"
#1332494700
1#
#1332682199
0"
#1332932198
1"
#1332994698
0#
#1333000000
1!
#1333017900
10
#1333182197
0"
#1333200000
0(
1/
#1333432200
1"
#1333494700
1#
#1333574498
1.
#1333682199
0"
#1333932198
1"
#1333994698
0#
#1334000000
0!
#1334182197
0"
#1334230000
0-
#1334350000
1(
#1334432200
1"
#1334494700
1#
#1334682199
0"
#1334932198
1"
#1334994698
0#
#1335000000
1!
#1335182197
0"
#1335200000
1-
#1335432200
1"
#1335494700
1#
#1335682199
0"
#1335767300
00
#1335824100
0.
#1335932198
1"
#1335994698
0#
#1336000000
0!
#1336182197
0"
#1336432200
1"
#1336494700
1#
#1336682199
0"
#1336932198
1"
#1336994698
0#
#1337000000
1!
#1337182197
0"
#1337200000
0(
#1337432200
1"
#1337494700
1#
#1337517898
10
#1337574498
1.
#1337682199
0"
#1337932198
1"
#1337994698
0#
#1338000000
0!
#1338182197
0"
#1338230000
0-
#1338350000
1(
0/
#1338432200
1"
#1338494700
1#
#1338682199
0"
#1338932198
1"
#1338994698
0#
#1339000000
1!
#1339182197
0"
#1339200000
1-
#1339432200
1"
#1339494700
1#
#1339682199
0"
#1339767300
00
#1339824100
0.
#1339932198
1"
#1339994698
0#
#1340000000
0!
#1340182197
0"
#1340432200
1"
#1340494700
1#
#1340682199
0"
#1340932198
1"
#1340994698
0#
#1341000000
1!
#1341017900
10
#1341182197
0"
#1341200000
0(
1/
#1341432200
1"
#1341494700
1#
#1341574498
1.
#1341682199
0"
#1341932198
1"
#1341994698
0#
#1342000000
0!
#1342182197
0"
#1342230000
0-
#1342350000
1(
#1342432200
1"
#1342494700
1#
#1342682199
0"
#1342932198
1"
#1342994698
0#
#1343000000
1!
#1343182197
0"
#1343200000
1-
#1343432200
1"
#1343494700
1#
#1343682199
0"
#1343767300
00
#1343824100
0.
#1343932198
1"
#1343994698
0#
#1344000000
0!
#1344182197
0"
#1344432200
1"
#1344494700
1#
#1344682199
0"
#1344932198
1"
#1344994698
0#
#1345000000
1!
#1345182197
0"
#1345200000
0(
#1345432200
1"
#1345494700
1#
#1345517898
10
#1345574498
1.
#1345682199
0"
#1345932198
1"
#1345994698
0#
#1346000000
0!
#1346182197
0"
#1346230000
0-
#1346350000
1(
0/
#1346432200
1"
#1346494700
1#
#1346682199
0"
#1346932198
1"
#1346994698
0#
#1347000000
1!
#1347182197
0"
#1347200000
1-
#1347432200
1"
#1347494700
1#
#1347682199
0"
#1347767300
00
#1347824100
0.
#1347932198
1"
#1347994698
0#
#1348000000
0!
#1348182197
0"
#1348432200
1"
#1348494700
1#
#1348682199
0"
#1348932198
1"
#1348994698
0#
#1349000000
1!
#1349017900
10
#1349182197
0"
#1349200000
0(
1/
#1349432200
1"
#1349494700
1#
#1349574498
1.
#1349682199
0"
#1349932198
1"
#1349994698
0#
#1350000000
0!
#1350182197
0"
#1350230000
0-
#1350350000
1(
#1350432200
1"
#1350494700
1#
#1350682199
0"
#1350932198
1"
#1350994698
0#
#1351000000
1!
#1351182197
0"
#1351200000
1-
#1351432200
1"
#1351494700
1#
#1351682199
0"
#1351767300
00
#1351824100
0.
#1351932198
1"
#1351994698
0#
#1352000000
0!
#1352182197
0"
#1352432200
1"
#1352494700
1#
#1352682199
0"
#1352932198
1"
#1352994698
0#
#1353000000
1!
#1353182197
0"
#1353200000
0(
#1353432200
1"
#1353494700
1#
#1353517898
10
#1353574498
1.
#1353682199
0"
#1353932198
1"
#1353994698
0#
#1354000000
0!
#1354182197
0"
#1354230000
0-
#1354350000
1(
0/
#1354432200
1"
#1354494700
1#
#1354682199
0"
#1354932198
1"
#1354994698
0#
#1355000000
1!
#1355182197
0"
#1355200000
1-
#1355432200
1"
#1355494700
1#
#1355682199
0"
#1355767300
00
#1355824100
0.
#1355932198
1"
#1355994698
0#
#1356000000
0!
#1356182197
0"
#1356432200
1"
#1356494700
1#
#1356682199
0"
#1356932198
1"
#1356994698
0#
#1357000000
1!
#1357017900
10
#1357182197
0"
#1357200000
0(
1/
#1357432200
1"
#1357494700
1#
#1357574498
1.
#1357682199
0"
#1357932198
1"
#1357994698
0#
#1358000000
0!
#1358182197
0"
#1358430000
0-
#1358432200
1"
#1358494700
1#
#1358550000
1'
#1358682199
0"
#1358932198
1"
#1358994698
0#
#1359000000
1!
#1359182197
0"
#1359400000
1-
#1359432200
1"
#1359494700
1#
#1359682199
0"
#1359892300
01
#1359932198
1"
#1359994698
0#
#1360000000
0!
#1360182197
0"
#1360432200
1"
#1360494700
1#
#1360682199
0"
#1360932198
1"
#1360994698
0#
#1361000000
1!
#1361182197
0"
#1361432200
1"
#1361494700
1#
#1361682199
0"
#1361932198
1"
#1361994698
0#
#1362000000
0!
#1362182197
0"
#1362432200
1"
#1362494700
1#
#1362682199
0"
#1362932198
1"
#1362994698
0#
#1363000000
1!
#1363182197
0"
#1363432200
1"
#1363494700
1#
#1363682199
0"
#1363932198
1"
#1363994698
0#
#1364000000
0!
#1364182197
0"
#1364432200
1"
#1364494700
1#
#1364682199
0"
#1364932198
1"
#1364994698
0#
#1365000000
1!
#1365182197
0"
#1365331900
0.
#1365432200
1"
#1365494700
1#
#1365682199
0"
#1365932198
1"
#1365994698
0#
#1366000000
0!
#1366182197
0"
#1366432200
1"
#1366494700
1#
#1366682199
0"
#1366932198
1"
#1366994698
0#
#1367000000
1!
#1367182197
0"
#1367331900
1.
#1367347400
11
#1367432200
1"
#1367494700
1#
#1367682199
0"
#1367932198
1"
#1367994698
0#
#1368000000
0!
#1368182197
0"
#1368230000
0-
#1368350000
1(
0'
#1368432200
1"
#1368494700
1#
#1368682199
0"
#1368932198
1"
#1368994698
0#
#1369000000
1!
#1369182197
0"
#1369200000
1-
#1369432200
1"
#1369494700
1#
#1369682199
0"
#1369767300
00
#1369824100
0.
#1369932198
1"
#1369994698
0#
#1370000000
0!
#1370182197
0"
#1370432200
1"
#1370494700
1#
#1370682199
0"
#1370932198
1"
#1370994698
0#
#1371000000
1!
#1371182197
0"
#1371200000
0(
#1371432200
1"
#1371494700
1#
#1371517898
10
#1371574498
1.
#1371682199
0"
#1371932198
1"
#1371994698
0#
#1372000000
0!
#1372182197
0"
#1372230000
0-
#1372350000
1(
0/
#1372432200
1"
#1372494700
1#
#1372682199
0"
#1372932198
1"
#1372994698
0#
#1373000000
1!
#1373182197
0"
#1373200000
1-
#1373432200
1"
#1373494700
1#
#1373682199
0"
#1373767300
00
#1373824100
0.
#1373932198
1"
#1373994698
0#
#1374000000
0!
#1374182197
0"
#1374432200
1"
#1374494700
1#
#1374682199
0"
#1374932198
1"
#1374994698
0#
#1375000000
1!
#1375017900
10
#1375182197
0"
#1375200000
0(
1/
#1375432200
1"
#1375494700
1#
#1375574498
1.
#1375682199
0"
#1375932198
1"
#1375994698
0#
#1376000000
0!
#1376182197
0"
#1376230000
0-
#1376350000
1(
#1376432200
1"
#1376494700
1#
#1376682199
0"
#1376932198
1"
#1376994698
0#
#1377000000
1!
#1377182197
0"
#1377200000
1-
#1377432200
1"
#1377494700
1#
#1377682199
0"
#1377767300
00
#1377824100
0.
#1377932198
1"
#1377994698
0#
#1378000000
0!
#1378182197
0"
#1378432200
1"
#1378494700
1#
#1378682199
0"
#1378932198
1"
#1378994698
0#
#1379000000
1!
#1379182197
0"
#1379200000
0(
#1379432200
1"
#1379494700
1#
#1379517898
10
#1379574498
1.
#1379682199
0"
#1379932198
1"
#1379994698
0#
#1380000000
0!
#1380182197
0"
#1380230000
0-
#1380350000
1(
0/
#1380432200
1"
#1380494700
1#
#1380682199
0"
#1380932198
1"
#1380994698
0#
#1381000000
1!
#1381182197
0"
#1381200000
1-
#1381432200
1"
#1381494700
1#
#1381682199
0"
#1381767300
00
#1381824100
0.
#1381932198
1"
#1381994698
0#
#1382000000
0!
#1382182197
0"
#1382432200
1"
#1382494700
1#
#1382682199
0"
#1382932198
1"
#1382994698
0#
#1383000000
1!
#1383017900
10
#1383182197
0"
#1383200000
0(
1/
#1383432200
1"
#1383494700
1#
#1383574498
1.
#1383682199
0"
#1383932198
1"
#1383994698
0#
#1384000000
0!
#1384182197
0"
#1384230000
0-
#1384350000
1(
#1384432200
1"
#1384494700
1#
#1384682199
0"
#1384932198
1"
#1384994698
0#
#1385000000
1!
#1385182197
0"
#1385200000
1-
#1385432200
1"
#1385494700
1#
#1385682199
0"
#1385767300
00
#1385824100
0.
#1385932198
1"
#1385994698
0#
#1386000000
0!
#1386182197
0"
#1386432200
1"
#1386494700
1#
#1386682199
0"
#1386932198
1"
#1386994698
0#
#1387000000
1!
#1387182197
0"
#1387200000
0(
#1387432200
1"
#1387494700
1#
#1387517898
10
#1387574498
1.
#1387682199
0"
#1387932198
1"
#1387994698
0#
#1388000000
0!
#1388182197
0"
#1388230000
0-
#1388350000
1(
0/
#1388432200
1"
#1388494700
1#
#1388682199
0"
#1388932198
1"
#1388994698
0#
#1389000000
1!
#1389182197
0"
#1389200000
1-
#1389432200
1"
#1389494700
1#
#1389682199
0"
#1389767300
00
#1389824100
0.
#1389932198
1"
#1389994698
0#
#1390000000
0!
#1390182197
0"
#1390432200
1"
#1390494700
1#
#1390682199
0"
#1390932198
1"
#1390994698
0#
#1391000000
1!
#1391017900
10
#1391182197
0"
#1391200000
0(
1/
#1391432200
1"
#1391494700
1#
#1391574498
1.
#1391682199
0"
#1391932198
1"
#1391994698
0#
#1392000000
0!
#1392182197
0"
#1392230000
0-
#1392350000
1(
#1392432200
1"
#1392494700
1#
#1392682199
0"
#1392932198
1"
#1392994698
0#
#1393000000
1!
#1393182197
0"
#1393200000
1-
#1393432200
1"
#1393494700
1#
#1393682199
0"
#1393767300
00
#1393824100
0.
#1393932198
1"
#1393994698
0#
#1394000000
0!
#1394182197
0"
#1394432200
1"
#1394494700
1#
#1394682199
0"
#1394932198
1"
#1394994698
0#
#1395000000
1!
#1395182197
0"
#1395200000
0(
#1395432200
1"
#1395494700
1#
#1395517898
10
#1395574498
1.
#1395682199
0"
#1395932198
1"
#1395994698
0#
#1396000000
0!
#1396182197
0"
#1396230000
0-
#1396350000
1(
0/
#1396432200
1"
#1396494700
1#
#1396682199
0"
#1396932198
1"
#1396994698
0#
#1397000000
1!
#1397182197
0"
#1397200000
1-
#1397432200
1"
#1397494700
1#
#1397682199
0"
#1397767300
00
#1397824100
0.
#1397932198
1"
#1397994698
0#
#1398000000
0!
#1398182197
0"
#1398432200
1"
#1398494700
1#
#1398682199
0"
#1398932198
1"
#1398994698
0#
#1399000000
1!
#1399017900
10
#1399182197
0"
#1399200000
0(
1/
#1399432200
1"
#1399494700
1#
#1399574498
1.
#1399682199
0"
#1399932198
1"
#1399994698
0#
#1400000000
0!
#1400182197
0"
#1400430000
0-
#1400432200
1"
#1400494700
1#
#1400550000
1'
#1400682199
0"
#1400932198
1"
#1400994698
0#
#1401000000
1!
#1401182197
0"
#1401400000
1-
#1401432200
1"
#1401494700
1#
#1401682199
0"
#1401892300
01
#1401932198
1"
#1401994698
0#
#1402000000
0!
#1402182197
0"
#1402432200
1"
#1402494700
1#
#1402682199
0"
#1402932198
1"
#1402994698
0#
#1403000000
1!
#1403182197
0"
#1403432200
1"
#1403494700
1#
#1403682199
0"
#1403932198
1"
#1403994698
0#
#1404000000
0!
#1404182197
0"
#1404432200
1"
#1404494700
1#
#1404682199
0"
#1404932198
1"
#1404994698
0#
#1405000000
1!
#1405182197
0"
#1405432200
1"
#1405494700
1#
#1405682199
0"
#1405932198
1"
#1405994698
0#
#1406000000
0!
#1406182197
0"
#1406432200
1"
#1406494700
1#
#1406682199
0"
#1406932198
1"
#1406994698
0#
#1407000000
1!
#1407182197
0"
#1407331900
0.
#1407432200
1"
#1407494700
1#
#1407682199
0"
#1407932198
1"
#1407994698
0#
#1408000000
0!
#1408182197
0"
#1408432200
1"
#1408494700
1#
#1408682199
0"
#1408932198
1"
#1408994698
0#
#1409000000
1!
#1409182197
0"
#1409331900
1.
#1409347400
11
#1409432200
1"
#1409494700
1#
#1409682199
0"
#1409932198
1"
#1409994698
0#
#1410000000
0!
#1410182197
0"
#1410230000
0-
#1410350000
1(
0'
#1410432200
1"
#1410494700
1#
#1410682199
0"
#1410932198
1"
#1410994698
0#
#1411000000
1!
#1411182197
0"
#1411200000
1-
#1411432200
1"
#1411494700
1#
#1411682199
0"
#1411767300
00
#1411824100
0.
#1411932198
1"
#1411994698
0#
#1412000000
0!
#1412182197
0"
#1412432200
1"
#1412494700
1#
#1412682199
0"
#1412932198
1"
#1412994698
0#
#1413000000
1!
#1413182197
0"
#1413200000
0(
#1413432200
1"
#1413494700
1#
#1413517898
10
#1413574498
1.
#1413682199
0"
#1413932198
1"
#1413994698
0#
#1414000000
0!
#1414182197
0"
#1414230000
0-
#1414350000
1(
0/
#1414432200
1"
#1414494700
1#
#1414682199
0"
#1414932198
1"
#1414994698
0#
#1415000000
1!
#1415182197
0"
#1415200000
1-
#1415432200
1"
#1415494700
1#
#1415682199
0"
#1415767300
00
#1415824100
0.
#1415932198
1"
#1415994698
0#
#1416000000
0!
#1416182197
0"
#1416432200
1"
#1416494700
1#
#1416682199
0"
#1416932198
1"
#1416994698
0#
#1417000000
1!
#1417017900
10
#1417182197
0"
#1417200000
0(
1/
#1417432200
1"
#1417494700
1#
#1417574498
1.
#1417682199
0"
#1417932198
1"
#1417994698
0#
#1418000000
0!
#1418182197
0"
#1418230000
0-
#1418350000
1(
#1418432200
1"
#1418494700
1#
#1418682199
0"
#1418932198
1"
#1418994698
0#
#1419000000
1!
#1419182197
0"
#1419200000
1-
#1419432200
1"
#1419494700
1#
#1419682199
0"
#1419767300
00
#1419824100
0.
#1419932198
1"
#1419994698
0#
#1420000000
0!
#1420182197
0"
#1420432200
1"
#1420494700
1#
#1420682199
0"
#1420932198
1"
#1420994698
0#
#1421000000
1!
#1421182197
0"
#1421200000
0(
#1421432200
1"
#1421494700
1#
#1421517898
10
#1421574498
1.
#1421682199
0"
#1421932198
1"
#1421994698
0#
#1422000000
0!
#1422182197
0"
#1422230000
0-
#1422350000
1(
0/
#1422432200
1"
#1422494700
1#
#1422682199
0"
#1422932198
1"
#1422994698
0#
#1423000000
1!
#1423182197
0"
#1423200000
1-
#1423432200
1"
#1423494700
1#
#1423682199
0"
#1423767300
00
#1423824100
0.
#1423932198
1"
#1423994698
0#
#1424000000
0!
#1424182197
0"
#1424432200
1"
#1424494700
1#
#1424682199
0"
#1424932198
1"
#1424994698
0#
#1425000000
1!
#1425017900
10
#1425182197
0"
#1425200000
0(
1/
#1425432200
1"
#1425494700
1#
#1425574498
1.
#1425682199
0"
#1425932198
1"
#1425994698
0#
#1426000000
0!
#1426182197
0"
#1426230000
0-
#1426350000
1(
#1426432200
1"
#1426494700
1#
#1426682199
0"
#1426932198
1"
#1426994698
0#
#1427000000
1!
#1427182197
0"
#1427200000
1-
#1427432200
1"
#1427494700
1#
#1427682199
0"
#1427767300
00
#1427824100
0.
#1427932198
1"
#1427994698
0#
#1428000000
0!
#1428182197
0"
#1428432200
1"
#1428494700
1#
#1428682199
0"
#1428932198
1"
#1428994698
0#
#1429000000
1!
#1429182197
0"
#1429200000
0(
#1429432200
1"
#1429494700
1#
#1429517898
10
#1429574498
1.
#1429682199
0"
#1429932198
1"
#1429994698
0#
#1430000000
0!
#1430182197
0"
#1430230000
0-
#1430350000
1(
0/
#1430432200
1"
#1430494700
1#
#1430682199
0"
#1430932198
1"
#1430994698
0#
#1431000000
1!
#1431182197
0"
#1431200000
1-
#1431432200
1"
#1431494700
1#
#1431682199
0"
#1431767300
00
#1431824100
0.
#1431932198
1"
#1431994698
0#
#1432000000
0!
#1432182197
0"
#1432432200
1"
#1432494700
1#
#1432682199
0"
#1432932198
1"
#1432994698
0#
#1433000000
1!
#1433017900
10
#1433182197
0"
#1433200000
0(
1/
#1433432200
1"
#1433494700
1#
#1433574498
1.
#1433682199
0"
#1433932198
1"
#1433994698
0#
#1434000000
0!
#1434182197
0"
#1434230000
0-
#1434350000
1(
#1434432200
1"
#1434494700
1#
#1434682199
0"
#1434932198
1"
#1434994698
0#
#1435000000
1!
#1435182197
0"
#1435200000
1-
#1435432200
1"
#1435494700
1#
#1435682199
0"
#1435767300
00
#1435824100
0.
#1435932198
1"
#1435994698
0#
#1436000000
0!
#1436182197
0"
#1436432200
1"
#1436494700
1#
#1436682199
0"
#1436932198
1"
#1436994698
0#
#1437000000
1!
#1437182197
0"
#1437200000
0(
#1437432200
1"
#1437494700
1#
#1437517898
10
#1437574498
1.
#1437682199
0"
#1437932198
1"
#1437994698
0#
#1438000000
0!
#1438182197
0"
#1438230000
0-
#1438350000
1(
0/
#1438432200
1"
#1438494700
1#
#1438682199
0"
#1438932198
1"
#1438994698
0#
#1439000000
1!
#1439182197
0"
#1439200000
1-
#1439432200
1"
#1439494700
1#
#1439682199
0"
#1439767300
00
#1439824100
0.
#1439932198
1"
#1439994698
0#
#1440000000
0!
#1440182197
0"
#1440432200
1"
#1440494700
1#
#1440682199
0"
#1440932198
1"
#1440994698
0#
#1441000000
1!
#1441017900
10
#1441182197
0"
#1441200000
0(
1/
#1441432200
1"
#1441494700
1#
#1441574498
1.
#1441682199
0"
#1441932198
1"
#1441994698
0#
#1442000000
0!
#1442182197
0"
#1442430000
0-
#1442432200
1"
#1442494700
1#
#1442550000
1'
#1442682199
0"
#1442932198
1"
#1442994698
0#
#1443000000
1!
#1443182197
0"
#1443400000
1-
#1443432200
1"
#1443494700
1#
#1443682199
0"
#1443892300
01
#1443932198
1"
#1443994698
0#
#1444000000
0!
#1444182197
0"
#1444432200
1"
#1444494700
1#
#1444682199
0"
#1444932198
1"
#1444994698
0#
#1445000000
1!
#1445182197
0"
#1445432200
1"
#1445494700
1#
#1445682199
0"
#1445932198
1"
#1445994698
0#
#1446000000
0!
#1446182197
0"
#1446432200
1"
#1446494700
1#
#1446682199
0"
#1446932198
1"
#1446994698
0#
#1447000000
1!
#1447182197
0"
#1447432200
1"
#1447494700
1#
#1447682199
0"
#1447932198
1"
#1447994698
0#
#1448000000
0!
#1448182197
0"
#1448432200
1"
#1448494700
1#
#1448682199
0"
#1448932198
1"
#1448994698
0#
#1449000000
1!
#1449182197
0"
#1449331900
0.
#1449432200
1"
#1449494700
1#
#1449682199
0"
#1449932198
1"
#1449994698
0#
#1450000000
0!
#1450182197
0"
#1450432200
1"
#1450494700
1#
#1450682199
0"
#1450932198
1"
#1450994698
0#
#1451000000
1!
#1451182197
0"
#1451331900
1.
#1451347400
11
#1451432200
1"
#1451494700
1#
#1451682199
0"
#1451932198
1"
#1451994698
0#
#1452000000
0!
#1452182197
0"
#1452230000
0-
#1452350000
1(
0'
#1452432200
1"
#1452494700
1#
#1452682199
0"
#1452932198
1"
#1452994698
0#
#1453000000
1!
#1453182197
0"
#1453200000
1-
#1453432200
1"
#1453494700
1#
#1453682199
0"
#1453767300
00
#1453824100
0.
#1453932198
1"
#1453994698
0#
#1454000000
0!
#1454182197
0"
#1454432200
1"
#1454494700
1#
#1454682199
0"
#1454932198
1"
#1454994698
0#
#1455000000
1!
#1455182197
0"
#1455200000
0(
#1455432200
1"
#1455494700
1#
#1455517898
10
#1455574498
1.
#1455682199
0"
#1455932198
1"
#1455994698
0#
#1456000000
0!
#1456182197
0"
#1456230000
0-
#1456350000
1(
0/
#1456432200
1"
#1456494700
1#
#1456682199
0"
#1456932198
1"
#1456994698
0#
#1457000000
1!
#1457182197
0"
#1457200000
1-
#1457432200
1"
#1457494700
1#
#1457682199
0"
#1457767300
00
#1457824100
0.
#1457932198
1"
#1457994698
0#
#1458000000
0!
#1458182197
0"
#1458432200
1"
#1458494700
1#
#1458682199
0"
#1458932198
1"
#1458994698
0#
#1459000000
1!
#1459017900
10
#1459182197
0"
#1459200000
0(
1/
#1459432200
1"
#1459494700
1#
#1459574498
1.
#1459682199
0"
#1459932198
1"
#1459994698
0#
#1460000000
0!
#1460182197
0"
#1460230000
0-
#1460350000
1(
#1460432200
1"
#1460494700
1#
#1460682199
0"
#1460932198
1"
#1460994698
0#
#1461000000
1!
#1461182197
0"
#1461200000
1-
#1461432200
1"
#1461494700
1#
#1461682199
0"
#1461767300
00
#1461824100
0.
#1461932198
1"
#1461994698
0#
#1462000000
0!
#1462182197
0"
#1462432200
1"
#1462494700
1#
#1462682199
0"
#1462932198
1"
#1462994698
0#
#1463000000
1!
#1463182197
0"
#1463200000
0(
#1463432200
1"
#1463494700
1#
#1463517898
10
#1463574498
1.
#1463682199
0"
#1463932198
1"
#1463994698
0#
#1464000000
0!
#1464182197
0"
#1464230000
0-
#1464350000
1(
0/
#1464432200
1"
#1464494700
1#
#1464682199
0"
#1464932198
1"
#1464994698
0#
#1465000000
1!
#1465182197
0"
#1465200000
1-
#1465432200
1"
#1465494700
1#
#1465682199
0"
#1465767300
00
#1465824100
0.
#1465932198
1"
#1465994698
0#
#1466000000
0!
#1466182197
0"
#1466432200
1"
#1466494700
1#
#1466682199
0"
#1466932198
1"
#1466994698
0#
#1467000000
1!
#1467017900
10
#1467182197
0"
#1467200000
0(
1/
#1467432200
1"
#1467494700
1#
#1467574498
1.
#1467682199
0"
#1467932198
1"
#1467994698
0#
#1468000000
0!
#1468182197
0"
#1468230000
0-
#1468350000
1(
#1468432200
1"
#1468494700
1#
#1468682199
0"
#1468932198
1"
#1468994698
0#
#1469000000
1!
#1469182197
0"
#1469200000
1-
#1469432200
1"
#1469494700
1#
#1469682199
0"
#1469767300
00
#1469824100
0.
#1469932198
1"
#1469994698
0#
#1470000000
0!
#1470182197
0"
#1470432200
1"
#1470494700
1#
#1470682199
0"
#1470932198
1"
#1470994698
0#
#1471000000
1!
#1471182197
0"
#1471200000
0(
#1471432200
1"
#1471494700
1#
#1471517898
10
#1471574498
1.
#1471682199
0"
#1471932198
1"
#1471994698
0#
#1472000000
0!
#1472182197
0"
#1472230000
0-
#1472350000
1(
0/
#1472432200
1"
#1472494700
1#
#1472682199
0"
#1472932198
1"
#1472994698
0#
#1473000000
1!
#1473182197
0"
#1473200000
1-
#1473432200
1"
#1473494700
1#
#1473682199
0"
#1473767300
00
#1473824100
0.
#1473932198
1"
#1473994698
0#
#1474000000
0!
#1474182197
0"
#1474432200
1"
#1474494700
1#
#1474682199
0"
#1474932198
1"
#1474994698
0#
#1475000000
1!
#1475017900
10
#1475182197
0"
#1475200000
0(
1/
#1475432200
1"
#1475494700
1#
#1475574498
1.
#1475682199
0"
#1475932198
1"
#1475994698
0#
#1476000000
0!
#1476182197
0"
#1476230000
0-
#1476350000
1(
#1476432200
1"
#1476494700
1#
#1476682199
0"
#1476932198
1"
#1476994698
0#
#1477000000
1!
#1477182197
0"
#1477200000
1-
#1477432200
1"
#1477494700
1#
#1477682199
0"
#1477767300
00
#1477824100
0.
#1477932198
1"
#1477994698
0#
#1478000000
0!
#1478182197
0"
#1478432200
1"
#1478494700
1#
#1478682199
0"
#1478932198
1"
#1478994698
0#
#1479000000
1!
#1479182197
0"
#1479200000
0(
#1479432200
1"
#1479494700
1#
#1479517898
10
#1479574498
1.
#1479682199
0"
#1479932198
1"
#1479994698
0#
#1480000000
0!
#1480182197
0"
#1480230000
0-
#1480350000
1(
0/
#1480432200
1"
#1480494700
1#
#1480682199
0"
#1480932198
1"
#1480994698
0#
#1481000000
1!
#1481182197
0"
#1481200000
1-
#1481432200
1"
#1481494700
1#
#1481682199
0"
#1481767300
00
#1481824100
0.
#1481932198
1"
#1481994698
0#
#1482000000
0!
#1482182197
0"
#1482432200
1"
#1482494700
1#
#1482682199
0"
#1482932198
1"
#1482994698
0#
#1483000000
1!
#1483017900
10
#1483182197
0"
#1483200000
0(
1/
#1483432200
1"
#1483494700
1#
#1483574498
1.
#1483682199
0"
#1483932198
1"
#1483994698
0#
#1484000000
0!
#1484182197
0"
#1484430000
0-
#1484432200
1"
#1484494700
1#
#1484550000
1'
#1484682199
0"
#1484932198
1"
#1484994698
0#
#1485000000
1!
#1485182197
0"
#1485400000
1-
#1485432200
1"
#1485494700
1#
#1485682199
0"
#1485892300
01
#1485932198
1"
#1485994698
0#
#1486000000
0!
#1486182197
0"
#1486432200
1"
#1486494700
1#
#1486682199
0"
#1486932198
1"
#1486994698
0#
#1487000000
1!
#1487182197
0"
#1487432200
1"
#1487494700
1#
#1487682199
0"
#1487932198
1"
#1487994698
0#
#1488000000
0!
#1488182197
0"
#1488432200
1"
#1488494700
1#
#1488682199
0"
#1488932198
1"
#1488994698
0#
#1489000000
1!
#1489182197
0"
#1489432200
1"
#1489494700
1#
#1489682199
0"
#1489932198
1"
#1489994698
0#
#1490000000
0!
#1490182197
0"
#1490432200
1"
#1490494700
1#
#1490682199
0"
#1490932198
1"
#1490994698
0#
#1491000000
1!
#1491182197
0"
#1491331900
0.
#1491432200
1"
#1491494700
1#
#1491682199
0"
#1491932198
1"
#1491994698
0#
#1492000000
0!
#1492182197
0"
#1492432200
1"
#1492494700
1#
#1492682199
0"
#1492932198
1"
#1492994698
0#
#1493000000
1!
#1493182197
0"
#1493331900
1.
#1493347400
11
#1493432200
1"
#1493494700
1#
#1493682199
0"
#1493932198
1"
#1493994698
0#
#1494000000
0!
#1494182197
0"
#1494230000
0-
#1494350000
1(
0'
#1494432200
1"
#1494494700
1#
#1494682199
0"
#1494932198
1"
#1494994698
0#
#1495000000
1!
#1495182197
0"
#1495200000
1-
#1495432200
1"
#1495494700
1#
#1495682199
0"
#1495767300
00
#1495824100
0.
#1495932198
1"
#1495994698
0#
#1496000000
0!
#1496182197
0"
#1496432200
1"
#1496494700
1#
#1496682199
0"
#1496932198
1"
#1496994698
0#
#1497000000
1!
#1497182197
0"
#1497200000
0(
#1497432200
1"
#1497494700
1#
#1497517898
10
#1497574498
1.
#1497682199
0"
#1497932198
1"
#1497994698
0#
#1498000000
0!
#1498182197
0"
#1498230000
0-
#1498350000
1(
0/
#1498432200
1"
#1498494700
1#
#1498682199
0"
#1498932198
1"
#1498994698
0#
#1499000000
1!
#1499182197
0"
#1499200000
1-
#1499432200
1"
#1499494700
1#
#1499682199
0"
#1499767300
00
#1499824100
0.
#1499932198
1"
#1499994698
0#
#1500000000
0!
#1500182197
0"
#1500432200
1"
#1500494700
1#
#1500682199
0"
#1500932198
1"
#1500994698
0#
#1501000000
1!
#1501017900
10
#1501182197
0"
#1501200000
0(
1/
#1501432200
1"
#1501494700
1#
#1501574498
1.
#1501682199
0"
#1501932198
1"
#1501994698
0#
#1502000000
0!
#1502182197
0"
#1502230000
0-
#1502350000
1(
#1502432200
1"
#1502494700
1#
#1502682199
0"
#1502932198
1"
#1502994698
0#
#1503000000
1!
#1503182197
0"
#1503200000
1-
#1503432200
1"
#1503494700
1#
#1503682199
0"
#1503767300
00
#1503824100
0.
#1503932198
1"
#1503994698
0#
#1504000000
0!
#1504182197
0"
#1504432200
1"
#1504494700
1#
#1504682199
0"
#1504932198
1"
#1504994698
0#
#1505000000
1!
#1505182197
0"
#1505200000
0(
#1505432200
1"
#1505494700
1#
#1505517898
10
#1505574498
1.
#1505682199
0"
#1505932198
1"
#1505994698
0#
#1506000000
0!
#1506182197
0"
#1506230000
0-
#1506350000
1(
0/
#1506432200
1"
#1506494700
1#
#1506682199
0"
#1506932198
1"
#1506994698
0#
#1507000000
1!
#1507182197
0"
#1507200000
1-
#1507432200
1"
#1507494700
1#
#1507682199
0"
#1507767300
00
#1507824100
0.
#1507932198
1"
#1507994698
0#
#1508000000
0!
#1508182197
0"
#1508432200
1"
#1508494700
1#
#1508682199
0"
#1508932198
1"
#1508994698
0#
#1509000000
1!
#1509017900
10
#1509182197
0"
#1509200000
0(
1/
#1509432200
1"
#1509494700
1#
#1509574498
1.
#1509682199
0"
#1509932198
1"
#1509994698
0#
#1510000000
0!
#1510182197
0"
#1510230000
0-
#1510350000
1(
#1510432200
1"
#1510494700
1#
#1510682199
0"
#1510932198
1"
#1510994698
0#
#1511000000
1!
#1511182197
0"
#1511200000
1-
#1511432200
1"
#1511494700
1#
#1511682199
0"
#1511767300
00
#1511824100
0.
#1511932198
1"
#1511994698
0#
#1512000000
0!
#1512182197
0"
#1512432200
1"
#1512494700
1#
#1512682199
0"
#1512932198
1"
#1512994698
0#
#1513000000
1!
#1513182197
0"
#1513200000
0(
#1513432200
1"
#1513494700
1#
#1513517898
10
#1513574498
1.
#1513682199
0"
#1513932198
1"
#1513994698
0#
#1514000000
0!
#1514182197
0"
#1514230000
0-
#1514350000
1(
0/
#1514432200
1"
#1514494700
1#
#1514682199
0"
#1514932198
1"
#1514994698
0#
#1515000000
1!
#1515182197
0"
#1515200000
1-
#1515432200
1"
#1515494700
1#
#1515682199
0"
#1515767300
00
#1515824100
0.
#1515932198
1"
#1515994698
0#
#1516000000
0!
#1516182197
0"
#1516432200
1"
#1516494700
1#
#1516682199
0"
#1516932198
1"
#1516994698
0#
#1517000000
1!
#1517017900
10
#1517182197
0"
#1517200000
0(
1/
#1517432200
1"
#1517494700
1#
#1517574498
1.
#1517682199
0"
#1517932198
1"
#1517994698
0#
#1518000000
0!
#1518182197
0"
#1518230000
0-
#1518350000
1(
#1518432200
1"
#1518494700
1#
#1518682199
0"
#1518932198
1"
#1518994698
0#
#1519000000
1!
#1519182197
0"
#1519200000
1-
#1519432200
1"
#1519494700
1#
#1519682199
0"
#1519767300
00
#1519824100
0.
#1519932198
1"
#1519994698
0#
#1520000000
0!
#1520182197
0"
#1520432200
1"
#1520494700
1#
#1520682199
0"
#1520932198
1"
#1520994698
0#
#1521000000
1!
#1521182197
0"
#1521200000
0(
#1521432200
1"
#1521494700
1#
#1521517898
10
#1521574498
1.
#1521682199
0"
#1521932198
1"
#1521994698
0#
#1522000000
0!
#1522182197
0"
#1522230000
0-
#1522350000
1(
0/
#1522432200
1"
#1522494700
1#
#1522682199
0"
#1522932198
1"
#1522994698
0#
#1523000000
1!
#1523182197
0"
#1523200000
1-
#1523432200
1"
#1523494700
1#
#1523682199
0"
#1523767300
00
#1523824100
0.
#1523932198
1"
#1523994698
0#
#1524000000
0!
#1524182197
0"
#1524432200
1"
#1524494700
1#
#1524682199
0"
#1524932198
1"
#1524994698
0#
#1525000000
1!
#1525017900
10
#1525182197
0"
#1525200000
0(
1/
#1525432200
1"
#1525494700
1#
#1525574498
1.
#1525682199
0"
#1525932198
1"
#1525994698
0#
#1526000000
0!
#1526182197
0"
#1526430000
0-
#1526432200
1"
#1526494700
1#
#1526550000
1'
#1526682199
0"
#1526932198
1"
#1526994698
0#
#1527000000
1!
#1527182197
0"
#1527400000
1-
#1527432200
1"
#1527494700
1#
#1527682199
0"
#1527892300
01
#1527932198
1"
#1527994698
0#
#1528000000
0!
#1528182197
0"
#1528432200
1"
#1528494700
1#
#1528682199
0"
#1528932198
1"
#1528994698
0#
#1529000000
1!
#1529182197
0"
#1529432200
1"
#1529494700
1#
#1529682199
0"
#1529932198
1"
#1529994698
0#
#1530000000
0!
#1530182197
0"
#1530432200
1"
#1530494700
1#
#1530682199
0"
#1530932198
1"
#1530994698
0#
#1531000000
1!
#1531182197
0"
#1531432200
1"
#1531494700
1#
#1531682199
0"
#1531932198
1"
#1531994698
0#
#1532000000
0!
#1532182197
0"
#1532432200
1"
#1532494700
1#
#1532682199
0"
#1532932198
1"
#1532994698
0#
#1533000000
1!
#1533182197
0"
#1533331900
0.
#1533432200
1"
#1533494700
1#
#1533682199
0"
#1533932198
1"
#1533994698
0#
#1534000000
0!
#1534182197
0"
#1534432200
1"
#1534494700
1#
#1534682199
0"
#1534932198
1"
#1534994698
0#
#1535000000
1!
#1535182197
0"
#1535331900
1.
#1535347400
11
#1535432200
1"
#1535494700
1#
#1535682199
0"
#1535932198
1"
#1535994698
0#
#1536000000
0!
#1536182197
0"
#1536230000
0-
#1536350000
1(
0'
#1536432200
1"
#1536494700
1#
#1536682199
0"
#1536932198
1"
#1536994698
0#
#1537000000
1!
#1537182197
0"
#1537200000
1-
#1537432200
1"
#1537494700
1#
#1537682199
0"
#1537767300
00
#1537824100
0.
#1537932198
1"
#1537994698
0#
#1538000000
0!
#1538182197
0"
#1538432200
1"
#1538494700
1#
#1538682199
0"
#1538932198
1"
#1538994698
0#
#1539000000
1!
#1539182197
0"
#1539200000
0(
#1539432200
1"
#1539494700
1#
#1539517898
10
#1539574498
1.
#1539682199
0"
#1539932198
1"
#1539994698
0#
#1540000000
0!
#1540182197
0"
#1540230000
0-
#1540350000
1(
0/
#1540432200
1"
#1540494700
1#
#1540682199
0"
#1540932198
1"
#1540994698
0#
#1541000000
1!
#1541182197
0"
#1541200000
1-
#1541432200
1"
#1541494700
1#
#1541682199
0"
#1541767300
00
#1541824100
0.
#1541932198
1"
#1541994698
0#
#1542000000
0!
#1542182197
0"
#1542432200
1"
#1542494700
1#
#1542682199
0"
#1542932198
1"
#1542994698
0#
#1543000000
1!
#1543017900
10
#1543182197
0"
#1543200000
0(
1/
#1543432200
1"
#1543494700
1#
#1543574498
1.
#1543682199
0"
#1543932198
1"
#1543994698
0#
#1544000000
0!
#1544182197
0"
#1544230000
0-
#1544350000
1(
#1544432200
1"
#1544494700
1#
#1544682199
0"
#1544932198
1"
#1544994698
0#
#1545000000
1!
#1545182197
0"
#1545200000
1-
#1545432200
1"
#1545494700
1#
#1545682199
0"
#1545767300
00
#1545824100
0.
#1545932198
1"
#1545994698
0#
#1546000000
0!
#1546182197
0"
#1546432200
1"
#1546494700
1#
#1546682199
0"
#1546932198
1"
#1546994698
0#
#1547000000
1!
#1547182197
0"
#1547200000
0(
#1547432200
1"
#1547494700
1#
#1547517898
10
#1547574498
1.
#1547682199
0"
#1547932198
1"
#1547994698
0#
#1548000000
0!
#1548182197
0"
#1548230000
0-
#1548350000
1(
0/
#1548432200
1"
#1548494700
1#
#1548682199
0"
#1548932198
1"
#1548994698
0#
#1549000000
1!
#1549182197
0"
#1549200000
1-
#1549432200
1"
#1549494700
1#
#1549682199
0"
#1549767300
00
#1549824100
0.
#1549932198
1"
#1549994698
0#
#1550000000
0!
#1550182197
0"
#1550432200
1"
#1550494700
1#
#1550682199
0"
#1550932198
1"
#1550994698
0#
#1551000000
1!
#1551017900
10
#1551182197
0"
#1551200000
0(
1/
#1551432200
1"
#1551494700
1#
#1551574498
1.
#1551682199
0"
#1551932198
1"
#1551994698
0#
#1552000000
0!
#1552182197
0"
#1552230000
0-
#1552350000
1(
#1552432200
1"
#1552494700
1#
#1552682199
0"
#1552932198
1"
#1552994698
0#
#1553000000
1!
#1553182197
0"
#1553200000
1-
#1553432200
1"
#1553494700
1#
#1553682199
0"
#1553767300
00
#1553824100
0.
#1553932198
1"
#1553994698
0#
#1554000000
0!
#1554182197
0"
#1554432200
1"
#1554494700
1#
#1554682199
0"
#1554932198
1"
#1554994698
0#
#1555000000
1!
#1555182197
0"
#1555200000
0(
#1555432200
1"
#1555494700
1#
#1555517898
10
#1555574498
1.
#1555682199
0"
#1555932198
1"
#1555994698
0#
#1556000000
0!
#1556182197
0"
#1556230000
0-
#1556350000
1(
0/
#1556432200
1"
#1556494700
1#
#1556682199
0"
#1556932198
1"
#1556994698
0#
#1557000000
1!
#1557182197
0"
#1557200000
1-
#1557432200
1"
#1557494700
1#
#1557682199
0"
#1557767300
00
#1557824100
0.
#1557932198
1"
#1557994698
0#
#1558000000
0!
#1558182197
0"
#1558432200
1"
#1558494700
1#
#1558682199
0"
#1558932198
1"
#1558994698
0#
#1559000000
1!
#1559017900
10
#1559182197
0"
#1559200000
0(
1/
#1559432200
1"
#1559494700
1#
#1559574498
1.
#1559682199
0"
#1559932198
1"
#1559994698
0#
#1560000000
0!
#1560182197
0"
#1560230000
0-
#1560350000
1(
#1560432200
1"
#1560494700
1#
#1560682199
0"
#1560932198
1"
#1560994698
0#
#1561000000
1!
#1561182197
0"
#1561200000
1-
#1561432200
1"
#1561494700
1#
#1561682199
0"
#1561767300
00
#1561824100
0.
#1561932198
1"
#1561994698
0#
#1562000000
0!
#1562182197
0"
#1562432200
1"
#1562494700
1#
#1562682199
0"
#1562932198
1"
#1562994698
0#
#1563000000
1!
#1563182197
0"
#1563200000
0(
#1563432200
1"
#1563494700
1#
#1563517898
10
#1563574498
1.
#1563682199
0"
#1563932198
1"
#1563994698
0#
#1564000000
0!
#1564182197
0"
#1564230000
0-
#1564350000
1(
0/
#1564432200
1"
#1564494700
1#
#1564682199
0"
#1564932198
1"
#1564994698
0#
#1565000000
1!
#1565182197
0"
#1565200000
1-
#1565432200
1"
#1565494700
1#
#1565682199
0"
#1565767300
00
#1565824100
0.
#1565932198
1"
#1565994698
0#
#1566000000
0!
#1566182197
0"
#1566432200
1"
#1566494700
1#
#1566682199
0"
#1566932198
1"
#1566994698
0#
#1567000000
1!
#1567017900
10
#1567182197
0"
#1567200000
0(
1/
#1567432200
1"
#1567494700
1#
#1567574498
1.
#1567682199
0"
#1567932198
1"
#1567994698
0#
#1568000000
0!
#1568182197
0"
#1568430000
0-
#1568432200
1"
#1568494700
1#
#1568550000
1'
#1568682199
0"
#1568932198
1"
#1568994698
0#
#1569000000
1!
#1569182197
0"
#1569400000
1-
#1569432200
1"
#1569494700
1#
#1569682199
0"
#1569892300
01
#1569932198
1"
#1569994698
0#
#1570000000
0!
#1570182197
0"
#1570432200
1"
#1570494700
1#
#1570682199
0"
#1570932198
1"
#1570994698
0#
#1571000000
1!
#1571182197
0"
#1571432200
1"
#1571494700
1#
#1571682199
0"
#1571932198
1"
#1571994698
0#
#1572000000
0!
#1572182197
0"
#1572432200
1"
#1572494700
1#
#1572682199
0"
#1572932198
1"
#1572994698
0#
#1573000000
1!
#1573182197
0"
#1573432200
1"
#1573494700
1#
#1573682199
0"
#1573932198
1"
#1573994698
0#
#1574000000
0!
#1574182197
0"
#1574432200
1"
#1574494700
1#
#1574682199
0"
#1574932198
1"
#1574994698
0#
#1575000000
1!
#1575182197
0"
#1575331900
0.
#1575432200
1"
#1575494700
1#
#1575682199
0"
#1575932198
1"
#1575994698
0#
#1576000000
0!
#1576182197
0"
#1576432200
1"
#1576494700
1#
#1576682199
0"
#1576932198
1"
#1576994698
0#
#1577000000
1!
#1577182197
0"
#1577331900
1.
#1577347400
11
#1577432200
1"
#1577494700
1#
#1577682199
0"
#1577932198
1"
#1577994698
0#
#1578000000
0!
#1578182197
0"
#1578230000
0-
#1578350000
1(
0'
#1578432200
1"
#1578494700
1#
#1578682199
0"
#1578932198
1"
#1578994698
0#
#1579000000
1!
#1579182197
0"
#1579200000
1-
#1579432200
1"
#1579494700
1#
#1579682199
0"
#1579767300
00
#1579824100
0.
#1579932198
1"
#1579994698
0#
#1580000000
0!
#1580182197
0"
#1580432200
1"
#1580494700
1#
#1580682199
0"
#1580932198
1"
#1580994698
0#
#1581000000
1!
#1581182197
0"
#1581200000
0(
#1581432200
1"
#1581494700
1#
#1581517898
10
#1581574498
1.
#1581682199
0"
#1581932198
1"
#1581994698
0#
#1582000000
0!
#1582182197
0"
#1582230000
0-
#1582350000
1(
0/
#1582432200
1"
#1582494700
1#
#1582682199
0"
#1582932198
1"
#1582994698
0#
#1583000000
1!
#1583182197
0"
#1583200000
1-
#1583432200
1"
#1583494700
1#
#1583682199
0"
#1583767300
00
#1583824100
0.
#1583932198
1"
#1583994698
0#
#1584000000
0!
#1584182197
0"
#1584432200
1"
#1584494700
1#
#1584682199
0"
#1584932198
1"
#1584994698
0#
#1585000000
1!
#1585017900
10
#1585182197
0"
#1585200000
0(
1/
#1585432200
1"
#1585494700
1#
#1585574498
1.
#1585682199
0"
#1585932198
1"
#1585994698
0#
#1586000000
0!
#1586182197
0"
#1586230000
0-
#1586350000
1(
#1586432200
1"
#1586494700
1#
#1586682199
0"
#1586932198
1"
#1586994698
0#
#1587000000
1!
#1587182197
0"
#1587200000
1-
#1587432200
1"
#1587494700
1#
#1587682199
0"
#1587767300
00
#1587824100
0.
#1587932198
1"
#1587994698
0#
#1588000000
0!
#1588182197
0"
#1588432200
1"
#1588494700
1#
#1588682199
0"
#1588932198
1"
#1588994698
0#
#1589000000
1!
#1589182197
0"
#1589200000
0(
#1589432200
1"
#1589494700
1#
#1589517898
10
#1589574498
1.
#1589682199
0"
#1589932198
1"
#1589994698
0#
#1590000000
0!
#1590182197
0"
#1590230000
0-
#1590350000
1(
0/
#1590432200
1"
#1590494700
1#
#1590682199
0"
#1590932198
1"
#1590994698
0#
#1591000000
1!
#1591182197
0"
#1591200000
1-
#1591432200
1"
#1591494700
1#
#1591682199
0"
#1591767300
00
#1591824100
0.
#1591932198
1"
#1591994698
0#
#1592000000
0!
#1592182197
0"
#1592432200
1"
#1592494700
1#
#1592682199
0"
#1592932198
1"
#1592994698
0#
#1593000000
1!
#1593017900
10
#1593182197
0"
#1593200000
0(
1/
#1593432200
1"
#1593494700
1#
#1593574498
1.
#1593682199
0"
#1593932198
1"
#1593994698
0#
#1594000000
0!
#1594182197
0"
#1594230000
0-
#1594350000
1(
#1594432200
1"
#1594494700
1#
#1594682199
0"
#1594932198
1"
#1594994698
0#
#1595000000
1!
#1595182197
0"
#1595200000
1-
#1595432200
1"
#1595494700
1#
#1595682199
0"
#1595767300
00
#1595824100
0.
#1595932198
1"
#1595994698
0#
#1596000000
0!
#1596182197
0"
#1596432200
1"
#1596494700
1#
#1596682199
0"
#1596932198
1"
#1596994698
0#
#1597000000
1!
#1597182197
0"
#1597200000
0(
#1597432200
1"
#1597494700
1#
#1597517898
10
#1597574498
1.
#1597682199
0"
#1597932198
1"
#1597994698
0#
#1598000000
0!
#1598182197
0"
#1598230000
0-
#1598350000
1(
0/
#1598432200
1"
#1598494700
1#
#1598682199
0"
#1598932198
1"
#1598994698
0#
#1599000000
1!
#1599182197
0"
#1599200000
1-
#1599432200
1"
#1599494700
1#
#1599682199
0"
#1599767300
00
#1599824100
0.
#1599932198
1"
#1599994698
0#
#1600000000
0!
#1600182197
0"
#1600432200
1"
#1600494700
1#
#1600682199
0"
#1600932198
1"
#1600994698
0#
#1601000000
1!
#1601017900
10
#1601182197
0"
#1601200000
0(
1/
#1601432200
1"
#1601494700
1#
#1601574498
1.
#1601682199
0"
#1601932198
1"
#1601994698
0#
#1602000000
0!
#1602182197
0"
#1602230000
0-
#1602350000
1(
#1602432200
1"
#1602494700
1#
#1602682199
0"
#1602932198
1"
#1602994698
0#
#1603000000
1!
#1603182197
0"
#1603200000
1-
#1603432200
1"
#1603494700
1#
#1603682199
0"
#1603767300
00
#1603824100
0.
#1603932198
1"
#1603994698
0#
#1604000000
0!
#1604182197
0"
#1604432200
1"
#1604494700
1#
#1604682199
0"
#1604932198
1"
#1604994698
0#
#1605000000
1!
#1605182197
0"
#1605200000
0(
#1605432200
1"
#1605494700
1#
#1605517898
10
#1605574498
1.
#1605682199
0"
#1605932198
1"
#1605994698
0#
#1606000000
0!
#1606182197
0"
#1606230000
0-
#1606350000
1(
0/
#1606432200
1"
#1606494700
1#
#1606682199
0"
#1606932198
1"
#1606994698
0#
#1607000000
1!
#1607182197
0"
#1607200000
1-
#1607432200
1"
#1607494700
1#
#1607682199
0"
#1607767300
00
#1607824100
0.
#1607932198
1"
#1607994698
0#
#1608000000
0!
#1608182197
0"
#1608432200
1"
#1608494700
1#
#1608682199
0"
#1608932198
1"
#1608994698
0#
#1609000000
1!
#1609017900
10
#1609182197
0"
#1609200000
0(
1/
#1609432200
1"
#1609494700
1#
#1609574498
1.
#1609682199
0"
#1609932198
1"
#1609994698
0#
#1610000000
0!
#1610182197
0"
#1610430000
0-
#1610432200
1"
#1610494700
1#
#1610550000
1'
#1610682199
0"
#1610932198
1"
#1610994698
0#
#1611000000
1!
#1611182197
0"
#1611400000
1-
#1611432200
1"
#1611494700
1#
#1611682199
0"
#1611892300
01
#1611932198
1"
#1611994698
0#
#1612000000
0!
#1612182197
0"
#1612432200
1"
#1612494700
1#
#1612682199
0"
#1612932198
1"
#1612994698
0#
#1613000000
1!
#1613182197
0"
#1613432200
1"
#1613494700
1#
#1613682199
0"
#1613932198
1"
#1613994698
0#
#1614000000
0!
#1614182197
0"
#1614432200
1"
#1614494700
1#
#1614682199
0"
#1614932198
1"
#1614994698
0#
#1615000000
1!
#1615182197
0"
#1615432200
1"
#1615494700
1#
#1615682199
0"
#1615932198
1"
#1615994698
0#
#1616000000
0!
#1616182197
0"
#1616432200
1"
#1616494700
1#
#1616682199
0"
#1616932198
1"
#1616994698
0#
#1617000000
1!
#1617182197
0"
#1617331900
0.
#1617432200
1"
#1617494700
1#
#1617682199
0"
#1617932198
1"
#1617994698
0#
#1618000000
0!
#1618182197
0"
#1618432200
1"
#1618494700
1#
#1618682199
0"
#1618932198
1"
#1618994698
0#
#1619000000
1!
#1619182197
0"
#1619331900
1.
#1619347400
11
#1619432200
1"
#1619494700
1#
#1619682199
0"
#1619932198
1"
#1619994698
0#
#1620000000
0!
#1620182197
0"
#1620230000
0-
#1620350000
1(
0'
#1620432200
1"
#1620494700
1#
#1620682199
0"
#1620932198
1"
#1620994698
0#
#1621000000
1!
#1621182197
0"
#1621200000
1-
#1621432200
1"
#1621494700
1#
#1621682199
0"
#1621767300
00
#1621824100
0.
#1621932198
1"
#1621994698
0#
#1622000000
0!
#1622182197
0"
#1622432200
1"
#1622494700
1#
#1622682199
0"
#1622932198
1"
#1622994698
0#
#1623000000
1!
#1623182197
0"
#1623200000
0(
#1623432200
1"
#1623494700
1#
#1623517898
10
#1623574498
1.
#1623682199
0"
#1623932198
1"
#1623994698
0#
#1624000000
0!
#1624182197
0"
#1624230000
0-
#1624350000
1(
0/
#1624432200
1"
#1624494700
1#
#1624682199
0"
#1624932198
1"
#1624994698
0#
#1625000000
1!
#1625182197
0"
#1625200000
1-
#1625432200
1"
#1625494700
1#
#1625682199
0"
#1625767300
00
#1625824100
0.
#1625932198
1"
#1625994698
0#
#1626000000
0!
#1626182197
0"
#1626432200
1"
#1626494700
1#
#1626682199
0"
#1626932198
1"
#1626994698
0#
#1627000000
1!
#1627017900
10
#1627182197
0"
#1627200000
0(
1/
#1627432200
1"
#1627494700
1#
#1627574498
1.
#1627682199
0"
#1627932198
1"
#1627994698
0#
#1628000000
0!
#1628182197
0"
#1628230000
0-
#1628350000
1(
#1628432200
1"
#1628494700
1#
#1628682199
0"
#1628932198
1"
#1628994698
0#
#1629000000
1!
#1629182197
0"
#1629200000
1-
#1629432200
1"
#1629494700
1#
#1629682199
0"
#1629767300
00
#1629824100
0.
#1629932198
1"
#1629994698
0#
#1630000000
0!
#1630182197
0"
#1630432200
1"
#1630494700
1#
#1630682199
0"
#1630932198
1"
#1630994698
0#
#1631000000
1!
#1631182197
0"
#1631200000
0(
#1631432200
1"
#1631494700
1#
#1631517898
10
#1631574498
1.
#1631682199
0"
#1631932198
1"
#1631994698
0#
#1632000000
0!
#1632182197
0"
#1632230000
0-
#1632350000
1(
0/
#1632432200
1"
#1632494700
1#
#1632682199
0"
#1632932198
1"
#1632994698
0#
#1633000000
1!
#1633182197
0"
#1633200000
1-
#1633432200
1"
#1633494700
1#
#1633682199
0"
#1633767300
00
#1633824100
0.
#1633932198
1"
#1633994698
0#
#1634000000
0!
#1634182197
0"
#1634432200
1"
#1634494700
1#
#1634682199
0"
#1634932198
1"
#1634994698
0#
#1635000000
1!
#1635017900
10
#1635182197
0"
#1635200000
0(
1/
#1635432200
1"
#1635494700
1#
#1635574498
1.
#1635682199
0"
#1635932198
1"
#1635994698
0#
#1636000000
0!
#1636182197
0"
#1636230000
0-
#1636350000
1(
#1636432200
1"
#1636494700
1#
#1636682199
0"
#1636932198
1"
#1636994698
0#
#1637000000
1!
#1637182197
0"
#1637200000
1-
#1637432200
1"
#1637494700
1#
#1637682199
0"
#1637767300
00
#1637824100
0.
#1637932198
1"
#1637994698
0#
#1638000000
0!
#1638182197
0"
#1638432200
1"
#1638494700
1#
#1638682199
0"
#1638932198
1"
#1638994698
0#
#1639000000
1!
#1639182197
0"
#1639200000
0(
#1639432200
1"
#1639494700
1#
#1639517898
10
#1639574498
1.
#1639682199
0"
#1639932198
1"
#1639994698
0#
#1640000000
0!
#1640182197
0"
#1640230000
0-
#1640350000
1(
0/
#1640432200
1"
#1640494700
1#
#1640682199
0"
#1640932198
1"
#1640994698
0#
#1641000000
1!
#1641182197
0"
#1641200000
1-
#1641432200
1"
#1641494700
1#
#1641682199
0"
#1641767300
00
#1641824100
0.
#1641932198
1"
#1641994698
0#
#1642000000
0!
#1642182197
0"
#1642432200
1"
#1642494700
1#
#1642682199
0"
#1642932198
1"
#1642994698
0#
#1643000000
1!
#1643017900
10
#1643182197
0"
#1643200000
0(
1/
#1643432200
1"
#1643494700
1#
#1643574498
1.
#1643682199
0"
#1643932198
1"
#1643994698
0#
#1644000000
0!
#1644182197
0"
#1644230000
0-
#1644350000
1(
#1644432200
1"
#1644494700
1#
#1644682199
0"
#1644932198
1"
#1644994698
0#
#1645000000
1!
#1645182197
0"
#1645200000
1-
#1645432200
1"
#1645494700
1#
#1645682199
0"
#1645767300
00
#1645824100
0.
#1645932198
1"
#1645994698
0#
#1646000000
0!
#1646182197
0"
#1646432200
1"
#1646494700
1#
#1646682199
0"
#1646932198
1"
#1646994698
0#
#1647000000
1!
#1647182197
0"
#1647200000
0(
#1647432200
1"
#1647494700
1#
#1647517898
10
#1647574498
1.
#1647682199
0"
#1647932198
1"
#1647994698
0#
#1648000000
0!
#1648182197
0"
#1648230000
0-
#1648350000
1(
0/
#1648432200
1"
#1648494700
1#
#1648682199
0"
#1648932198
1"
#1648994698
0#
#1649000000
1!
#1649182197
0"
#1649200000
1-
#1649432200
1"
#1649494700
1#
#1649682199
0"
#1649767300
00
#1649824100
0.
#1649932198
1"
#1649994698
0#
#1650000000
0!
#1650182197
0"
#1650432200
1"
#1650494700
1#
#1650682199
0"
#1650932198
1"
#1650994698
0#
#1651000000
1!
#1651017900
10
#1651182197
0"
#1651200000
0(
1/
#1651432200
1"
#1651494700
1#
#1651574498
1.
#1651682199
0"
#1651932198
1"
#1651994698
0#
#1652000000
0!
#1652182197
0"
#1652430000
0-
#1652432200
1"
#1652494700
1#
#1652550000
1'
#1652682199
0"
#1652932198
1"
#1652994698
0#
#1653000000
1!
#1653182197
0"
#1653400000
1-
#1653432200
1"
#1653494700
1#
#1653682199
0"
#1653892300
01
#1653932198
1"
#1653994698
0#
#1654000000
0!
#1654182197
0"
#1654432200
1"
#1654494700
1#
#1654682199
0"
#1654932198
1"
#1654994698
0#
#1655000000
1!
#1655182197
0"
#1655432200
1"
#1655494700
1#
#1655682199
0"
#1655932198
1"
#1655994698
0#
#1656000000
0!
#1656182197
0"
#1656432200
1"
#1656494700
1#
#1656682199
0"
#1656932198
1"
#1656994698
0#
#1657000000
1!
#1657182197
0"
#1657432200
1"
#1657494700
1#
#1657682199
0"
#1657932198
1"
#1657994698
0#
#1658000000
0!
#1658182197
0"
#1658432200
1"
#1658494700
1#
#1658682199
0"
#1658932198
1"
#1658994698
0#
#1659000000
1!
#1659182197
0"
#1659331900
0.
#1659432200
1"
#1659494700
1#
#1659682199
0"
#1659932198
1"
#1659994698
0#
#1660000000
0!
#1660182197
0"
#1660432200
1"
#1660494700
1#
#1660682199
0"
#1660932198
1"
#1660994698
0#
#1661000000
1!
#1661182197
0"
#1661331900
1.
#1661347400
11
#1661432200
1"
#1661494700
1#
#1661682199
0"
#1661932198
1"
#1661994698
0#
#1662000000
0!
#1662182197
0"
#1662230000
0-
#1662350000
1(
0'
#1662432200
1"
#1662494700
1#
#1662682199
0"
#1662932198
1"
#1662994698
0#
#1663000000
1!
#1663182197
0"
#1663200000
1-
#1663432200
1"
#1663494700
1#
#1663682199
0"
#1663767300
00
#1663824100
0.
#1663932198
1"
#1663994698
0#
#1664000000
0!
#1664182197
0"
#1664432200
1"
#1664494700
1#
#1664682199
0"
#1664932198
1"
#1664994698
0#
#1665000000
1!
#1665182197
0"
#1665200000
0(
#1665432200
1"
#1665494700
1#
#1665517898
10
#1665574498
1.
#1665682199
0"
#1665932198
1"
#1665994698
0#
#1666000000
0!
#1666182197
0"
#1666230000
0-
#1666350000
1(
0/
#1666432200
1"
#1666494700
1#
#1666682199
0"
#1666932198
1"
#1666994698
0#
#1667000000
1!
#1667182197
0"
#1667200000
1-
#1667432200
1"
#1667494700
1#
#1667682199
0"
#1667767300
00
#1667824100
0.
#1667932198
1"
#1667994698
0#
#1668000000
0!
#1668182197
0"
#1668432200
1"
#1668494700
1#
#1668682199
0"
#1668932198
1"
#1668994698
0#
#1669000000
1!
#1669017900
10
#1669182197
0"
#1669200000
0(
1/
#1669432200
1"
#1669494700
1#
#1669574498
1.
#1669682199
0"
#1669932198
1"
#1669994698
0#
#1670000000
0!
#1670182197
0"
#1670230000
0-
#1670350000
1(
#1670432200
1"
#1670494700
1#
#1670682199
0"
#1670932198
1"
#1670994698
0#
#1671000000
1!
#1671182197
0"
#1671200000
1-
#1671432200
1"
#1671494700
1#
#1671682199
0"
#1671767300
00
#1671824100
0.
#1671932198
1"
#1671994698
0#
#1672000000
0!
#1672182197
0"
#1672432200
1"
#1672494700
1#
#1672682199
0"
#1672932198
1"
#1672994698
0#
#1673000000
1!
#1673182197
0"
#1673200000
0(
#1673432200
1"
#1673494700
1#
#1673517898
10
#1673574498
1.
#1673682199
0"
#1673932198
1"
#1673994698
0#
#1674000000
0!
#1674182197
0"
#1674230000
0-
#1674350000
1(
0/
#1674432200
1"
#1674494700
1#
#1674682199
0"
#1674932198
1"
#1674994698
0#
#1675000000
1!
#1675182197
0"
#1675200000
1-
#1675432200
1"
#1675494700
1#
#1675682199
0"
#1675767300
00
#1675824100
0.
#1675932198
1"
#1675994698
0#
#1676000000
0!
#1676182197
0"
#1676432200
1"
#1676494700
1#
#1676682199
0"
#1676932198
1"
#1676994698
0#
#1677000000
1!
#1677017900
10
#1677182197
0"
#1677200000
0(
1/
#1677432200
1"
#1677494700
1#
#1677574498
1.
#1677682199
0"
#1677932198
1"
#1677994698
0#
#1678000000
0!
#1678182197
0"
#1678230000
0-
#1678350000
1(
#1678432200
1"
#1678494700
1#
#1678682199
0"
#1678932198
1"
#1678994698
0#
#1679000000
1!
#1679182197
0"
#1679200000
1-
#1679432200
1"
#1679494700
1#
#1679682199
0"
#1679767300
00
#1679824100
0.
#1679932198
1"
#1679994698
0#
#1680000000
0!
#1680182197
0"
#1680432200
1"
#1680494700
1#
#1680682199
0"
#1680932198
1"
#1680994698
0#
#1681000000
1!
#1681182197
0"
#1681200000
0(
#1681432200
1"
#1681494700
1#
#1681517898
10
#1681574498
1.
#1681682199
0"
#1681932198
1"
#1681994698
0#
#1682000000
0!
#1682182197
0"
#1682230000
0-
#1682350000
1(
0/
#1682432200
1"
#1682494700
1#
#1682682199
0"
#1682932198
1"
#1682994698
0#
#1683000000
1!
#1683182197
0"
#1683200000
1-
#1683432200
1"
#1683494700
1#
#1683682199
0"
#1683767300
00
#1683824100
0.
#1683932198
1"
#1683994698
0#
#1684000000
0!
#1684182197
0"
#1684432200
1"
#1684494700
1#
#1684682199
0"
#1684932198
1"
#1684994698
0#
#1685000000
1!
#1685017900
10
#1685182197
0"
#1685200000
0(
1/
#1685432200
1"
#1685494700
1#
#1685574498
1.
#1685682199
0"
#1685932198
1"
#1685994698
0#
#1686000000
0!
#1686182197
0"
#1686230000
0-
#1686350000
1(
#1686432200
1"
#1686494700
1#
#1686682199
0"
#1686932198
1"
#1686994698
0#
#1687000000
1!
#1687182197
0"
#1687200000
1-
#1687432200
1"
#1687494700
1#
#1687682199
0"
#1687767300
00
#1687824100
0.
#1687932198
1"
#1687994698
0#
#1688000000
0!
#1688182197
0"
#1688432200
1"
#1688494700
1#
#1688682199
0"
#1688932198
1"
#1688994698
0#
#1689000000
1!
#1689182197
0"
#1689200000
0(
#1689432200
1"
#1689494700
1#
#1689517898
10
#1689574498
1.
#1689682199
0"
#1689932198
1"
#1689994698
0#
#1690000000
0!
#1690182197
0"
#1690230000
0-
#1690350000
1(
0/
#1690432200
1"
#1690494700
1#
#1690682199
0"
#1690932198
1"
#1690994698
0#
#1691000000
1!
#1691182197
0"
#1691200000
1-
#1691432200
1"
#1691494700
1#
#1691682199
0"
#1691767300
00
#1691824100
0.
#1691932198
1"
#1691994698
0#
#1692000000
0!
#1692182197
0"
#1692432200
1"
#1692494700
1#
#1692682199
0"
#1692932198
1"
#1692994698
0#
#1693000000
1!
#1693017900
10
#1693182197
0"
#1693200000
0(
1/
#1693432200
1"
#1693494700
1#
#1693574498
1.
#1693682199
0"
#1693932198
1"
#1693994698
0#
#1694000000
0!
#1694182197
0"
#1694430000
0-
#1694432200
1"
#1694494700
1#
#1694550000
1'
#1694682199
0"
#1694932198
1"
#1694994698
0#
#1695000000
1!
#1695182197
0"
#1695400000
1-
#1695432200
1"
#1695494700
1#
#1695682199
0"
#1695892300
01
#1695932198
1"
#1695994698
0#
#1696000000
0!
#1696182197
0"
#1696432200
1"
#1696494700
1#
#1696682199
0"
#1696932198
1"
#1696994698
0#
#1697000000
1!
#1697182197
0"
#1697432200
1"
#1697494700
1#
#1697682199
0"
#1697932198
1"
#1697994698
0#
#1698000000
0!
#1698182197
0"
#1698432200
1"
#1698494700
1#
#1698682199
0"
#1698932198
1"
#1698994698
0#
#1699000000
1!
#1699182197
0"
#1699432200
1"
#1699494700
1#
#1699682199
0"
#1699932198
1"
#1699994698
0#
#1700000000
0!
#1700182197
0"
#1700432200
1"
#1700494700
1#
#1700682199
0"
#1700932198
1"
#1700994698
0#
#1701000000
1!
#1701182197
0"
#1701331900
0.
#1701432200
1"
#1701494700
1#
#1701682199
0"
#1701932198
1"
#1701994698
0#
#1702000000
0!
#1702182197
0"
#1702432200
1"
#1702494700
1#
#1702682199
0"
#1702932198
1"
#1702994698
0#
#1703000000
1!
#1703182197
0"
#1703331900
1.
#1703347400
11
#1703432200
1"
#1703494700
1#
#1703682199
0"
#1703932198
1"
#1703994698
0#
#1704000000
0!
#1704182197
0"
#1704230000
0-
#1704350000
1(
0'
#1704432200
1"
#1704494700
1#
#1704682199
0"
#1704932198
1"
#1704994698
0#
#1705000000
1!
#1705182197
0"
#1705200000
1-
#1705432200
1"
#1705494700
1#
#1705682199
0"
#1705767300
00
#1705824100
0.
#1705932198
1"
#1705994698
0#
#1706000000
0!
#1706182197
0"
#1706432200
1"
#1706494700
1#
#1706682199
0"
#1706932198
1"
#1706994698
0#
#1707000000
1!
#1707182197
0"
#1707200000
0(
#1707432200
1"
#1707494700
1#
#1707517898
10
#1707574498
1.
#1707682199
0"
#1707932198
1"
#1707994698
0#
#1708000000
0!
#1708182197
0"
#1708230000
0-
#1708350000
1(
0/
#1708432200
1"
#1708494700
1#
#1708682199
0"
#1708932198
1"
#1708994698
0#
#1709000000
1!
#1709182197
0"
#1709200000
1-
#1709432200
1"
#1709494700
1#
#1709682199
0"
#1709767300
00
#1709824100
0.
#1709932198
1"
#1709994698
0#
#1710000000
0!
#1710182197
0"
#1710432200
1"
#1710494700
1#
#1710682199
0"
#1710932198
1"
#1710994698
0#
#1711000000
1!
#1711017900
10
#1711182197
0"
#1711200000
0(
1/
#1711432200
1"
#1711494700
1#
#1711574498
1.
#1711682199
0"
#1711932198
1"
#1711994698
0#
#1712000000
0!
#1712182197
0"
#1712230000
0-
#1712350000
1(
#1712432200
1"
#1712494700
1#
#1712682199
0"
#1712932198
1"
#1712994698
0#
#1713000000
1!
#1713182197
0"
#1713200000
1-
#1713432200
1"
#1713494700
1#
#1713682199
0"
#1713767300
00
#1713824100
0.
#1713932198
1"
#1713994698
0#
#1714000000
0!
#1714182197
0"
#1714432200
1"
#1714494700
1#
#1714682199
0"
#1714932198
1"
#1714994698
0#
#1715000000
1!
#1715182197
0"
#1715200000
0(
#1715432200
1"
#1715494700
1#
#1715517898
10
#1715574498
1.
#1715682199
0"
#1715932198
1"
#1715994698
0#
#1716000000
0!
#1716182197
0"
#1716230000
0-
#1716350000
1(
0/
#1716432200
1"
#1716494700
1#
#1716682199
0"
#1716932198
1"
#1716994698
0#
#1717000000
1!
#1717182197
0"
#1717200000
1-
#1717432200
1"
#1717494700
1#
#1717682199
0"
#1717767300
00
#1717824100
0.
#1717932198
1"
#1717994698
0#
#1718000000
0!
#1718182197
0"
#1718432200
1"
#1718494700
1#
#1718682199
0"
#1718932198
1"
#1718994698
0#
#1719000000
1!
#1719017900
10
#1719182197
0"
#1719200000
0(
1/
#1719432200
1"
#1719494700
1#
#1719574498
1.
#1719682199
0"
#1719932198
1"
#1719994698
0#
#1720000000
0!
#1720182197
0"
#1720230000
0-
#1720350000
1(
#1720432200
1"
#1720494700
1#
#1720682199
0"
#1720932198
1"
#1720994698
0#
#1721000000
1!
#1721182197
0"
#1721200000
1-
#1721432200
1"
#1721494700
1#
#1721682199
0"
#1721767300
00
#1721824100
0.
#1721932198
1"
#1721994698
0#
#1722000000
0!
#1722182197
0"
#1722432200
1"
#1722494700
1#
#1722682199
0"
#1722932198
1"
#1722994698
0#
#1723000000
1!
#1723182197
0"
#1723200000
0(
#1723432200
1"
#1723494700
1#
#1723517898
10
#1723574498
1.
#1723682199
0"
#1723932198
1"
#1723994698
0#
#1724000000
0!
#1724182197
0"
#1724230000
0-
#1724350000
1(
0/
#1724432200
1"
#1724494700
1#
#1724682199
0"
#1724932198
1"
#1724994698
0#
#1725000000
1!
#1725182197
0"
#1725200000
1-
#1725432200
1"
#1725494700
1#
#1725682199
0"
#1725767300
00
#1725824100
0.
#1725932198
1"
#1725994698
0#
#1726000000
0!
#1726182197
0"
#1726432200
1"
#1726494700
1#
#1726682199
0"
#1726932198
1"
#1726994698
0#
#1727000000
1!
#1727017900
10
#1727182197
0"
#1727200000
0(
1/
#1727432200
1"
#1727494700
1#
#1727574498
1.
#1727682199
0"
#1727932198
1"
#1727994698
0#
#1728000000
0!
#1728182197
0"
#1728230000
0-
#1728350000
1(
#1728432200
1"
#1728494700
1#
#1728682199
0"
#1728932198
1"
#1728994698
0#
#1729000000
1!
#1729182197
0"
#1729200000
1-
#1729432200
1"
#1729494700
1#
#1729682199
0"
#1729767300
00
#1729824100
0.
#1729932198
1"
#1729994698
0#
#1730000000
0!
#1730182197
0"
#1730432200
1"
#1730494700
1#
#1730682199
0"
#1730932198
1"
#1730994698
0#
#1731000000
1!
#1731182197
0"
#1731200000
0(
#1731432200
1"
#1731494700
1#
#1731517898
10
#1731574498
1.
#1731682199
0"
#1731932198
1"
#1731994698
0#
#1732000000
0!
#1732182197
0"
#1732230000
0-
#1732350000
1(
0/
#1732432200
1"
#1732494700
1#
#1732682199
0"
#1732932198
1"
#1732994698
0#
#1733000000
1!
#1733182197
0"
#1733200000
1-
#1733432200
1"
#1733494700
1#
#1733682199
0"
#1733767300
00
#1733824100
0.
#1733932198
1"
#1733994698
0#
#1734000000
0!
#1734182197
0"
#1734432200
1"
#1734494700
1#
#1734682199
0"
#1734932198
1"
#1734994698
0#
#1735000000
1!
#1735017900
10
#1735182197
0"
#1735200000
0(
1/
#1735432200
1"
#1735494700
1#
#1735574498
1.
#1735682199
0"
#1735932198
1"
#1735994698
0#
#1736000000
0!
#1736182197
0"
#1736430000
0-
#1736432200
1"
#1736494700
1#
#1736550000
1'
#1736682199
0"
#1736932198
1"
#1736994698
0#
#1737000000
1!
#1737182197
0"
#1737400000
1-
#1737432200
1"
#1737494700
1#
#1737682199
0"
#1737892300
01
#1737932198
1"
#1737994698
0#
#1738000000
0!
#1738182197
0"
#1738432200
1"
#1738494700
1#
#1738682199
0"
#1738932198
1"
#1738994698
0#
#1739000000
1!
#1739182197
0"
#1739432200
1"
#1739494700
1#
#1739682199
0"
#1739932198
1"
#1739994698
0#
#1740000000
0!
#1740182197
0"
#1740432200
1"
#1740494700
1#
#1740682199
0"
#1740932198
1"
#1740994698
0#
#1741000000
1!
#1741182197
0"
#1741432200
1"
#1741494700
1#
#1741682199
0"
#1741932198
1"
#1741994698
0#
#1742000000
0!
#1742182197
0"
#1742432200
1"
#1742494700
1#
#1742682199
0"
#1742932198
1"
#1742994698
0#
#1743000000
1!
#1743182197
0"
#1743331900
0.
#1743432200
1"
#1743494700
1#
#1743682199
0"
#1743932198
1"
#1743994698
0#
#1744000000
0!
#1744182197
0"
#1744432200
1"
#1744494700
1#
#1744682199
0"
#1744932198
1"
#1744994698
0#
#1745000000
1!
#1745182197
0"
#1745331900
1.
#1745347400
11
#1745432200
1"
#1745494700
1#
#1745682199
0"
#1745932198
1"
#1745994698
0#
#1746000000
0!
#1746182197
0"
#1746230000
0-
#1746350000
1(
0'
#1746432200
1"
#1746494700
1#
#1746682199
0"
#1746932198
1"
#1746994698
0#
#1747000000
1!
#1747182197
0"
#1747200000
1-
#1747432200
1"
#1747494700
1#
#1747682199
0"
#1747767300
00
#1747824100
0.
#1747932198
1"
#1747994698
0#
#1748000000
0!
#1748182197
0"
#1748432200
1"
#1748494700
1#
#1748682199
0"
#1748932198
1"
#1748994698
0#
#1749000000
1!
#1749182197
0"
#1749200000
0(
#1749432200
1"
#1749494700
1#
#1749517898
10
#1749574498
1.
#1749682199
0"
#1749932198
1"
#1749994698
0#
#1750000000
0!
#1750182197
0"
#1750230000
0-
#1750350000
1(
0/
#1750432200
1"
#1750494700
1#
#1750682199
0"
#1750932198
1"
#1750994698
0#
#1751000000
1!
#1751182197
0"
#1751200000
1-
#1751432200
1"
#1751494700
1#
#1751682199
0"
#1751767300
00
#1751824100
0.
#1751932198
1"
#1751994698
0#
#1752000000
0!
#1752182197
0"
#1752432200
1"
#1752494700
1#
#1752682199
0"
#1752932198
1"
#1752994698
0#
#1753000000
1!
#1753017900
10
#1753182197
0"
#1753200000
0(
1/
#1753432200
1"
#1753494700
1#
#1753574498
1.
#1753682199
0"
#1753932198
1"
#1753994698
0#
#1754000000
0!
#1754182197
0"
#1754230000
0-
#1754350000
1(
#1754432200
1"
#1754494700
1#
#1754682199
0"
#1754932198
1"
#1754994698
0#
#1755000000
1!
#1755182197
0"
#1755200000
1-
#1755432200
1"
#1755494700
1#
#1755682199
0"
#1755767300
00
#1755824100
0.
#1755932198
1"
#1755994698
0#
#1756000000
0!
#1756182197
0"
#1756432200
1"
#1756494700
1#
#1756682199
0"
#1756932198
1"
#1756994698
0#
#1757000000
1!
#1757182197
0"
#1757200000
0(
#1757432200
1"
#1757494700
1#
#1757517898
10
#1757574498
1.
#1757682199
0"
#1757932198
1"
#1757994698
0#
#1758000000
0!
#1758182197
0"
#1758230000
0-
#1758350000
1(
0/
#1758432200
1"
#1758494700
1#
#1758682199
0"
#1758932198
1"
#1758994698
0#
#1759000000
1!
#1759182197
0"
#1759200000
1-
#1759432200
1"
#1759494700
1#
#1759682199
0"
#1759767300
00
#1759824100
0.
#1759932198
1"
#1759994698
0#
#1760000000
0!
#1760182197
0"
#1760432200
1"
#1760494700
1#
#1760682199
0"
#1760932198
1"
#1760994698
0#
#1761000000
1!
#1761017900
10
#1761182197
0"
#1761200000
0(
1/
#1761432200
1"
#1761494700
1#
#1761574498
1.
#1761682199
0"
#1761932198
1"
#1761994698
0#
#1762000000
0!
#1762182197
0"
#1762230000
0-
#1762350000
1(
#1762432200
1"
#1762494700
1#
#1762682199
0"
#1762932198
1"
#1762994698
0#
#1763000000
1!
#1763182197
0"
#1763200000
1-
#1763432200
1"
#1763494700
1#
#1763682199
0"
#1763767300
00
#1763824100
0.
#1763932198
1"
#1763994698
0#
#1764000000
0!
#1764182197
0"
#1764432200
1"
#1764494700
1#
#1764682199
0"
#1764932198
1"
#1764994698
0#
#1765000000
1!
#1765182197
0"
#1765200000
0(
#1765432200
1"
#1765494700
1#
#1765517898
10
#1765574498
1.
#1765682199
0"
#1765932198
1"
#1765994698
0#
#1766000000
0!
#1766182197
0"
#1766230000
0-
#1766350000
1(
0/
#1766432200
1"
#1766494700
1#
#1766682199
0"
#1766932198
1"
#1766994698
0#
#1767000000
1!
#1767182197
0"
#1767200000
1-
#1767432200
1"
#1767494700
1#
#1767682199
0"
#1767767300
00
#1767824100
0.
#1767932198
1"
#1767994698
0#
#1768000000
0!
#1768182197
0"
#1768432200
1"
#1768494700
1#
#1768682199
0"
#1768932198
1"
#1768994698
0#
#1769000000
1!
#1769017900
10
#1769182197
0"
#1769200000
0(
1/
#1769432200
1"
#1769494700
1#
#1769574498
1.
#1769682199
0"
#1769932198
1"
#1769994698
0#
#1770000000
0!
#1770182197
0"
#1770230000
0-
#1770350000
1(
#1770432200
1"
#1770494700
1#
#1770682199
0"
#1770932198
1"
#1770994698
0#
#1771000000
1!
#1771182197
0"
#1771200000
1-
#1771432200
1"
#1771494700
1#
#1771682199
0"
#1771767300
00
#1771824100
0.
#1771932198
1"
#1771994698
0#
#1772000000
0!
#1772182197
0"
#1772432200
1"
#1772494700
1#
#1772682199
0"
#1772932198
1"
#1772994698
0#
#1773000000
1!
#1773182197
0"
#1773200000
0(
#1773432200
1"
#1773494700
1#
#1773517898
10
#1773574498
1.
#1773682199
0"
#1773932198
1"
#1773994698
0#
#1774000000
0!
#1774182197
0"
#1774230000
0-
#1774350000
1(
0/
#1774432200
1"
#1774494700
1#
#1774682199
0"
#1774932198
1"
#1774994698
0#
#1775000000
1!
#1775182197
0"
#1775200000
1-
#1775432200
1"
#1775494700
1#
#1775682199
0"
#1775767300
00
#1775824100
0.
#1775932198
1"
#1775994698
0#
#1776000000
0!
#1776182197
0"
#1776432200
1"
#1776494700
1#
#1776682199
0"
#1776932198
1"
#1776994698
0#
#1777000000
1!
#1777017900
10
#1777182197
0"
#1777200000
0(
1/
#1777432200
1"
#1777494700
1#
#1777574498
1.
#1777682199
0"
#1777932198
1"
#1777994698
0#
#1778000000
0!
#1778182197
0"
#1778430000
0-
#1778432200
1"
#1778494700
1#
#1778550000
1'
#1778682199
0"
#1778932198
1"
#1778994698
0#
#1779000000
1!
#1779182197
0"
#1779400000
1-
#1779432200
1"
#1779494700
1#
#1779682199
0"
#1779892300
01
#1779932198
1"
#1779994698
0#
#1780000000
0!
#1780182197
0"
#1780432200
1"
#1780494700
1#
#1780682199
0"
#1780932198
1"
#1780994698
0#
#1781000000
1!
#1781182197
0"
#1781432200
1"
#1781494700
1#
#1781682199
0"
#1781932198
1"
#1781994698
0#
#1782000000
0!
#1782182197
0"
#1782432200
1"
#1782494700
1#
#1782682199
0"
#1782932198
1"
#1782994698
0#
#1783000000
1!
#1783182197
0"
#1783432200
1"
#1783494700
1#
#1783682199
0"
#1783932198
1"
#1783994698
0#
#1784000000
0!
#1784182197
0"
#1784432200
1"
#1784494700
1#
#1784682199
0"
#1784932198
1"
#1784994698
0#
#1785000000
1!
#1785182197
0"
#1785331900
0.
#1785432200
1"
#1785494700
1#
#1785682199
0"
#1785932198
1"
#1785994698
0#
#1786000000
0!
#1786182197
0"
#1786432200
1"
#1786494700
1#
#1786682199
0"
#1786932198
1"
#1786994698
0#
#1787000000
1!
#1787182197
0"
#1787331900
1.
#1787347400
11
#1787432200
1"
#1787494700
1#
#1787682199
0"
#1787932198
1"
#1787994698
0#
#1788000000
0!
#1788182197
0"
#1788230000
0-
#1788350000
1(
0'
#1788432200
1"
#1788494700
1#
#1788682199
0"
#1788932198
1"
#1788994698
0#
#1789000000
1!
#1789182197
0"
#1789200000
1-
#1789432200
1"
#1789494700
1#
#1789682199
0"
#1789767300
00
#1789824100
0.
#1789932198
1"
#1789994698
0#
#1790000000
0!
#1790182197
0"
#1790432200
1"
#1790494700
1#
#1790682199
0"
#1790932198
1"
#1790994698
0#
#1791000000
1!
#1791182197
0"
#1791200000
0(
#1791432200
1"
#1791494700
1#
#1791517898
10
#1791574498
1.
#1791682199
0"
#1791932198
1"
#1791994698
0#
#1792000000
0!
#1792182197
0"
#1792230000
0-
#1792350000
1(
0/
#1792432200
1"
#1792494700
1#
#1792682199
0"
#1792932198
1"
#1792994698
0#
#1793000000
1!
#1793182197
0"
#1793200000
1-
#1793432200
1"
#1793494700
1#
#1793682199
0"
#1793767300
00
#1793824100
0.
#1793932198
1"
#1793994698
0#
#1794000000
0!
#1794182197
0"
#1794432200
1"
#1794494700
1#
#1794682199
0"
#1794932198
1"
#1794994698
0#
#1795000000
1!
#1795017900
10
#1795182197
0"
#1795200000
0(
1/
#1795432200
1"
#1795494700
1#
#1795574498
1.
#1795682199
0"
#1795932198
1"
#1795994698
0#
#1796000000
0!
#1796182197
0"
#1796230000
0-
#1796350000
1(
#1796432200
1"
#1796494700
1#
#1796682199
0"
#1796932198
1"
#1796994698
0#
#1797000000
1!
#1797182197
0"
#1797200000
1-
#1797432200
1"
#1797494700
1#
#1797682199
0"
#1797767300
00
#1797824100
0.
#1797932198
1"
#1797994698
0#
#1798000000
0!
#1798182197
0"
#1798432200
1"
#1798494700
1#
#1798682199
0"
#1798932198
1"
#1798994698
0#
#1799000000
1!
#1799182197
0"
#1799200000
0(
#1799432200
1"
#1799494700
1#
#1799517898
10
#1799574498
1.
#1799682199
0"
#1799932198
1"
#1799994698
0#
#1800000000
0!
#1800182197
0"
#1800230000
0-
#1800350000
1(
0/
#1800432200
1"
#1800494700
1#
#1800682199
0"
#1800932198
1"
#1800994698
0#
#1801000000
1!
#1801182197
0"
#1801200000
1-
#1801432200
1"
#1801494700
1#
#1801682199
0"
#1801767300
00
#1801824100
0.
#1801932198
1"
#1801994698
0#
#1802000000
0!
#1802182197
0"
#1802432200
1"
#1802494700
1#
#1802682199
0"
#1802932198
1"
#1802994698
0#
#1803000000
1!
#1803017900
10
#1803182197
0"
#1803200000
0(
1/
#1803432200
1"
#1803494700
1#
#1803574498
1.
#1803682199
0"
#1803932198
1"
#1803994698
0#
#1804000000
0!
#1804182197
0"
#1804230000
0-
#1804350000
1(
#1804432200
1"
#1804494700
1#
#1804682199
0"
#1804932198
1"
#1804994698
0#
#1805000000
1!
#1805182197
0"
#1805200000
1-
#1805432200
1"
#1805494700
1#
#1805682199
0"
#1805767300
00
#1805824100
0.
#1805932198
1"
#1805994698
0#
#1806000000
0!
#1806182197
0"
#1806432200
1"
#1806494700
1#
#1806682199
0"
#1806932198
1"
#1806994698
0#
#1807000000
1!
#1807182197
0"
#1807200000
0(
#1807432200
1"
#1807494700
1#
#1807517898
10
#1807574498
1.
#1807682199
0"
#1807932198
1"
#1807994698
0#
#1808000000
0!
#1808182197
0"
#1808230000
0-
#1808350000
1(
0/
#1808432200
1"
#1808494700
1#
#1808682199
0"
#1808932198
1"
#1808994698
0#
#1809000000
1!
#1809182197
0"
#1809200000
1-
#1809432200
1"
#1809494700
1#
#1809682199
0"
#1809767300
00
#1809824100
0.
#1809932198
1"
#1809994698
0#
#1810000000
0!
#1810182197
0"
#1810432200
1"
#1810494700
1#
#1810682199
0"
#1810932198
1"
#1810994698
0#
#1811000000
1!
#1811017900
10
#1811182197
0"
#1811200000
0(
1/
#1811432200
1"
#1811494700
1#
#1811574498
1.
#1811682199
0"
#1811932198
1"
#1811994698
0#
#1812000000
0!
#1812182197
0"
#1812230000
0-
#1812350000
1(
#1812432200
1"
#1812494700
1#
#1812682199
0"
#1812932198
1"
#1812994698
0#
#1813000000
1!
#1813182197
0"
#1813200000
1-
#1813432200
1"
#1813494700
1#
#1813682199
0"
#1813767300
00
#1813824100
0.
#1813932198
1"
#1813994698
0#
#1814000000
0!
#1814182197
0"
#1814432200
1"
#1814494700
1#
#1814682199
0"
#1814932198
1"
#1814994698
0#
#1815000000
1!
#1815182197
0"
#1815200000
0(
#1815432200
1"
#1815494700
1#
#1815517898
10
#1815574498
1.
#1815682199
0"
#1815932198
1"
#1815994698
0#
#1816000000
0!
#1816182197
0"
#1816230000
0-
#1816350000
1(
0/
#1816432200
1"
#1816494700
1#
#1816682199
0"
#1816932198
1"
#1816994698
0#
#1817000000
1!
#1817182197
0"
#1817200000
1-
#1817432200
1"
#1817494700
1#
#1817682199
0"
#1817767300
00
#1817824100
0.
#1817932198
1"
#1817994698
0#
#1818000000
0!
#1818182197
0"
#1818432200
1"
#1818494700
1#
#1818682199
0"
#1818932198
1"
#1818994698
0#
#1819000000
1!
#1819017900
10
#1819182197
0"
#1819200000
0(
1/
#1819432200
1"
#1819494700
1#
#1819574498
1.
#1819682199
0"
#1819932198
1"
#1819994698
0#
#1820000000
0!
#1820182197
0"
#1820430000
0-
#1820432200
1"
#1820494700
1#
#1820550000
1'
#1820682199
0"
#1820932198
1"
#1820994698
0#
#1821000000
1!
#1821182197
0"
#1821400000
1-
#1821432200
1"
#1821494700
1#
#1821682199
0"
#1821892300
01
#1821932198
1"
#1821994698
0#
#1822000000
0!
#1822182197
0"
#1822432200
1"
#1822494700
1#
#1822682199
0"
#1822932198
1"
#1822994698
0#
#1823000000
1!
#1823182197
0"
#1823432200
1"
#1823494700
1#
#1823682199
0"
#1823932198
1"
#1823994698
0#
#1824000000
0!
#1824182197
0"
#1824432200
1"
#1824494700
1#
#1824682199
0"
#1824932198
1"
#1824994698
0#
#1825000000
1!
#1825182197
0"
#1825432200
1"
#1825494700
1#
#1825682199
0"
#1825932198
1"
#1825994698
0#
#1826000000
0!
#1826182197
0"
#1826432200
1"
#1826494700
1#
#1826682199
0"
#1826932198
1"
#1826994698
0#
#1827000000
1!
#1827182197
0"
#1827331900
0.
#1827432200
1"
#1827494700
1#
#1827682199
0"
#1827932198
1"
#1827994698
0#
#1828000000
0!
#1828182197
0"
#1828432200
1"
#1828494700
1#
#1828682199
0"
#1828932198
1"
#1828994698
0#
#1829000000
1!
#1829182197
0"
#1829331900
1.
#1829347400
11
#1829432200
1"
#1829494700
1#
#1829682199
0"
#1829932198
1"
#1829994698
0#
#1830000000
0!
#1830182197
0"
#1830230000
0-
#1830350000
1(
0'
#1830432200
1"
#1830494700
1#
#1830682199
0"
#1830932198
1"
#1830994698
0#
#1831000000
1!
#1831182197
0"
#1831200000
1-
#1831432200
1"
#1831494700
1#
#1831682199
0"
#1831767300
00
#1831824100
0.
#1831932198
1"
#1831994698
0#
#1832000000
0!
#1832182197
0"
#1832432200
1"
#1832494700
1#
#1832682199
0"
#1832932198
1"
#1832994698
0#
#1833000000
1!
#1833182197
0"
#1833200000
0(
#1833432200
1"
#1833494700
1#
#1833517898
10
#1833574498
1.
#1833682199
0"
#1833932198
1"
#1833994698
0#
#1834000000
0!
#1834182197
0"
#1834230000
0-
#1834350000
1(
0/
#1834432200
1"
#1834494700
1#
#1834682199
0"
#1834932198
1"
#1834994698
0#
#1835000000
1!
#1835182197
0"
#1835200000
1-
#1835432200
1"
#1835494700
1#
#1835682199
0"
#1835767300
00
#1835824100
0.
#1835932198
1"
#1835994698
0#
#1836000000
0!
#1836182197
0"
#1836432200
1"
#1836494700
1#
#1836682199
0"
#1836932198
1"
#1836994698
0#
#1837000000
1!
#1837017900
10
#1837182197
0"
#1837200000
0(
1/
#1837432200
1"
#1837494700
1#
#1837574498
1.
#1837682199
0"
#1837932198
1"
#1837994698
0#
#1838000000
0!
#1838182197
0"
#1838230000
0-
#1838350000
1(
#1838432200
1"
#1838494700
1#
#1838682199
0"
#1838932198
1"
#1838994698
0#
#1839000000
1!
#1839182197
0"
#1839200000
1-
#1839432200
1"
#1839494700
1#
#1839682199
0"
#1839767300
00
#1839824100
0.
#1839932198
1"
#1839994698
0#
#1840000000
0!
#1840182197
0"
#1840432200
1"
#1840494700
1#
#1840682199
0"
#1840932198
1"
#1840994698
0#
#1841000000
1!
#1841182197
0"
#1841200000
0(
#1841432200
1"
#1841494700
1#
#1841517898
10
#1841574498
1.
#1841682199
0"
#1841932198
1"
#1841994698
0#
#1842000000
0!
#1842182197
0"
#1842230000
0-
#1842350000
1(
0/
#1842432200
1"
#1842494700
1#
#1842682199
0"
#1842932198
1"
#1842994698
0#
#1843000000
1!
#1843182197
0"
#1843200000
1-
#1843432200
1"
#1843494700
1#
#1843682199
0"
#1843767300
00
#1843824100
0.
#1843932198
1"
#1843994698
0#
#1844000000
0!
#1844182197
0"
#1844432200
1"
#1844494700
1#
#1844682199
0"
#1844932198
1"
#1844994698
0#
#1845000000
1!
#1845017900
10
#1845182197
0"
#1845200000
0(
1/
#1845432200
1"
#1845494700
1#
#1845574498
1.
#1845682199
0"
#1845932198
1"
#1845994698
0#
#1846000000
0!
#1846182197
0"
#1846230000
0-
#1846350000
1(
#1846432200
1"
#1846494700
1#
#1846682199
0"
#1846932198
1"
#1846994698
0#
#1847000000
1!
#1847182197
0"
#1847200000
1-
#1847432200
1"
#1847494700
1#
#1847682199
0"
#1847767300
00
#1847824100
0.
#1847932198
1"
#1847994698
0#
#1848000000
0!
#1848182197
0"
#1848432200
1"
#1848494700
1#
#1848682199
0"
#1848932198
1"
#1848994698
0#
#1849000000
1!
#1849182197
0"
#1849200000
0(
#1849432200
1"
#1849494700
1#
#1849517898
10
#1849574498
1.
#1849682199
0"
#1849932198
1"
#1849994698
0#
#1850000000
0!
#1850182197
0"
#1850230000
0-
#1850350000
1(
0/
#1850432200
1"
#1850494700
1#
#1850682199
0"
#1850932198
1"
#1850994698
0#
#1851000000
1!
#1851182197
0"
#1851200000
1-
#1851432200
1"
#1851494700
1#
#1851682199
0"
#1851767300
00
#1851824100
0.
#1851932198
1"
#1851994698
0#
#1852000000
0!
#1852182197
0"
#1852432200
1"
#1852494700
1#
#1852682199
0"
#1852932198
1"
#1852994698
0#
#1853000000
1!
#1853017900
10
#1853182197
0"
#1853200000
0(
1/
#1853432200
1"
#1853494700
1#
#1853574498
1.
#1853682199
0"
#1853932198
1"
#1853994698
0#
#1854000000
0!
#1854182197
0"
#1854230000
0-
#1854350000
1(
#1854432200
1"
#1854494700
1#
#1854682199
0"
#1854932198
1"
#1854994698
0#
#1855000000
1!
#1855182197
0"
#1855200000
1-
#1855432200
1"
#1855494700
1#
#1855682199
0"
#1855767300
00
#1855824100
0.
#1855932198
1"
#1855994698
0#
#1856000000
0!
#1856182197
0"
#1856432200
1"
#1856494700
1#
#1856682199
0"
#1856932198
1"
#1856994698
0#
#1857000000
1!
#1857182197
0"
#1857200000
0(
#1857432200
1"
#1857494700
1#
#1857517898
10
#1857574498
1.
#1857682199
0"
#1857932198
1"
#1857994698
0#
#1858000000
0!
#1858182197
0"
#1858230000
0-
#1858350000
1(
0/
#1858432200
1"
#1858494700
1#
#1858682199
0"
#1858932198
1"
#1858994698
0#
#1859000000
1!
#1859182197
0"
#1859200000
1-
#1859432200
1"
#1859494700
1#
#1859682199
0"
#1859767300
00
#1859824100
0.
#1859932198
1"
#1859994698
0#
#1860000000
0!
#1860182197
0"
#1860432200
1"
#1860494700
1#
#1860682199
0"
#1860932198
1"
#1860994698
0#
#1861000000
1!
#1861017900
10
#1861182197
0"
#1861200000
0(
1/
#1861432200
1"
#1861494700
1#
#1861574498
1.
#1861682199
0"
#1861932198
1"
#1861994698
0#
#1862000000
0!
#1862182197
0"
#1862430000
0-
#1862432200
1"
#1862494700
1#
#1862550000
1'
#1862682199
0"
#1862932198
1"
#1862994698
0#
#1863000000
1!
#1863182197
0"
#1863400000
1-
#1863432200
1"
#1863494700
1#
#1863682199
0"
#1863892300
01
#1863932198
1"
#1863994698
0#
#1864000000
0!
#1864182197
0"
#1864432200
1"
#1864494700
1#
#1864682199
0"
#1864932198
1"
#1864994698
0#
#1865000000
1!
#1865182197
0"
#1865432200
1"
#1865494700
1#
#1865682199
0"
#1865932198
1"
#1865994698
0#
#1866000000
0!
#1866182197
0"
#1866432200
1"
#1866494700
1#
#1866682199
0"
#1866932198
1"
#1866994698
0#
#1867000000
1!
#1867182197
0"
#1867432200
1"
#1867494700
1#
#1867682199
0"
#1867932198
1"
#1867994698
0#
#1868000000
0!
#1868182197
0"
#1868432200
1"
#1868494700
1#
#1868682199
0"
#1868932198
1"
#1868994698
0#
#1869000000
1!
#1869182197
0"
#1869331900
0.
#1869432200
1"
#1869494700
1#
#1869682199
0"
#1869932198
1"
#1869994698
0#
#1870000000
0!
#1870182197
0"
#1870432200
1"
#1870494700
1#
#1870682199
0"
#1870932198
1"
#1870994698
0#
#1871000000
1!
#1871182197
0"
#1871331900
1.
#1871347400
11
#1871432200
1"
#1871494700
1#
#1871682199
0"
#1871932198
1"
#1871994698
0#
#1872000000
0!
#1872182197
0"
#1872230000
0-
#1872350000
1(
0'
#1872432200
1"
#1872494700
1#
#1872682199
0"
#1872932198
1"
#1872994698
0#
#1873000000
1!
#1873182197
0"
#1873200000
1-
#1873432200
1"
#1873494700
1#
#1873682199
0"
#1873767300
00
#1873824100
0.
#1873932198
1"
#1873994698
0#
#1874000000
0!
#1874182197
0"
#1874432200
1"
#1874494700
1#
#1874682199
0"
#1874932198
1"
#1874994698
0#
#1875000000
1!
#1875182197
0"
#1875200000
0(
#1875432200
1"
#1875494700
1#
#1875517898
10
#1875574498
1.
#1875682199
0"
#1875932198
1"
#1875994698
0#
#1876000000
0!
#1876182197
0"
#1876230000
0-
#1876350000
1(
0/
#1876432200
1"
#1876494700
1#
#1876682199
0"
#1876932198
1"
#1876994698
0#
#1877000000
1!
#1877182197
0"
#1877200000
1-
#1877432200
1"
#1877494700
1#
#1877682199
0"
#1877767300
00
#1877824100
0.
#1877932198
1"
#1877994698
0#
#1878000000
0!
#1878182197
0"
#1878432200
1"
#1878494700
1#
#1878682199
0"
#1878932198
1"
#1878994698
0#
#1879000000
1!
#1879017900
10
#1879182197
0"
#1879200000
0(
1/
#1879432200
1"
#1879494700
1#
#1879574498
1.
#1879682199
0"
#1879932198
1"
#1879994698
0#
#1880000000
0!
#1880182197
0"
#1880230000
0-
#1880350000
1(
#1880432200
1"
#1880494700
1#
#1880682199
0"
#1880932198
1"
#1880994698
0#
#1881000000
1!
#1881182197
0"
#1881200000
1-
#1881432200
1"
#1881494700
1#
#1881682199
0"
#1881767300
00
#1881824100
0.
#1881932198
1"
#1881994698
0#
#1882000000
0!
#1882182197
0"
#1882432200
1"
#1882494700
1#
#1882682199
0"
#1882932198
1"
#1882994698
0#
#1883000000
1!
#1883182197
0"
#1883200000
0(
#1883432200
1"
#1883494700
1#
#1883517898
10
#1883574498
1.
#1883682199
0"
#1883932198
1"
#1883994698
0#
#1884000000
0!
#1884182197
0"
#1884230000
0-
#1884350000
1(
0/
#1884432200
1"
#1884494700
1#
#1884682199
0"
#1884932198
1"
#1884994698
0#
#1885000000
1!
#1885182197
0"
#1885200000
1-
#1885432200
1"
#1885494700
1#
#1885682199
0"
#1885767300
00
#1885824100
0.
#1885932198
1"
#1885994698
0#
#1886000000
0!
#1886182197
0"
#1886432200
1"
#1886494700
1#
#1886682199
0"
#1886932198
1"
#1886994698
0#
#1887000000
1!
#1887017900
10
#1887182197
0"
#1887200000
0(
1/
#1887432200
1"
#1887494700
1#
#1887574498
1.
#1887682199
0"
#1887932198
1"
#1887994698
0#
#1888000000
0!
#1888182197
0"
#1888230000
0-
#1888350000
1(
#1888432200
1"
#1888494700
1#
#1888682199
0"
#1888932198
1"
#1888994698
0#
#1889000000
1!
#1889182197
0"
#1889200000
1-
#1889432200
1"
#1889494700
1#
#1889682199
0"
#1889767300
00
#1889824100
0.
#1889932198
1"
#1889994698
0#
#1890000000
0!
#1890182197
0"
#1890432200
1"
#1890494700
1#
#1890682199
0"
#1890932198
1"
#1890994698
0#
#1891000000
1!
#1891182197
0"
#1891200000
0(
#1891432200
1"
#1891494700
1#
#1891517898
10
#1891574498
1.
#1891682199
0"
#1891932198
1"
#1891994698
0#
#1892000000
0!
#1892182197
0"
#1892230000
0-
#1892350000
1(
0/
#1892432200
1"
#1892494700
1#
#1892682199
0"
#1892932198
1"
#1892994698
0#
#1893000000
1!
#1893182197
0"
#1893200000
1-
#1893432200
1"
#1893494700
1#
#1893682199
0"
#1893767300
00
#1893824100
0.
#1893932198
1"
#1893994698
0#
#1894000000
0!
#1894182197
0"
#1894432200
1"
#1894494700
1#
#1894682199
0"
#1894932198
1"
#1894994698
0#
#1895000000
1!
#1895017900
10
#1895182197
0"
#1895200000
0(
1/
#1895432200
1"
#1895494700
1#
#1895574498
1.
#1895682199
0"
#1895932198
1"
#1895994698
0#
#1896000000
0!
#1896182197
0"
#1896230000
0-
#1896350000
1(
#1896432200
1"
#1896494700
1#
#1896682199
0"
#1896932198
1"
#1896994698
0#
#1897000000
1!
#1897182197
0"
#1897200000
1-
#1897432200
1"
#1897494700
1#
#1897682199
0"
#1897767300
00
#1897824100
0.
#1897932198
1"
#1897994698
0#
#1898000000
0!
#1898182197
0"
#1898432200
1"
#1898494700
1#
#1898682199
0"
#1898932198
1"
#1898994698
0#
#1899000000
1!
#1899182197
0"
#1899200000
0(
#1899432200
1"
#1899494700
1#
#1899517898
10
#1899574498
1.
#1899682199
0"
#1899932198
1"
#1899994698
0#
#1900000000
0!
#1900182197
0"
#1900230000
0-
#1900350000
1(
0/
#1900432200
1"
#1900494700
1#
#1900682199
0"
#1900932198
1"
#1900994698
0#
#1901000000
1!
#1901182197
0"
#1901200000
1-
#1901432200
1"
#1901494700
1#
#1901682199
0"
#1901767300
00
#1901824100
0.
#1901932198
1"
#1901994698
0#
#1902000000
0!
#1902182197
0"
#1902432200
1"
#1902494700
1#
#1902682199
0"
#1902932198
1"
#1902994698
0#
#1903000000
1!
#1903017900
10
#1903182197
0"
